Workbook

Sheet 🌱 Configuração
B2: 🌿 PLANILHA MESTRA DE CULTIVO — Cannabis Medicinal Indoor v3
B3: Configure abaixo. Toda a planilha se recalcula automaticamente.
B5: ⚙️ CONFIGURAÇÕES GERAIS
B6: 📅 Data Dia 1 (Clone) | F6: 🌱 Semanas de Clone | H6: 2 | J6: ← semanas
B7: 🌿 Strain / Cultivar | D7: Ex: OG Kush | F7: 🌿 Semanas de Vegetativo | H7: 6 | J7: ← semanas
B8: 💡 Ambiente | D8: Indoor LED | F8: 🌸 Semanas de Floração | H8: 9 | J8: ← semanas
B9: 📐 Área (m²) | D9: 1.2 | F9: 🚿 Semanas de Flush | H9: 1 | J9: ← semanas
B10: 🪴 Nº de Plantas | D10: 4
B11: 💊 PROTOCOLO DE NUTRIÇÃO — Escolha sua linha de produtos
B12: 🧪 Linha de Adubação | H12: BioBizz | J12: ← Escolha no dropdown
B13: BioBizz | D13: Orgânico certificado (Holanda). Solo. Produtos: Bio·Grow, Bio·Bloom, Top·Max, Fish·Mix, Root Juice, Alg·A·Mic. pH: 6.2–6.5
B14: Remo Nutrients | D14: Mineral/orgânico (Canadá). Solo, coco, hidro. Produtos: Micro, Grow, Bloom, Magnifical, Astroflower, Kelp, Roots. pH: 5.8–6.3
B15: General Organics | D15: GO Box da GH (EUA). Solo orgânico. Produtos: BioThrive Grow/Bloom, BioRoot, BioBud, BioWeed, CaMg+, BioMarine. pH: auto
B16: SuperSoil | D16: Solo vivo preparado. Coberturas secas: farinha de osso, torta de mamona, guano de morcego, farinha de alga, cinzas. pH: auto
B17: Genérico | D17: Campos em branco para você preencher com seus próprios produtos e doses. Totalmente personalizável.
B19: 📆 CALENDÁRIO DE FASES (automático)
B20: Fase | D20: Semanas | F20: Início | H20: Fim | J20: Total dias
B21: 🌱 CLONE | D21: =H6&" sem" -> 2 sem | F21: =B56 -> 0 | H21: =B56+B55-1 -> 13 | J21: =B55 -> 14
B22: 🌿 VEGETATIVO | D22: =H7&" sem" -> 6 sem | F22: =C56 -> 14 | H22: =C56+C55-1 -> 55 | J22: =C55 -> 42
B23: 🌸 FLORAÇÃO | D23: =H8&" sem" -> 9 sem | F23: =D56 -> 56 | H23: =D56+D55-1 -> 118 | J23: =D55 -> 63
B24: 🚿 FLUSH | D24: =H9&" sem" -> 1 sem | F24: =E56 -> 119 | H24: =E56+E55-1 -> 125 | J24: =E55 -> 7
B25: ✂️ COLHEITA | D25: "—" | F25: =F56 -> 126 | H25: =F56 -> 126 | J25: "1 dia"
B55: =H6*7 -> 14 | C55: =H7*7 -> 42 | D55: =H8*7 -> 63 | E55: =H9*7 -> 7 | F55: =B55+C55+D55+E55 -> 126
B56: =D6 -> 0 | C56: =B56+B55 -> 14 | D56: =C56+C55 -> 56 | E56: =D56+D55 -> 119 | F56: =E56+E55 -> 126

Sheet 📅 Cronograma
B2: 📅 CRONOGRAMA COMPLETO DO CULTIVO — Dinâmico por Semanas
B3: Adubação e MIP mostrados apenas no 1º dia de cada semana. Consulte as abas específicas para detalhes e doses completas.
B5: Dia | C5: Data | D5: Fase | E5: Semana | F5: Ação / Marco | G5: 💊 Adubação | H5: 🐛 MIP — Pragas
B6: =IF(1<='🌱 Configuração'!$F$55,1,"") -> 1 | C6: =IF(1<='🌱 Configuração'!$F$55,'🌱 Configuração'!$B$56+0,"") -> 0 | D6: =IF(1>'🌱 Configuração'!$F$55,"",IF('🌱 Configuração'!$B$56+0<'🌱 Configuração'!$C$56,"🌱 Clone",IF('🌱 Configuração'!$B$56+0<'🌱 Configuração'!$D$56,"🌿 Vegetativo",IF('🌱 Configuração'!$B$56+0<'🌱 Configuração'!$E$56,"🌸 Floração","🚿 Flush")))) -> 🌱 Clone | E6: =IF(1>'🌱 Configuração'!$F$55,"",IF('🌱 Configuração'!$B$56+0<'🌱 Configuração'!$C$56,"Clone S"&INT((1-1)/7)+1,IF('🌱 Configuração'!$B$56+0<'🌱 Configuração'!$D$56,"Vega S"&INT(('🌱 Configuração'!$B$56+0-'🌱 Configuração'!$C$56)/7)+1,IF('🌱 Configuração'!$B$56+0<'🌱 Configuração'!$E$56,"Flora S"&INT(('🌱 Configuração'!$B$56+0-'🌱 Configuração'!$D$56)/7)+1,"Flush S"&INT(('🌱 Configuração'!$B$56+0-'🌱 Configuração'!$E$56)/7)+1)))) -> Clone S1 | F6: =IF(1>'🌱 Configuração'!$F$55,"",IF('🌱 Configuração'!$B$56+0='🌱 Configuração'!$C$56,"🌿 INÍCIO VEGA — luz 18h/dia",IF('🌱 Configuração'!$B$56+0='🌱 Configuração'!$D$56,"🌸 INÍCIO FLORAÇÃO — mudar 12/12 🔴",IF('🌱 Configuração'!$B$56+0='🌱 Configuração'!$E$56,"🚿 INÍCIO FLUSH — parar nutrição",IF('🌱 Configuração'!$B$56+0='🌱 Configuração'!$F$56-1,"🔬 Véspera da colheita — analisar tricomas",IF('🌱 Configuração'!$B$56+0='🌱 Configuração'!$F$56,"✂️ COLHEITA — Parabéns! 🎉","")))))) | G6: Root Juice 0.3 mL/L | H6: =IF(1>'🌱 Configuração'!$F$55,"",IF('🌱 Configuração'!$B$56+0<'🌱 Configuração'!$C$56,IF(1=1,"🌿 Nim (2 mL/L) — foliar leve",IF(1=8,"🍄 Beauveria bassiana — foliar + solo","")),IF('🌱 Configuração'!$B$56+0<'🌱 Configuração'!$D$56,IF(AND('🌱 Configuração'!$B$56+0>='🌱 Configuração'!$C$56,'🌱 Configuração'!$B$56+0<'🌱 Configuração'!$D$56,MOD('🌱 Configuração'!$B$56+0-'🌱 Configuração'!$C$56,7)=0,INT(('🌱 Configuração'!$B$56+0-'🌱 Configuração'!$C$56)/7)+1=1),"🌿 Nim (2 mL/L) — foliar preventivo",IF(AND('🌱 Configuração'!$B$56+0>='🌱 Configuração'!$C$56,'🌱 Configuração'!$B$56+0<'🌱 Configuração'!$D$56,MOD('🌱 Configuração'!$B$56+0-'🌱 Configuração'!$C$56,7)=0,INT(('🌱 Configuração'!$B$56+0-'🌱 Configuração'!$C$56)/7)+1=2),"🍄 Beauveria bassiana — foliar + solo",IF(AND('🌱 Configuração'!$B$56+0>='🌱 Configuração'!$C$56,'🌱 Configuração'!$B$56+0<'🌱 Configuração'!$D$56,MOD('🌱 Configuração'!$B$56+0-'🌱 Configuração'!$C$56,7)=0,INT(('🌱 Configuração'!$B$56+0-'🌱 Configuração'!$C$56)/7)+1=3),"🟡 Calda Sulfocálcica (1%) — foliar",IF(AND('🌱 Configuração'!$B$56+0>='🌱 Configuração'!$C$56,'🌱 Configuração'!$B$56+0<'🌱 Configuração'!$D$56,MOD('🌱 Configuração'!$B$56+0-'🌱 Configuração'!$C$56,7)=0,INT(('🌱 Configuração'!$B$56+0-'🌱 Configuração'!$C$56)/7)+1=4),"🦠 Trichoderma (3 g/L) — solo",IF(AND('🌱 Configuração'!$B$56+0>='🌱 Configuração'!$C$56,'🌱 Configuração'!$B$56+0<'🌱 Configuração'!$D$56,MOD('🌱 Configuração'!$B$56+0-'🌱 Configuração'!$C$56,7)=0,INT(('🌱 Configuração'!$B$56+0-'🌱 Configuração'!$C$56)/7)+1=5),"🔵 Calda Bordalesa (0.5%) — foliar",IF(AND('🌱 Configuração'!$B$56+0>='🌱 Configuração'!$C$56,'🌱 Configuração'!$B$56+0<'🌱 Configuração'!$D$56,MOD('🌱 Configuração'!$B$56+0-'🌱 Configuração'!$C$56,7)=0,INT(('🌱 Configuração'!$B$56+0-'🌱 Configuração'!$C$56)/7)+1=6),"🌿 Nim (2 mL/L) — ⚠️ ÚLTIMA foliar",IF(AND('🌱 Configuração'!$B$56+0>='🌱 Configuração'!$C$56,'🌱 Configuração'!$B$56+0<'🌱 Configuração'!$D$56,MOD('🌱 Configuração'!$B$56+0-'🌱 Configuração'!$C$56,7)=0,INT(('🌱 Configuração'!$B$56+0-'🌱 Configuração'!$C$56)/7)+1=7),"🦠 Trichoderma — solo",IF(AND('🌱 Configuração'!$B$56+0>='🌱 Configuração'!$C$56,'🌱 Configuração'!$B$56+0<'🌱 Configuração'!$D$56,MOD('🌱 Configuração'!$B$56+0-'🌱 Configuração'!$C$56,7)=0,INT(('🌱 Configuração'!$B$56+0-'🌱 Configuração'!$C$56)/7)+1=8),"🍄 Beauveria — solo","")))))))),IF('🌱 Configuração'!$B$56+0<'🌱 Configuração'!$E$56,IF(AND('🌱 Configuração'!$B$56+0>='🌱 Configuração'!$D$56,'🌱 Configuração'!$B$56+0<'🌱 Configuração'!$E$56,MOD('🌱 Configuração'!$B$56+0-'🌱 Configuração'!$D$56,7)=0,INT(('🌱 Configuração'!$B$56+0-'🌱 Configuração'!$D$56)/7)+1=1),"🍄 Beauveria bassiana — SOLO apenas",IF(AND('🌱 Configuração'!$B$56+0>='🌱 Configuração'!$D$56,'🌱 Configuração'!$B$56+0<'🌱 Configuração'!$E$56,MOD('🌱 Configuração'!$B$56+0-'🌱 Configuração'!$D$56,7)=0,INT(('🌱 Configuração'!$B$56+0-'🌱 Configuração'!$D$56)/7)+1=2),"🦠 Trichoderma (3 g/L) — solo",IF(AND('🌱 Configuração'!$B$56+0>='🌱 Configuração'!$D$56,'🌱 Configuração'!$B$56+0<'🌱 Configuração'!$E$56,MOD('🌱 Configuração'!$B$56+0-'🌱 Configuração'!$D$56,7)=0,INT(('🌱 Configuração'!$B$56+0-'🌱 Configuração'!$D$56)/7)+1=3),"🍄 Beauveria bassiana — solo | ⚠️ Umid <45%",IF(AND('🌱 Configuração'!$B$56+0>='🌱 Configuração'!$D$56,'🌱 Configuração'!$B$56+0<'🌱 Configuração'!$E$56,MOD('🌱 Configuração'!$B$56+0-'🌱 Configuração'!$D$56,7)=0,INT(('🌱 Configuração'!$B$56+0-'🌱 Configuração'!$D$56)/7)+1=4),"🦠 Trichoderma — solo | Inspecionar buds",IF(AND('🌱 Configuração'!$B$56+0>='🌱 Configuração'!$D$56,'🌱 Configuração'!$B$56+0<'🌱 Configuração'!$E$56,MOD('🌱 Configuração'!$B$56+0-'🌱 Configuração'!$D$56,7)=0,INT(('🌱 Configuração'!$B$56+0-'🌱 Configuração'!$D$56)/7)+1=5),"🍄 Beauveria + inspeção visual buds",IF(AND('🌱 Configuração'!$B$56+0>='🌱 Configuração'!$D$56,'🌱 Configuração'!$B$56+0<'🌱 Configuração'!$E$56,MOD('🌱 Configuração'!$B$56+0-'🌱 Configuração'!$D$56,7)=0,INT(('🌱 Configuração'!$B$56+0-'🌱 Configuração'!$D$56)/7)+1=6),"🦠 Trichoderma + ⚠️ Verificar mofo","")))))),IF(AND('🌱 Configuração'!$B$56+0>='🌱 Configuração'!$E$56,MOD('🌱 Configuração'!$B$56+0-'🌱 Configuração'!$E$56,7)=0),"🔬 Inspeção final — analisar tricomas",""))))) -> 🌿 Nim (2 mL/L) — foliar leve
B7: =IF(2<='🌱 Configuração'!$F$55,2,"") -> 2 | C7: =IF(2<='🌱 Configuração'!$F$55,'🌱 Configuração'!$B$56+1,"") -> 1 | D7: =IF(2>'🌱 Configuração'!$F$55,"",IF('🌱 Configuração'!$B$56+1<'🌱 Configuração'!$C$56,"🌱 Clone",IF('🌱 Configuração'!$B$56+1<'🌱 Configuração'!$D$56,"🌿 Vegetativo",IF('🌱 Configuração'!$B$56+1<'🌱 Configuração'!$E$56,"🌸 Floração","🚿 Flush")))) -> 🌱 Clone | E7: =IF(2>'🌱 Configuração'!$F$55,"",IF('🌱 Configuração'!$B$56+1<'🌱 Configuração'!$C$56,"Clone S"&INT((2-1)/7)+1,IF('🌱 Configuração'!$B$56+1<'🌱 Configuração'!$D$56,"Vega S"&INT(('🌱 Configuração'!$B$56+1-'🌱 Configuração'!$C$56)/7)+1,IF('🌱 Configuração'!$B$56+1<'🌱 Configuração'!$E$56,"Flora S"&INT(('🌱 Configuração'!$B$56+1-'🌱 Configuração'!$D$56)/7)+1,"Flush S"&INT(('🌱 Configuração'!$B$56+1-'🌱 Configuração'!$E$56)/7)+1)))) -> Clone S1 | F7: =IF(2>'🌱 Configuração'!$F$55,"",IF('🌱 Configuração'!$B$56+1='🌱 Configuração'!$C$56,"🌿 INÍCIO VEGA — luz 18h/dia",IF('🌱 Configuração'!$B$56+1='🌱 Configuração'!$D$56,"🌸 INÍCIO FLORAÇÃO — mudar 12/12 🔴",IF('🌱 Configuração'!$B$56+1='🌱 Configuração'!$E$56,"🚿 INÍCIO FLUSH — parar nutrição",IF('🌱 Configuração'!$B$56+1='🌱 Configuração'!$F$56-1,"🔬 Véspera da colheita — analisar tricomas",IF('🌱 Configuração'!$B$56+1='🌱 Configuração'!$F$56,"✂️ COLHEITA — Parabéns! 🎉","")))))) | H7: =IF(2>'🌱 Configuração'!$F$55,"",IF('🌱 Configuração'!$B$56+1<'🌱 Configuração'!$C$56,IF(2=1,"🌿 Nim (2 mL/L) — foliar leve",IF(2=8,"🍄 Beauveria bassiana — foliar + solo","")),IF('🌱 Configuração'!$B$56+1<'🌱 Configuração'!$D$56,IF(AND('🌱 Configuração'!$B$56+1>='🌱 Configuração'!$C$56,'🌱 Configuração'!$B$56+1<'🌱 Configuração'!$D$56,MOD('🌱 Configuração'!$B$56+1-'🌱 Configuração'!$C$56,7)=0,INT(('🌱 Configuração'!$B$56+1-'🌱 Configuração'!$C$56)/7)+1=1),"🌿 Nim (2 mL/L) — foliar preventivo",IF(AND('🌱 Configuração'!$B$56+1>='🌱 Configuração'!$C$56,'🌱 Configuração'!$B$56+1<'🌱 Configuração'!$D$56,MOD('🌱 Configuração'!$B$56+1-'🌱 Configuração'!$C$56,7)=0,INT(('🌱 Configuração'!$B$56+1-'🌱 Configuração'!$C$56)/7)+1=2),"🍄 Beauveria bassiana — foliar + solo",IF(AND('🌱 Configuração'!$B$56+1>='🌱 Configuração'!$C$56,'🌱 Configuração'!$B$56+1<'🌱 Configuração'!$D$56,MOD('🌱 Configuração'!$B$56+1-'🌱 Configuração'!$C$56,7)=0,INT(('🌱 Configuração'!$B$56+1-'🌱 Configuração'!$C$56)/7)+1=3),"🟡 Calda Sulfocálcica (1%) — foliar",IF(AND('🌱 Configuração'!$B$56+1>='🌱 Configuração'!$C$56,'🌱 Configuração'!$B$56+1<'🌱 Configuração'!$D$56,MOD('🌱 Configuração'!$B$56+1-'🌱 Configuração'!$C$56,7)=0,INT(('🌱 Configuração'!$B$56+1-'🌱 Configuração'!$C$56)/7)+1=4),"🦠 Trichoderma (3 g/L) — solo",IF(AND('🌱 Configuração'!$B$56+1>='🌱 Configuração'!$C$56,'🌱 Configuração'!$B$56+1<'🌱 Configuração'!$D$56,MOD('🌱 Configuração'!$B$56+1-'🌱 Configuração'!$C$56,7)=0,INT(('🌱 Configuração'!$B$56+1-'🌱 Configuração'!$C$56)/7)+1=5),"🔵 Calda Bordalesa (0.5%) — foliar",IF(AND('🌱 Configuração'!$B$56+1>='🌱 Configuração'!$C$56,'🌱 Configuração'!$B$56+1<'🌱 Configuração'!$D$56,MOD('🌱 Configuração'!$B$56+1-'🌱 Configuração'!$C$56,7)=0,INT(('🌱 Configuração'!$B$56+1-'🌱 Configuração'!$C$56)/7)+1=6),"🌿 Nim (2 mL/L) — ⚠️ ÚLTIMA foliar",IF(AND('🌱 Configuração'!$B$56+1>='🌱 Configuração'!$C$56,'🌱 Configuração'!$B$56+1<'🌱 Configuração'!$D$56,MOD('🌱 Configuração'!$B$56+1-'🌱 Configuração'!$C$56,7)=0,INT(('🌱 Configuração'!$B$56+1-'🌱 Configuração'!$C$56)/7)+1=7),"🦠 Trichoderma — solo",IF(AND('🌱 Configuração'!$B$56+1>='🌱 Configuração'!$C$56,'🌱 Configuração'!$B$56+1<'🌱 Configuração'!$D$56,MOD('🌱 Configuração'!$B$56+1-'🌱 Configuração'!$C$56,7)=0,INT(('🌱 Configuração'!$B$56+1-'🌱 Configuração'!$C$56)/7)+1=8),"🍄 Beauveria — solo","")))))))),IF('🌱 Configuração'!$B$56+1<'🌱 Configuração'!$E$56,IF(AND('🌱 Configuração'!$B$56+1>='🌱 Configuração'!$D$56,'🌱 Configuração'!$B$56+1<'🌱 Configuração'!$E$56,MOD('🌱 Configuração'!$B$56+1-'🌱 Configuração'!$D$56,7)=0,INT(('🌱 Configuração'!$B$56+1-'🌱 Configuração'!$D$56)/7)+1=1),"🍄 Beauveria bassiana — SOLO apenas",IF(AND('🌱 Configuração'!$B$56+1>='🌱 Configuração'!$D$56,'🌱 Configuração'!$B$56+1<'🌱 Configuração'!$E$56,MOD('🌱 Configuração'!$B$56+1-'🌱 Configuração'!$D$56,7)=0,INT(('🌱 Configuração'!$B$56+1-'🌱 Configuração'!$D$56)/7)+1=2),"🦠 Trichoderma (3 g/L) — solo",IF(AND('🌱 Configuração'!$B$56+1>='🌱 Configuração'!$D$56,'🌱 Configuração'!$B$56+1<'🌱 Configuração'!$E$56,MOD('🌱 Configuração'!$B$56+1-'🌱 Configuração'!$D$56,7)=0,INT(('🌱 Configuração'!$B$56+1-'🌱 Configuração'!$D$56)/7)+1=3),"🍄 Beauveria bassiana — solo | ⚠️ Umid <45%",IF(AND('🌱 Configuração'!$B$56+1>='🌱 Configuração'!$D$56,'🌱 Configuração'!$B$56+1<'🌱 Configuração'!$E$56,MOD('🌱 Configuração'!$B$56+1-'🌱 Configuração'!$D$56,7)=0,INT(('🌱 Configuração'!$B$56+1-'🌱 Configuração'!$D$56)/7)+1=4),"🦠 Trichoderma — solo | Inspecionar buds",IF(AND('🌱 Configuração'!$B$56+1>='🌱 Configuração'!$D$56,'🌱 Configuração'!$B$56+1<'🌱 Configuração'!$E$56,MOD('🌱 Configuração'!$B$56+1-'🌱 Configuração'!$D$56,7)=0,INT(('🌱 Configuração'!$B$56+1-'🌱 Configuração'!$D$56)/7)+1=5),"🍄 Beauveria + inspeção visual buds",IF(AND('🌱 Configuração'!$B$56+1>='🌱 Configuração'!$D$56,'🌱 Configuração'!$B$56+1<'🌱 Configuração'!$E$56,MOD('🌱 Configuração'!$B$56+1-'🌱 Configuração'!$D$56,7)=0,INT(('🌱 Configuração'!$B$56+1-'🌱 Configuração'!$D$56)/7)+1=6),"🦠 Trichoderma + ⚠️ Verificar mofo","")))))),IF(AND('🌱 Configuração'!$B$56+1>='🌱 Configuração'!$E$56,MOD('🌱 Configuração'!$B$56+1-'🌱 Configuração'!$E$56,7)=0),"🔬 Inspeção final — analisar tricomas","")))))
B8: =IF(3<='🌱 Configuração'!$F$55,3,"") -> 3 | C8: =IF(3<='🌱 Configuração'!$F$55,'🌱 Configuração'!$B$56+2,"") -> 2 | D8: =IF(3>'🌱 Configuração'!$F$55,"",IF('🌱 Configuração'!$B$56+2<'🌱 Configuração'!$C$56,"🌱 Clone",IF('🌱 Configuração'!$B$56+2<'🌱 Configuração'!$D$56,"🌿 Vegetativo",IF('🌱 Configuração'!$B$56+2<'🌱 Configuração'!$E$56,"🌸 Floração","🚿 Flush")))) -> 🌱 Clone | E8: =IF(3>'🌱 Configuração'!$F$55,"",IF('🌱 Configuração'!$B$56+2<'🌱 Configuração'!$C$56,"Clone S"&INT((3-1)/7)+1,IF('🌱 Configuração'!$B$56+2<'🌱 Configuração'!$D$56,"Vega S"&INT(('🌱 Configuração'!$B$56+2-'🌱 Configuração'!$C$56)/7)+1,IF('🌱 Configuração'!$B$56+2<'🌱 Configuração'!$E$56,"Flora S"&INT(('🌱 Configuração'!$B$56+2-'🌱 Configuração'!$D$56)/7)+1,"Flush S"&INT(('🌱 Configuração'!$B$56+2-'🌱 Configuração'!$E$56)/7)+1)))) -> Clone S1 | F8: =IF(3>'🌱 Configuração'!$F$55,"",IF('🌱 Configuração'!$B$56+2='🌱 Configuração'!$C$56,"🌿 INÍCIO VEGA — luz 18h/dia",IF('🌱 Configuração'!$B$56+2='🌱 Configuração'!$D$56,"🌸 INÍCIO FLORAÇÃO — mudar 12/12 🔴",IF('🌱 Configuração'!$B$56+2='🌱 Configuração'!$E$56,"🚿 INÍCIO FLUSH — parar nutrição",IF('🌱 Configuração'!$B$56+2='🌱 Configuração'!$F$56-1,"🔬 Véspera da colheita — analisar tricomas",IF('🌱 Configuração'!$B$56+2='🌱 Configuração'!$F$56,"✂️ COLHEITA — Parabéns! 🎉","")))))) | H8: =IF(3>'🌱 Configuração'!$F$55,"",IF('🌱 Configuração'!$B$56+2<'🌱 Configuração'!$C$56,IF(3=1,"🌿 Nim (2 mL/L) — foliar leve",IF(3=8,"🍄 Beauveria bassiana — foliar + solo","")),IF('🌱 Configuração'!$B$56+2<'🌱 Configuração'!$D$56,IF(AND('🌱 Configuração'!$B$56+2>='🌱 Configuração'!$C$56,'🌱 Configuração'!$B$56+2<'🌱 Configuração'!$D$56,MOD('🌱 Configuração'!$B$56+2-'🌱 Configuração'!$C$56,7)=0,INT(('🌱 Configuração'!$B$56+2-'🌱 Configuração'!$C$56)/7)+1=1),"🌿 Nim (2 mL/L) — foliar preventivo",IF(AND('🌱 Configuração'!$B$56+2>='🌱 Configuração'!$C$56,'🌱 Configuração'!$B$56+2<'🌱 Configuração'!$D$56,MOD('🌱 Configuração'!$B$56+2-'🌱 Configuração'!$C$56,7)=0,INT(('🌱 Configuração'!$B$56+2-'🌱 Configuração'!$C$56)/7)+1=2),"🍄 Beauveria bassiana — foliar + solo",IF(AND('🌱 Configuração'!$B$56+2>='🌱 Configuração'!$C$56,'🌱 Configuração'!$B$56+2<'🌱 Configuração'!$D$56,MOD('🌱 Configuração'!$B$56+2-'🌱 Configuração'!$C$56,7)=0,INT(('🌱 Configuração'!$B$56+2-'🌱 Configuração'!$C$56)/7)+1=3),"🟡 Calda Sulfocálcica (1%) — foliar",IF(AND('🌱 Configuração'!$B$56+2>='🌱 Configuração'!$C$56,'🌱 Configuração'!$B$56+2<'🌱 Configuração'!$D$56,MOD('🌱 Configuração'!$B$56+2-'🌱 Configuração'!$C$56,7)=0,INT(('🌱 Configuração'!$B$56+2-'🌱 Configuração'!$C$56)/7)+1=4),"🦠 Trichoderma (3 g/L) — solo",IF(AND('🌱 Configuração'!$B$56+2>='🌱 Configuração'!$C$56,'🌱 Configuração'!$B$56+2<'🌱 Configuração'!$D$56,MOD('🌱 Configuração'!$B$56+2-'🌱 Configuração'!$C$56,7)=0,INT(('🌱 Configuração'!$B$56+2-'🌱 Configuração'!$C$56)/7)+1=5),"🔵 Calda Bordalesa (0.5%) — foliar",IF(AND('🌱 Configuração'!$B$56+2>='🌱 Configuração'!$C$56,'🌱 Configuração'!$B$56+2<'🌱 Configuração'!$D$56,MOD('🌱 Configuração'!$B$56+2-'🌱 Configuração'!$C$56,7)=0,INT(('🌱 Configuração'!$B$56+2-'🌱 Configuração'!$C$56)/7)+1=6),"🌿 Nim (2 mL/L) — ⚠️ ÚLTIMA foliar",IF(AND('🌱 Configuração'!$B$56+2>='🌱 Configuração'!$C$56,'🌱 Configuração'!$B$56+2<'🌱 Configuração'!$D$56,MOD('🌱 Configuração'!$B$56+2-'🌱 Configuração'!$C$56,7)=0,INT(('🌱 Configuração'!$B$56+2-'🌱 Configuração'!$C$56)/7)+1=7),"🦠 Trichoderma — solo",IF(AND('🌱 Configuração'!$B$56+2>='🌱 Configuração'!$C$56,'🌱 Configuração'!$B$56+2<'🌱 Configuração'!$D$56,MOD('🌱 Configuração'!$B$56+2-'🌱 Configuração'!$C$56,7)=0,INT(('🌱 Configuração'!$B$56+2-'🌱 Configuração'!$C$56)/7)+1=8),"🍄 Beauveria — solo","")))))))),IF('🌱 Configuração'!$B$56+2<'🌱 Configuração'!$E$56,IF(AND('🌱 Configuração'!$B$56+2>='🌱 Configuração'!$D$56,'🌱 Configuração'!$B$56+2<'🌱 Configuração'!$E$56,MOD('🌱 Configuração'!$B$56+2-'🌱 Configuração'!$D$56,7)=0,INT(('🌱 Configuração'!$B$56+2-'🌱 Configuração'!$D$56)/7)+1=1),"🍄 Beauveria bassiana — SOLO apenas",IF(AND('🌱 Configuração'!$B$56+2>='🌱 Configuração'!$D$56,'🌱 Configuração'!$B$56+2<'🌱 Configuração'!$E$56,MOD('🌱 Configuração'!$B$56+2-'🌱 Configuração'!$D$56,7)=0,INT(('🌱 Configuração'!$B$56+2-'🌱 Configuração'!$D$56)/7)+1=2),"🦠 Trichoderma (3 g/L) — solo",IF(AND('🌱 Configuração'!$B$56+2>='🌱 Configuração'!$D$56,'🌱 Configuração'!$B$56+2<'🌱 Configuração'!$E$56,MOD('🌱 Configuração'!$B$56+2-'🌱 Configuração'!$D$56,7)=0,INT(('🌱 Configuração'!$B$56+2-'🌱 Configuração'!$D$56)/7)+1=3),"🍄 Beauveria bassiana — solo | ⚠️ Umid <45%",IF(AND('🌱 Configuração'!$B$56+2>='🌱 Configuração'!$D$56,'🌱 Configuração'!$B$56+2<'🌱 Configuração'!$E$56,MOD('🌱 Configuração'!$B$56+2-'🌱 Configuração'!$D$56,7)=0,INT(('🌱 Configuração'!$B$56+2-'🌱 Configuração'!$D$56)/7)+1=4),"🦠 Trichoderma — solo | Inspecionar buds",IF(AND('🌱 Configuração'!$B$56+2>='🌱 Configuração'!$D$56,'🌱 Configuração'!$B$56+2<'🌱 Configuração'!$E$56,MOD('🌱 Configuração'!$B$56+2-'🌱 Configuração'!$D$56,7)=0,INT(('🌱 Configuração'!$B$56+2-'🌱 Configuração'!$D$56)/7)+1=5),"🍄 Beauveria + inspeção visual buds",IF(AND('🌱 Configuração'!$B$56+2>='🌱 Configuração'!$D$56,'🌱 Configuração'!$B$56+2<'🌱 Configuração'!$E$56,MOD('🌱 Configuração'!$B$56+2-'🌱 Configuração'!$D$56,7)=0,INT(('🌱 Configuração'!$B$56+2-'🌱 Configuração'!$D$56)/7)+1=6),"🦠 Trichoderma + ⚠️ Verificar mofo","")))))),IF(AND('🌱 Configuração'!$B$56+2>='🌱 Configuração'!$E$56,MOD('🌱 Configuração'!$B$56+2-'🌱 Configuração'!$E$56,7)=0),"🔬 Inspeção final — analisar tricomas","")))))
B9: =IF(4<='🌱 Configuração'!$F$55,4,"") -> 4 | C9: =IF(4<='🌱 Configuração'!$F$55,'🌱 Configuração'!$B$56+3,"") -> 3 | D9: =IF(4>'🌱 Configuração'!$F$55,"",IF('🌱 Configuração'!$B$56+3<'🌱 Configuração'!$C$56,"🌱 Clone",IF('🌱 Configuração'!$B$56+3<'🌱 Configuração'!$D$56,"🌿 Vegetativo",IF('🌱 Configuração'!$B$56+3<'🌱 Configuração'!$E$56,"🌸 Floração","🚿 Flush")))) -> 🌱 Clone | E9: =IF(4>'🌱 Configuração'!$F$55,"",IF('🌱 Configuração'!$B$56+3<'🌱 Configuração'!$C$56,"Clone S"&INT((4-1)/7)+1,IF('🌱 Configuração'!$B$56+3<'🌱 Configuração'!$D$56,"Vega S"&INT(('🌱 Configuração'!$B$56+3-'🌱 Configuração'!$C$56)/7)+1,IF('🌱 Configuração'!$B$56+3<'🌱 Configuração'!$E$56,"Flora S"&INT(('🌱 Configuração'!$B$56+3-'🌱 Configuração'!$D$56)/7)+1,"Flush S"&INT(('🌱 Configuração'!$B$56+3-'🌱 Configuração'!$E$56)/7)+1)))) -> Clone S1 | F9: =IF(4>'🌱 Configuração'!$F$55,"",IF('🌱 Configuração'!$B$56+3='🌱 Configuração'!$C$56,"🌿 INÍCIO VEGA — luz 18h/dia",IF('🌱 Configuração'!$B$56+3='🌱 Configuração'!$D$56,"🌸 INÍCIO FLORAÇÃO — mudar 12/12 🔴",IF('🌱 Configuração'!$B$56+3='🌱 Configuração'!$E$56,"🚿 INÍCIO FLUSH — parar nutrição",IF('🌱 Configuração'!$B$56+3='🌱 Configuração'!$F$56-1,"🔬 Véspera da colheita — analisar tricomas",IF('🌱 Configuração'!$B$56+3='🌱 Configuração'!$F$56,"✂️ COLHEITA — Parabéns! 🎉","")))))) | H9: =IF(4>'🌱 Configuração'!$F$55,"",IF('🌱 Configuração'!$B$56+3<'🌱 Configuração'!$C$56,IF(4=1,"🌿 Nim (2 mL/L) — foliar leve",IF(4=8,"🍄 Beauveria bassiana — foliar + solo","")),IF('🌱 Configuração'!$B$56+3<'🌱 Configuração'!$D$56,IF(AND('🌱 Configuração'!$B$56+3>='🌱 Configuração'!$C$56,'🌱 Configuração'!$B$56+3<'🌱 Configuração'!$D$56,MOD('🌱 Configuração'!$B$56+3-'🌱 Configuração'!$C$56,7)=0,INT(('🌱 Configuração'!$B$56+3-'🌱 Configuração'!$C$56)/7)+1=1),"🌿 Nim (2 mL/L) — foliar preventivo",IF(AND('🌱 Configuração'!$B$56+3>='🌱 Configuração'!$C$56,'🌱 Configuração'!$B$56+3<'🌱 Configuração'!$D$56,MOD('🌱 Configuração'!$B$56+3-'🌱 Configuração'!$C$56,7)=0,INT(('🌱 Configuração'!$B$56+3-'🌱 Configuração'!$C$56)/7)+1=2),"🍄 Beauveria bassiana — foliar + solo",IF(AND('🌱 Configuração'!$B$56+3>='🌱 Configuração'!$C$56,'🌱 Configuração'!$B$56+3<'🌱 Configuração'!$D$56,MOD('🌱 Configuração'!$B$56+3-'🌱 Configuração'!$C$56,7)=0,INT(('🌱 Configuração'!$B$56+3-'🌱 Configuração'!$C$56)/7)+1=3),"🟡 Calda Sulfocálcica (1%) — foliar",IF(AND('🌱 Configuração'!$B$56+3>='🌱 Configuração'!$C$56,'🌱 Configuração'!$B$56+3<'🌱 Configuração'!$D$56,MOD('🌱 Configuração'!$B$56+3-'🌱 Configuração'!$C$56,7)=0,INT(('🌱 Configuração'!$B$56+3-'🌱 Configuração'!$C$56)/7)+1=4),"🦠 Trichoderma (3 g/L) — solo",IF(AND('🌱 Configuração'!$B$56+3>='🌱 Configuração'!$C$56,'🌱 Configuração'!$B$56+3<'🌱 Configuração'!$D$56,MOD('🌱 Configuração'!$B$56+3-'🌱 Configuração'!$C$56,7)=0,INT(('🌱 Configuração'!$B$56+3-'🌱 Configuração'!$C$56)/7)+1=5),"🔵 Calda Bordalesa (0.5%) — foliar",IF(AND('🌱 Configuração'!$B$56+3>='🌱 Configuração'!$C$56,'🌱 Configuração'!$B$56+3<'🌱 Configuração'!$D$56,MOD('🌱 Configuração'!$B$56+3-'🌱 Configuração'!$C$56,7)=0,INT(('🌱 Configuração'!$B$56+3-'🌱 Configuração'!$C$56)/7)+1=6),"🌿 Nim (2 mL/L) — ⚠️ ÚLTIMA foliar",IF(AND('🌱 Configuração'!$B$56+3>='🌱 Configuração'!$C$56,'🌱 Configuração'!$B$56+3<'🌱 Configuração'!$D$56,MOD('🌱 Configuração'!$B$56+3-'🌱 Configuração'!$C$56,7)=0,INT(('🌱 Configuração'!$B$56+3-'🌱 Configuração'!$C$56)/7)+1=7),"🦠 Trichoderma — solo",IF(AND('🌱 Configuração'!$B$56+3>='🌱 Configuração'!$C$56,'🌱 Configuração'!$B$56+3<'🌱 Configuração'!$D$56,MOD('🌱 Configuração'!$B$56+3-'🌱 Configuração'!$C$56,7)=0,INT(('🌱 Configuração'!$B$56+3-'🌱 Configuração'!$C$56)/7)+1=8),"🍄 Beauveria — solo","")))))))),IF('🌱 Configuração'!$B$56+3<'🌱 Configuração'!$E$56,IF(AND('🌱 Configuração'!$B$56+3>='🌱 Configuração'!$D$56,'🌱 Configuração'!$B$56+3<'🌱 Configuração'!$E$56,MOD('🌱 Configuração'!$B$56+3-'🌱 Configuração'!$D$56,7)=0,INT(('🌱 Configuração'!$B$56+3-'🌱 Configuração'!$D$56)/7)+1=1),"🍄 Beauveria bassiana — SOLO apenas",IF(AND('🌱 Configuração'!$B$56+3>='🌱 Configuração'!$D$56,'🌱 Configuração'!$B$56+3<'🌱 Configuração'!$E$56,MOD('🌱 Configuração'!$B$56+3-'🌱 Configuração'!$D$56,7)=0,INT(('🌱 Configuração'!$B$56+3-'🌱 Configuração'!$D$56)/7)+1=2),"🦠 Trichoderma (3 g/L) — solo",IF(AND('🌱 Configuração'!$B$56+3>='🌱 Configuração'!$D$56,'🌱 Configuração'!$B$56+3<'🌱 Configuração'!$E$56,MOD('🌱 Configuração'!$B$56+3-'🌱 Configuração'!$D$56,7)=0,INT(('🌱 Configuração'!$B$56+3-'🌱 Configuração'!$D$56)/7)+1=3),"🍄 Beauveria bassiana — solo | ⚠️ Umid <45%",IF(AND('🌱 Configuração'!$B$56+3>='🌱 Configuração'!$D$56,'🌱 Configuração'!$B$56+3<'🌱 Configuração'!$E$56,MOD('🌱 Configuração'!$B$56+3-'🌱 Configuração'!$D$56,7)=0,INT(('🌱 Configuração'!$B$56+3-'🌱 Configuração'!$D$56)/7)+1=4),"🦠 Trichoderma — solo | Inspecionar buds",IF(AND('🌱 Configuração'!$B$56+3>='🌱 Configuração'!$D$56,'🌱 Configuração'!$B$56+3<'🌱 Configuração'!$E$56,MOD('🌱 Configuração'!$B$56+3-'🌱 Configuração'!$D$56,7)=0,INT(('🌱 Configuração'!$B$56+3-'🌱 Configuração'!$D$56)/7)+1=5),"🍄 Beauveria + inspeção visual buds",IF(AND('🌱 Configuração'!$B$56+3>='🌱 Configuração'!$D$56,'🌱 Configuração'!$B$56+3<'🌱 Configuração'!$E$56,MOD('🌱 Configuração'!$B$56+3-'🌱 Configuração'!$D$56,7)=0,INT(('🌱 Configuração'!$B$56+3-'🌱 Configuração'!$D$56)/7)+1=6),"🦠 Trichoderma + ⚠️ Verificar mofo","")))))),IF(AND('🌱 Configuração'!$B$56+3>='🌱 Configuração'!$E$56,MOD('🌱 Configuração'!$B$56+3-'🌱 Configuração'!$E$56,7)=0),"🔬 Inspeção final — analisar tricomas","")))))
B10: =IF(5<='🌱 Configuração'!$F$55,5,"") -> 5 | C10: =IF(5<='🌱 Configuração'!$F$55,'🌱 Configuração'!$B$56+4,"") -> 4 | D10: =IF(5>'🌱 Configuração'!$F$55,"",IF('🌱 Configuração'!$B$56+4<'🌱 Configuração'!$C$56,"🌱 Clone",IF('🌱 Configuração'!$B$56+4<'🌱 Configuração'!$D$56,"🌿 Vegetativo",IF('🌱 Configuração'!$B$56+4<'🌱 Configuração'!$E$56,"🌸 Floração","🚿 Flush")))) -> 🌱 Clone | E10: =IF(5>'🌱 Configuração'!$F$55,"",IF('🌱 Configuração'!$B$56+4<'🌱 Configuração'!$C$56,"Clone S"&INT((5-1)/7)+1,IF('🌱 Configuração'!$B$56+4<'🌱 Configuração'!$D$56,"Vega S"&INT(('🌱 Configuração'!$B$56+4-'🌱 Configuração'!$C$56)/7)+1,IF('🌱 Configuração'!$B$56+4<'🌱 Configuração'!$E$56,"Flora S"&INT(('🌱 Configuração'!$B$56+4-'🌱 Configuração'!$D$56)/7)+1,"Flush S"&INT(('🌱 Configuração'!$B$56+4-'🌱 Configuração'!$E$56)/7)+1)))) -> Clone S1 | F10: =IF(5>'🌱 Configuração'!$F$55,"",IF('🌱 Configuração'!$B$56+4='🌱 Configuração'!$C$56,"🌿 INÍCIO VEGA — luz 18h/dia",IF('🌱 Configuração'!$B$56+4='🌱 Configuração'!$D$56,"🌸 INÍCIO FLORAÇÃO — mudar 12/12 🔴",IF('🌱 Configuração'!$B$56+4='🌱 Configuração'!$E$56,"🚿 INÍCIO FLUSH — parar nutrição",IF('🌱 Configuração'!$B$56+4='🌱 Configuração'!$F$56-1,"🔬 Véspera da colheita — analisar tricomas",IF('🌱 Configuração'!$B$56+4='🌱 Configuração'!$F$56,"✂️ COLHEITA — Parabéns! 🎉","")))))) | H10: =IF(5>'🌱 Configuração'!$F$55,"",IF('🌱 Configuração'!$B$56+4<'🌱 Configuração'!$C$56,IF(5=1,"🌿 Nim (2 mL/L) — foliar leve",IF(5=8,"🍄 Beauveria bassiana — foliar + solo","")),IF('🌱 Configuração'!$B$56+4<'🌱 Configuração'!$D$56,IF(AND('🌱 Configuração'!$B$56+4>='🌱 Configuração'!$C$56,'🌱 Configuração'!$B$56+4<'🌱 Configuração'!$D$56,MOD('🌱 Configuração'!$B$56+4-'🌱 Configuração'!$C$56,7)=0,INT(('🌱 Configuração'!$B$56+4-'🌱 Configuração'!$C$56)/7)+1=1),"🌿 Nim (2 mL/L) — foliar preventivo",IF(AND('🌱 Configuração'!$B$56+4>='🌱 Configuração'!$C$56,'🌱 Configuração'!$B$56+4<'🌱 Configuração'!$D$56,MOD('🌱 Configuração'!$B$56+4-'🌱 Configuração'!$C$56,7)=0,INT(('🌱 Configuração'!$B$56+4-'🌱 Configuração'!$C$56)/7)+1=2),"🍄 Beauveria bassiana — foliar + solo",IF(AND('🌱 Configuração'!$B$56+4>='🌱 Configuração'!$C$56,'🌱 Configuração'!$B$56+4<'🌱 Configuração'!$D$56,MOD('🌱 Configuração'!$B$56+4-'🌱 Configuração'!$C$56,7)=0,INT(('🌱 Configuração'!$B$56+4-'🌱 Configuração'!$C$56)/7)+1=3),"🟡 Calda Sulfocálcica (1%) — foliar",IF(AND('🌱 Configuração'!$B$56+4>='🌱 Configuração'!$C$56,'🌱 Configuração'!$B$56+4<'🌱 Configuração'!$D$56,MOD('🌱 Configuração'!$B$56+4-'🌱 Configuração'!$C$56,7)=0,INT(('🌱 Configuração'!$B$56+4-'🌱 Configuração'!$C$56)/7)+1=4),"🦠 Trichoderma (3 g/L) — solo",IF(AND('🌱 Configuração'!$B$56+4>='🌱 Configuração'!$C$56,'🌱 Configuração'!$B$56+4<'🌱 Configuração'!$D$56,MOD('🌱 Configuração'!$B$56+4-'🌱 Configuração'!$C$56,7)=0,INT(('🌱 Configuração'!$B$56+4-'🌱 Configuração'!$C$56)/7)+1=5),"🔵 Calda Bordalesa (0.5%) — foliar",IF(AND('🌱 Configuração'!$B$56+4>='🌱 Configuração'!$C$56,'🌱 Configuração'!$B$56+4<'🌱 Configuração'!$D$56,MOD('🌱 Configuração'!$B$56+4-'🌱 Configuração'!$C$56,7)=0,INT(('🌱 Configuração'!$B$56+4-'🌱 Configuração'!$C$56)/7)+1=6),"🌿 Nim (2 mL/L) — ⚠️ ÚLTIMA foliar",IF(AND('🌱 Configuração'!$B$56+4>='🌱 Configuração'!$C$56,'🌱 Configuração'!$B$56+4<'🌱 Configuração'!$D$56,MOD('🌱 Configuração'!$B$56+4-'🌱 Configuração'!$C$56,7)=0,INT(('🌱 Configuração'!$B$56+4-'🌱 Configuração'!$C$56)/7)+1=7),"🦠 Trichoderma — solo",IF(AND('🌱 Configuração'!$B$56+4>='🌱 Configuração'!$C$56,'🌱 Configuração'!$B$56+4<'🌱 Configuração'!$D$56,MOD('🌱 Configuração'!$B$56+4-'🌱 Configuração'!$C$56,7)=0,INT(('🌱 Configuração'!$B$56+4-'🌱 Configuração'!$C$56)/7)+1=8),"🍄 Beauveria — solo","")))))))),IF('🌱 Configuração'!$B$56+4<'🌱 Configuração'!$E$56,IF(AND('🌱 Configuração'!$B$56+4>='🌱 Configuração'!$D$56,'🌱 Configuração'!$B$56+4<'🌱 Configuração'!$E$56,MOD('🌱 Configuração'!$B$56+4-'🌱 Configuração'!$D$56,7)=0,INT(('🌱 Configuração'!$B$56+4-'🌱 Configuração'!$D$56)/7)+1=1),"🍄 Beauveria bassiana — SOLO apenas",IF(AND('🌱 Configuração'!$B$56+4>='🌱 Configuração'!$D$56,'🌱 Configuração'!$B$56+4<'🌱 Configuração'!$E$56,MOD('🌱 Configuração'!$B$56+4-'🌱 Configuração'!$D$56,7)=0,INT(('🌱 Configuração'!$B$56+4-'🌱 Configuração'!$D$56)/7)+1=2),"🦠 Trichoderma (3 g/L) — solo",IF(AND('🌱 Configuração'!$B$56+4>='🌱 Configuração'!$D$56,'🌱 Configuração'!$B$56+4<'🌱 Configuração'!$E$56,MOD('🌱 Configuração'!$B$56+4-'🌱 Configuração'!$D$56,7)=0,INT(('🌱 Configuração'!$B$56+4-'🌱 Configuração'!$D$56)/7)+1=3),"🍄 Beauveria bassiana — solo | ⚠️ Umid <45%",IF(AND('🌱 Configuração'!$B$56+4>='🌱 Configuração'!$D$56,'🌱 Configuração'!$B$56+4<'🌱 Configuração'!$E$56,MOD('🌱 Configuração'!$B$56+4-'🌱 Configuração'!$D$56,7)=0,INT(('🌱 Configuração'!$B$56+4-'🌱 Configuração'!$D$56)/7)+1=4),"🦠 Trichoderma — solo | Inspecionar buds",IF(AND('🌱 Configuração'!$B$56+4>='🌱 Configuração'!$D$56,'🌱 Configuração'!$B$56+4<'🌱 Configuração'!$E$56,MOD('🌱 Configuração'!$B$56+4-'🌱 Configuração'!$D$56,7)=0,INT(('🌱 Configuração'!$B$56+4-'🌱 Configuração'!$D$56)/7)+1=5),"🍄 Beauveria + inspeção visual buds",IF(AND('🌱 Configuração'!$B$56+4>='🌱 Configuração'!$D$56,'🌱 Configuração'!$B$56+4<'🌱 Configuração'!$E$56,MOD('🌱 Configuração'!$B$56+4-'🌱 Configuração'!$D$56,7)=0,INT(('🌱 Configuração'!$B$56+4-'🌱 Configuração'!$D$56)/7)+1=6),"🦠 Trichoderma + ⚠️ Verificar mofo","")))))),IF(AND('🌱 Configuração'!$B$56+4>='🌱 Configuração'!$E$56,MOD('🌱 Configuração'!$B$56+4-'🌱 Configuração'!$E$56,7)=0),"🔬 Inspeção final — analisar tricomas","")))))
B11: =IF(6<='🌱 Configuração'!$F$55,6,"") -> 6 | C11: =IF(6<='🌱 Configuração'!$F$55,'🌱 Configuração'!$B$56+5,"") -> 5 | D11: =IF(6>'🌱 Configuração'!$F$55,"",IF('🌱 Configuração'!$B$56+5<'🌱 Configuração'!$C$56,"🌱 Clone",IF('🌱 Configuração'!$B$56+5<'🌱 Configuração'!$D$56,"🌿 Vegetativo",IF('🌱 Configuração'!$B$56+5<'🌱 Configuração'!$E$56,"🌸 Floração","🚿 Flush")))) -> 🌱 Clone | E11: =IF(6>'🌱 Configuração'!$F$55,"",IF('🌱 Configuração'!$B$56+5<'🌱 Configuração'!$C$56,"Clone S"&INT((6-1)/7)+1,IF('🌱 Configuração'!$B$56+5<'🌱 Configuração'!$D$56,"Vega S"&INT(('🌱 Configuração'!$B$56+5-'🌱 Configuração'!$C$56)/7)+1,IF('🌱 Configuração'!$B$56+5<'🌱 Configuração'!$E$56,"Flora S"&INT(('🌱 Configuração'!$B$56+5-'🌱 Configuração'!$D$56)/7)+1,"Flush S"&INT(('🌱 Configuração'!$B$56+5-'🌱 Configuração'!$E$56)/7)+1)))) -> Clone S1 | F11: =IF(6>'🌱 Configuração'!$F$55,"",IF('🌱 Configuração'!$B$56+5='🌱 Configuração'!$C$56,"🌿 INÍCIO VEGA — luz 18h/dia",IF('🌱 Configuração'!$B$56+5='🌱 Configuração'!$D$56,"🌸 INÍCIO FLORAÇÃO — mudar 12/12 🔴",IF('🌱 Configuração'!$B$56+5='🌱 Configuração'!$E$56,"🚿 INÍCIO FLUSH — parar nutrição",IF('🌱 Configuração'!$B$56+5='🌱 Configuração'!$F$56-1,"🔬 Véspera da colheita — analisar tricomas",IF('🌱 Configuração'!$B$56+5='🌱 Configuração'!$F$56,"✂️ COLHEITA — Parabéns! 🎉","")))))) | H11: =IF(6>'🌱 Configuração'!$F$55,"",IF('🌱 Configuração'!$B$56+5<'🌱 Configuração'!$C$56,IF(6=1,"🌿 Nim (2 mL/L) — foliar leve",IF(6=8,"🍄 Beauveria bassiana — foliar + solo","")),IF('🌱 Configuração'!$B$56+5<'🌱 Configuração'!$D$56,IF(AND('🌱 Configuração'!$B$56+5>='🌱 Configuração'!$C$56,'🌱 Configuração'!$B$56+5<'🌱 Configuração'!$D$56,MOD('🌱 Configuração'!$B$56+5-'🌱 Configuração'!$C$56,7)=0,INT(('🌱 Configuração'!$B$56+5-'🌱 Configuração'!$C$56)/7)+1=1),"🌿 Nim (2 mL/L) — foliar preventivo",IF(AND('🌱 Configuração'!$B$56+5>='🌱 Configuração'!$C$56,'🌱 Configuração'!$B$56+5<'🌱 Configuração'!$D$56,MOD('🌱 Configuração'!$B$56+5-'🌱 Configuração'!$C$56,7)=0,INT(('🌱 Configuração'!$B$56+5-'🌱 Configuração'!$C$56)/7)+1=2),"🍄 Beauveria bassiana — foliar + solo",IF(AND('🌱 Configuração'!$B$56+5>='🌱 Configuração'!$C$56,'🌱 Configuração'!$B$56+5<'🌱 Configuração'!$D$56,MOD('🌱 Configuração'!$B$56+5-'🌱 Configuração'!$C$56,7)=0,INT(('🌱 Configuração'!$B$56+5-'🌱 Configuração'!$C$56)/7)+1=3),"🟡 Calda Sulfocálcica (1%) — foliar",IF(AND('🌱 Configuração'!$B$56+5>='🌱 Configuração'!$C$56,'🌱 Configuração'!$B$56+5<'🌱 Configuração'!$D$56,MOD('🌱 Configuração'!$B$56+5-'🌱 Configuração'!$C$56,7)=0,INT(('🌱 Configuração'!$B$56+5-'🌱 Configuração'!$C$56)/7)+1=4),"🦠 Trichoderma (3 g/L) — solo",IF(AND('🌱 Configuração'!$B$56+5>='🌱 Configuração'!$C$56,'🌱 Configuração'!$B$56+5<'🌱 Configuração'!$D$56,MOD('🌱 Configuração'!$B$56+5-'🌱 Configuração'!$C$56,7)=0,INT(('🌱 Configuração'!$B$56+5-'🌱 Configuração'!$C$56)/7)+1=5),"🔵 Calda Bordalesa (0.5%) — foliar",IF(AND('🌱 Configuração'!$B$56+5>='🌱 Configuração'!$C$56,'🌱 Configuração'!$B$56+5<'🌱 Configuração'!$D$56,MOD('🌱 Configuração'!$B$56+5-'🌱 Configuração'!$C$56,7)=0,INT(('🌱 Configuração'!$B$56+5-'🌱 Configuração'!$C$56)/7)+1=6),"🌿 Nim (2 mL/L) — ⚠️ ÚLTIMA foliar",IF(AND('🌱 Configuração'!$B$56+5>='🌱 Configuração'!$C$56,'🌱 Configuração'!$B$56+5<'🌱 Configuração'!$D$56,MOD('🌱 Configuração'!$B$56+5-'🌱 Configuração'!$C$56,7)=0,INT(('🌱 Configuração'!$B$56+5-'🌱 Configuração'!$C$56)/7)+1=7),"🦠 Trichoderma — solo",IF(AND('🌱 Configuração'!$B$56+5>='🌱 Configuração'!$C$56,'🌱 Configuração'!$B$56+5<'🌱 Configuração'!$D$56,MOD('🌱 Configuração'!$B$56+5-'🌱 Configuração'!$C$56,7)=0,INT(('🌱 Configuração'!$B$56+5-'🌱 Configuração'!$C$56)/7)+1=8),"🍄 Beauveria — solo","")))))))),IF('🌱 Configuração'!$B$56+5<'🌱 Configuração'!$E$56,IF(AND('🌱 Configuração'!$B$56+5>='🌱 Configuração'!$D$56,'🌱 Configuração'!$B$56+5<'🌱 Configuração'!$E$56,MOD('🌱 Configuração'!$B$56+5-'🌱 Configuração'!$D$56,7)=0,INT(('🌱 Configuração'!$B$56+5-'🌱 Configuração'!$D$56)/7)+1=1),"🍄 Beauveria bassiana — SOLO apenas",IF(AND('🌱 Configuração'!$B$56+5>='🌱 Configuração'!$D$56,'🌱 Configuração'!$B$56+5<'🌱 Configuração'!$E$56,MOD('🌱 Configuração'!$B$56+5-'🌱 Configuração'!$D$56,7)=0,INT(('🌱 Configuração'!$B$56+5-'🌱 Configuração'!$D$56)/7)+1=2),"🦠 Trichoderma (3 g/L) — solo",IF(AND('🌱 Configuração'!$B$56+5>='🌱 Configuração'!$D$56,'🌱 Configuração'!$B$56+5<'🌱 Configuração'!$E$56,MOD('🌱 Configuração'!$B$56+5-'🌱 Configuração'!$D$56,7)=0,INT(('🌱 Configuração'!$B$56+5-'🌱 Configuração'!$D$56)/7)+1=3),"🍄 Beauveria bassiana — solo | ⚠️ Umid <45%",IF(AND('🌱 Configuração'!$B$56+5>='🌱 Configuração'!$D$56,'🌱 Configuração'!$B$56+5<'🌱 Configuração'!$E$56,MOD('🌱 Configuração'!$B$56+5-'🌱 Configuração'!$D$56,7)=0,INT(('🌱 Configuração'!$B$56+5-'🌱 Configuração'!$D$56)/7)+1=4),"🦠 Trichoderma — solo | Inspecionar buds",IF(AND('🌱 Configuração'!$B$56+5>='🌱 Configuração'!$D$56,'🌱 Configuração'!$B$56+5<'🌱 Configuração'!$E$56,MOD('🌱 Configuração'!$B$56+5-'🌱 Configuração'!$D$56,7)=0,INT(('🌱 Configuração'!$B$56+5-'🌱 Configuração'!$D$56)/7)+1=5),"🍄 Beauveria + inspeção visual buds",IF(AND('🌱 Configuração'!$B$56+5>='🌱 Configuração'!$D$56,'🌱 Configuração'!$B$56+5<'🌱 Configuração'!$E$56,MOD('🌱 Configuração'!$B$56+5-'🌱 Configuração'!$D$56,7)=0,INT(('🌱 Configuração'!$B$56+5-'🌱 Configuração'!$D$56)/7)+1=6),"🦠 Trichoderma + ⚠️ Verificar mofo","")))))),IF(AND('🌱 Configuração'!$B$56+5>='🌱 Configuração'!$E$56,MOD('🌱 Configuração'!$B$56+5-'🌱 Configuração'!$E$56,7)=0),"🔬 Inspeção final — analisar tricomas","")))))
B12: =IF(7<='🌱 Configuração'!$F$55,7,"") -> 7 | C12: =IF(7<='🌱 Configuração'!$F$55,'🌱 Configuração'!$B$56+6,"") -> 6 | D12: =IF(7>'🌱 Configuração'!$F$55,"",IF('🌱 Configuração'!$B$56+6<'🌱 Configuração'!$C$56,"🌱 Clone",IF('🌱 Configuração'!$B$56+6<'🌱 Configuração'!$D$56,"🌿 Vegetativo",IF('🌱 Configuração'!$B$56+6<'🌱 Configuração'!$E$56,"🌸 Floração","🚿 Flush")))) -> 🌱 Clone | E12: =IF(7>'🌱 Configuração'!$F$55,"",IF('🌱 Configuração'!$B$56+6<'🌱 Configuração'!$C$56,"Clone S"&INT((7-1)/7)+1,IF('🌱 Configuração'!$B$56+6<'🌱 Configuração'!$D$56,"Vega S"&INT(('🌱 Configuração'!$B$56+6-'🌱 Configuração'!$C$56)/7)+1,IF('🌱 Configuração'!$B$56+6<'🌱 Configuração'!$E$56,"Flora S"&INT(('🌱 Configuração'!$B$56+6-'🌱 Configuração'!$D$56)/7)+1,"Flush S"&INT(('🌱 Configuração'!$B$56+6-'🌱 Configuração'!$E$56)/7)+1)))) -> Clone S1 | F12: =IF(7>'🌱 Configuração'!$F$55,"",IF('🌱 Configuração'!$B$56+6='🌱 Configuração'!$C$56,"🌿 INÍCIO VEGA — luz 18h/dia",IF('🌱 Configuração'!$B$56+6='🌱 Configuração'!$D$56,"🌸 INÍCIO FLORAÇÃO — mudar 12/12 🔴",IF('🌱 Configuração'!$B$56+6='🌱 Configuração'!$E$56,"🚿 INÍCIO FLUSH — parar nutrição",IF('🌱 Configuração'!$B$56+6='🌱 Configuração'!$F$56-1,"🔬 Véspera da colheita — analisar tricomas",IF('🌱 Configuração'!$B$56+6='🌱 Configuração'!$F$56,"✂️ COLHEITA — Parabéns! 🎉","")))))) | H12: =IF(7>'🌱 Configuração'!$F$55,"",IF('🌱 Configuração'!$B$56+6<'🌱 Configuração'!$C$56,IF(7=1,"🌿 Nim (2 mL/L) — foliar leve",IF(7=8,"🍄 Beauveria bassiana — foliar + solo","")),IF('🌱 Configuração'!$B$56+6<'🌱 Configuração'!$D$56,IF(AND('🌱 Configuração'!$B$56+6>='🌱 Configuração'!$C$56,'🌱 Configuração'!$B$56+6<'🌱 Configuração'!$D$56,MOD('🌱 Configuração'!$B$56+6-'🌱 Configuração'!$C$56,7)=0,INT(('🌱 Configuração'!$B$56+6-'🌱 Configuração'!$C$56)/7)+1=1),"🌿 Nim (2 mL/L) — foliar preventivo",IF(AND('🌱 Configuração'!$B$56+6>='🌱 Configuração'!$C$56,'🌱 Configuração'!$B$56+6<'🌱 Configuração'!$D$56,MOD('🌱 Configuração'!$B$56+6-'🌱 Configuração'!$C$56,7)=0,INT(('🌱 Configuração'!$B$56+6-'🌱 Configuração'!$C$56)/7)+1=2),"🍄 Beauveria bassiana — foliar + solo",IF(AND('🌱 Configuração'!$B$56+6>='🌱 Configuração'!$C$56,'🌱 Configuração'!$B$56+6<'🌱 Configuração'!$D$56,MOD('🌱 Configuração'!$B$56+6-'🌱 Configuração'!$C$56,7)=0,INT(('🌱 Configuração'!$B$56+6-'🌱 Configuração'!$C$56)/7)+1=3),"🟡 Calda Sulfocálcica (1%) — foliar",IF(AND('🌱 Configuração'!$B$56+6>='🌱 Configuração'!$C$56,'🌱 Configuração'!$B$56+6<'🌱 Configuração'!$D$56,MOD('🌱 Configuração'!$B$56+6-'🌱 Configuração'!$C$56,7)=0,INT(('🌱 Configuração'!$B$56+6-'🌱 Configuração'!$C$56)/7)+1=4),"🦠 Trichoderma (3 g/L) — solo",IF(AND('🌱 Configuração'!$B$56+6>='🌱 Configuração'!$C$56,'🌱 Configuração'!$B$56+6<'🌱 Configuração'!$D$56,MOD('🌱 Configuração'!$B$56+6-'🌱 Configuração'!$C$56,7)=0,INT(('🌱 Configuração'!$B$56+6-'🌱 Configuração'!$C$56)/7)+1=5),"🔵 Calda Bordalesa (0.5%) — foliar",IF(AND('🌱 Configuração'!$B$56+6>='🌱 Configuração'!$C$56,'🌱 Configuração'!$B$56+6<'🌱 Configuração'!$D$56,MOD('🌱 Configuração'!$B$56+6-'🌱 Configuração'!$C$56,7)=0,INT(('🌱 Configuração'!$B$56+6-'🌱 Configuração'!$C$56)/7)+1=6),"🌿 Nim (2 mL/L) — ⚠️ ÚLTIMA foliar",IF(AND('🌱 Configuração'!$B$56+6>='🌱 Configuração'!$C$56,'🌱 Configuração'!$B$56+6<'🌱 Configuração'!$D$56,MOD('🌱 Configuração'!$B$56+6-'🌱 Configuração'!$C$56,7)=0,INT(('🌱 Configuração'!$B$56+6-'🌱 Configuração'!$C$56)/7)+1=7),"🦠 Trichoderma — solo",IF(AND('🌱 Configuração'!$B$56+6>='🌱 Configuração'!$C$56,'🌱 Configuração'!$B$56+6<'🌱 Configuração'!$D$56,MOD('🌱 Configuração'!$B$56+6-'🌱 Configuração'!$C$56,7)=0,INT(('🌱 Configuração'!$B$56+6-'🌱 Configuração'!$C$56)/7)+1=8),"🍄 Beauveria — solo","")))))))),IF('🌱 Configuração'!$B$56+6<'🌱 Configuração'!$E$56,IF(AND('🌱 Configuração'!$B$56+6>='🌱 Configuração'!$D$56,'🌱 Configuração'!$B$56+6<'🌱 Configuração'!$E$56,MOD('🌱 Configuração'!$B$56+6-'🌱 Configuração'!$D$56,7)=0,INT(('🌱 Configuração'!$B$56+6-'🌱 Configuração'!$D$56)/7)+1=1),"🍄 Beauveria bassiana — SOLO apenas",IF(AND('🌱 Configuração'!$B$56+6>='🌱 Configuração'!$D$56,'🌱 Configuração'!$B$56+6<'🌱 Configuração'!$E$56,MOD('🌱 Configuração'!$B$56+6-'🌱 Configuração'!$D$56,7)=0,INT(('🌱 Configuração'!$B$56+6-'🌱 Configuração'!$D$56)/7)+1=2),"🦠 Trichoderma (3 g/L) — solo",IF(AND('🌱 Configuração'!$B$56+6>='🌱 Configuração'!$D$56,'🌱 Configuração'!$B$56+6<'🌱 Configuração'!$E$56,MOD('🌱 Configuração'!$B$56+6-'🌱 Configuração'!$D$56,7)=0,INT(('🌱 Configuração'!$B$56+6-'🌱 Configuração'!$D$56)/7)+1=3),"🍄 Beauveria bassiana — solo | ⚠️ Umid <45%",IF(AND('🌱 Configuração'!$B$56+6>='🌱 Configuração'!$D$56,'🌱 Configuração'!$B$56+6<'🌱 Configuração'!$E$56,MOD('🌱 Configuração'!$B$56+6-'🌱 Configuração'!$D$56,7)=0,INT(('🌱 Configuração'!$B$56+6-'🌱 Configuração'!$D$56)/7)+1=4),"🦠 Trichoderma — solo | Inspecionar buds",IF(AND('🌱 Configuração'!$B$56+6>='🌱 Configuração'!$D$56,'🌱 Configuração'!$B$56+6<'🌱 Configuração'!$E$56,MOD('🌱 Configuração'!$B$56+6-'🌱 Configuração'!$D$56,7)=0,INT(('🌱 Configuração'!$B$56+6-'🌱 Configuração'!$D$56)/7)+1=5),"🍄 Beauveria + inspeção visual buds",IF(AND('🌱 Configuração'!$B$56+6>='🌱 Configuração'!$D$56,'🌱 Configuração'!$B$56+6<'🌱 Configuração'!$E$56,MOD('🌱 Configuração'!$B$56+6-'🌱 Configuração'!$D$56,7)=0,INT(('🌱 Configuração'!$B$56+6-'🌱 Configuração'!$D$56)/7)+1=6),"🦠 Trichoderma + ⚠️ Verificar mofo","")))))),IF(AND('🌱 Configuração'!$B$56+6>='🌱 Configuração'!$E$56,MOD('🌱 Configuração'!$B$56+6-'🌱 Configuração'!$E$56,7)=0),"🔬 Inspeção final — analisar tricomas","")))))
B13: =IF(8<='🌱 Configuração'!$F$55,8,"") -> 8 | C13: =IF(8<='🌱 Configuração'!$F$55,'🌱 Configuração'!$B$56+7,"") -> 7 | D13: =IF(8>'🌱 Configuração'!$F$55,"",IF('🌱 Configuração'!$B$56+7<'🌱 Configuração'!$C$56,"🌱 Clone",IF('🌱 Configuração'!$B$56+7<'🌱 Configuração'!$D$56,"🌿 Vegetativo",IF('🌱 Configuração'!$B$56+7<'🌱 Configuração'!$E$56,"🌸 Floração","🚿 Flush")))) -> 🌱 Clone | E13: =IF(8>'🌱 Configuração'!$F$55,"",IF('🌱 Configuração'!$B$56+7<'🌱 Configuração'!$C$56,"Clone S"&INT((8-1)/7)+1,IF('🌱 Configuração'!$B$56+7<'🌱 Configuração'!$D$56,"Vega S"&INT(('🌱 Configuração'!$B$56+7-'🌱 Configuração'!$C$56)/7)+1,IF('🌱 Configuração'!$B$56+7<'🌱 Configuração'!$E$56,"Flora S"&INT(('🌱 Configuração'!$B$56+7-'🌱 Configuração'!$D$56)/7)+1,"Flush S"&INT(('🌱 Configuração'!$B$56+7-'🌱 Configuração'!$E$56)/7)+1)))) -> Clone S2 | F13: =IF(8>'🌱 Configuração'!$F$55,"",IF('🌱 Configuração'!$B$56+7='🌱 Configuração'!$C$56,"🌿 INÍCIO VEGA — luz 18h/dia",IF('🌱 Configuração'!$B$56+7='🌱 Configuração'!$D$56,"🌸 INÍCIO FLORAÇÃO — mudar 12/12 🔴",IF('🌱 Configuração'!$B$56+7='🌱 Configuração'!$E$56,"🚿 INÍCIO FLUSH — parar nutrição",IF('🌱 Configuração'!$B$56+7='🌱 Configuração'!$F$56-1,"🔬 Véspera da colheita — analisar tricomas",IF('🌱 Configuração'!$B$56+7='🌱 Configuração'!$F$56,"✂️ COLHEITA — Parabéns! 🎉","")))))) | G13: Root Juice 0.3 mL/L | Alg·A·Mic 0.5 mL/L | H13: =IF(8>'🌱 Configuração'!$F$55,"",IF('🌱 Configuração'!$B$56+7<'🌱 Configuração'!$C$56,IF(8=1,"🌿 Nim (2 mL/L) — foliar leve",IF(8=8,"🍄 Beauveria bassiana — foliar + solo","")),IF('🌱 Configuração'!$B$56+7<'🌱 Configuração'!$D$56,IF(AND('🌱 Configuração'!$B$56+7>='🌱 Configuração'!$C$56,'🌱 Configuração'!$B$56+7<'🌱 Configuração'!$D$56,MOD('🌱 Configuração'!$B$56+7-'🌱 Configuração'!$C$56,7)=0,INT(('🌱 Configuração'!$B$56+7-'🌱 Configuração'!$C$56)/7)+1=1),"🌿 Nim (2 mL/L) — foliar preventivo",IF(AND('🌱 Configuração'!$B$56+7>='🌱 Configuração'!$C$56,'🌱 Configuração'!$B$56+7<'🌱 Configuração'!$D$56,MOD('🌱 Configuração'!$B$56+7-'🌱 Configuração'!$C$56,7)=0,INT(('🌱 Configuração'!$B$56+7-'🌱 Configuração'!$C$56)/7)+1=2),"🍄 Beauveria bassiana — foliar + solo",IF(AND('🌱 Configuração'!$B$56+7>='🌱 Configuração'!$C$56,'🌱 Configuração'!$B$56+7<'🌱 Configuração'!$D$56,MOD('🌱 Configuração'!$B$56+7-'🌱 Configuração'!$C$56,7)=0,INT(('🌱 Configuração'!$B$56+7-'🌱 Configuração'!$C$56)/7)+1=3),"🟡 Calda Sulfocálcica (1%) — foliar",IF(AND('🌱 Configuração'!$B$56+7>='🌱 Configuração'!$C$56,'🌱 Configuração'!$B$56+7<'🌱 Configuração'!$D$56,MOD('🌱 Configuração'!$B$56+7-'🌱 Configuração'!$C$56,7)=0,INT(('🌱 Configuração'!$B$56+7-'🌱 Configuração'!$C$56)/7)+1=4),"🦠 Trichoderma (3 g/L) — solo",IF(AND('🌱 Configuração'!$B$56+7>='🌱 Configuração'!$C$56,'🌱 Configuração'!$B$56+7<'🌱 Configuração'!$D$56,MOD('🌱 Configuração'!$B$56+7-'🌱 Configuração'!$C$56,7)=0,INT(('🌱 Configuração'!$B$56+7-'🌱 Configuração'!$C$56)/7)+1=5),"🔵 Calda Bordalesa (0.5%) — foliar",IF(AND('🌱 Configuração'!$B$56+7>='🌱 Configuração'!$C$56,'🌱 Configuração'!$B$56+7<'🌱 Configuração'!$D$56,MOD('🌱 Configuração'!$B$56+7-'🌱 Configuração'!$C$56,7)=0,INT(('🌱 Configuração'!$B$56+7-'🌱 Configuração'!$C$56)/7)+1=6),"🌿 Nim (2 mL/L) — ⚠️ ÚLTIMA foliar",IF(AND('🌱 Configuração'!$B$56+7>='🌱 Configuração'!$C$56,'🌱 Configuração'!$B$56+7<'🌱 Configuração'!$D$56,MOD('🌱 Configuração'!$B$56+7-'🌱 Configuração'!$C$56,7)=0,INT(('🌱 Configuração'!$B$56+7-'🌱 Configuração'!$C$56)/7)+1=7),"🦠 Trichoderma — solo",IF(AND('🌱 Configuração'!$B$56+7>='🌱 Configuração'!$C$56,'🌱 Configuração'!$B$56+7<'🌱 Configuração'!$D$56,MOD('🌱 Configuração'!$B$56+7-'🌱 Configuração'!$C$56,7)=0,INT(('🌱 Configuração'!$B$56+7-'🌱 Configuração'!$C$56)/7)+1=8),"🍄 Beauveria — solo","")))))))),IF('🌱 Configuração'!$B$56+7<'🌱 Configuração'!$E$56,IF(AND('🌱 Configuração'!$B$56+7>='🌱 Configuração'!$D$56,'🌱 Configuração'!$B$56+7<'🌱 Configuração'!$E$56,MOD('🌱 Configuração'!$B$56+7-'🌱 Configuração'!$D$56,7)=0,INT(('🌱 Configuração'!$B$56+7-'🌱 Configuração'!$D$56)/7)+1=1),"🍄 Beauveria bassiana — SOLO apenas",IF(AND('🌱 Configuração'!$B$56+7>='🌱 Configuração'!$D$56,'🌱 Configuração'!$B$56+7<'🌱 Configuração'!$E$56,MOD('🌱 Configuração'!$B$56+7-'🌱 Configuração'!$D$56,7)=0,INT(('🌱 Configuração'!$B$56+7-'🌱 Configuração'!$D$56)/7)+1=2),"🦠 Trichoderma (3 g/L) — solo",IF(AND('🌱 Configuração'!$B$56+7>='🌱 Configuração'!$D$56,'🌱 Configuração'!$B$56+7<'🌱 Configuração'!$E$56,MOD('🌱 Configuração'!$B$56+7-'🌱 Configuração'!$D$56,7)=0,INT(('🌱 Configuração'!$B$56+7-'🌱 Configuração'!$D$56)/7)+1=3),"🍄 Beauveria bassiana — solo | ⚠️ Umid <45%",IF(AND('🌱 Configuração'!$B$56+7>='🌱 Configuração'!$D$56,'🌱 Configuração'!$B$56+7<'🌱 Configuração'!$E$56,MOD('🌱 Configuração'!$B$56+7-'🌱 Configuração'!$D$56,7)=0,INT(('🌱 Configuração'!$B$56+7-'🌱 Configuração'!$D$56)/7)+1=4),"🦠 Trichoderma — solo | Inspecionar buds",IF(AND('🌱 Configuração'!$B$56+7>='🌱 Configuração'!$D$56,'🌱 Configuração'!$B$56+7<'🌱 Configuração'!$E$56,MOD('🌱 Configuração'!$B$56+7-'🌱 Configuração'!$D$56,7)=0,INT(('🌱 Configuração'!$B$56+7-'🌱 Configuração'!$D$56)/7)+1=5),"🍄 Beauveria + inspeção visual buds",IF(AND('🌱 Configuração'!$B$56+7>='🌱 Configuração'!$D$56,'🌱 Configuração'!$B$56+7<'🌱 Configuração'!$E$56,MOD('🌱 Configuração'!$B$56+7-'🌱 Configuração'!$D$56,7)=0,INT(('🌱 Configuração'!$B$56+7-'🌱 Configuração'!$D$56)/7)+1=6),"🦠 Trichoderma + ⚠️ Verificar mofo","")))))),IF(AND('🌱 Configuração'!$B$56+7>='🌱 Configuração'!$E$56,MOD('🌱 Configuração'!$B$56+7-'🌱 Configuração'!$E$56,7)=0),"🔬 Inspeção final — analisar tricomas",""))))) -> 🍄 Beauveria bassiana — foliar + solo
B14: =IF(9<='🌱 Configuração'!$F$55,9,"") -> 9 | C14: =IF(9<='🌱 Configuração'!$F$55,'🌱 Configuração'!$B$56+8,"") -> 8 | D14: =IF(9>'🌱 Configuração'!$F$55,"",IF('🌱 Configuração'!$B$56+8<'🌱 Configuração'!$C$56,"🌱 Clone",IF('🌱 Configuração'!$B$56+8<'🌱 Configuração'!$D$56,"🌿 Vegetativo",IF('🌱 Configuração'!$B$56+8<'🌱 Configuração'!$E$56,"🌸 Floração","🚿 Flush")))) -> 🌱 Clone | E14: =IF(9>'🌱 Configuração'!$F$55,"",IF('🌱 Configuração'!$B$56+8<'🌱 Configuração'!$C$56,"Clone S"&INT((9-1)/7)+1,IF('🌱 Configuração'!$B$56+8<'🌱 Configuração'!$D$56,"Vega S"&INT(('🌱 Configuração'!$B$56+8-'🌱 Configuração'!$C$56)/7)+1,IF('🌱 Configuração'!$B$56+8<'🌱 Configuração'!$E$56,"Flora S"&INT(('🌱 Configuração'!$B$56+8-'🌱 Configuração'!$D$56)/7)+1,"Flush S"&INT(('🌱 Configuração'!$B$56+8-'🌱 Configuração'!$E$56)/7)+1)))) -> Clone S2 | F14: =IF(9>'🌱 Configuração'!$F$55,"",IF('🌱 Configuração'!$B$56+8='🌱 Configuração'!$C$56,"🌿 INÍCIO VEGA — luz 18h/dia",IF('🌱 Configuração'!$B$56+8='🌱 Configuração'!$D$56,"🌸 INÍCIO FLORAÇÃO — mudar 12/12 🔴",IF('🌱 Configuração'!$B$56+8='🌱 Configuração'!$E$56,"🚿 INÍCIO FLUSH — parar nutrição",IF('🌱 Configuração'!$B$56+8='🌱 Configuração'!$F$56-1,"🔬 Véspera da colheita — analisar tricomas",IF('🌱 Configuração'!$B$56+8='🌱 Configuração'!$F$56,"✂️ COLHEITA — Parabéns! 🎉","")))))) | H14: =IF(9>'🌱 Configuração'!$F$55,"",IF('🌱 Configuração'!$B$56+8<'🌱 Configuração'!$C$56,IF(9=1,"🌿 Nim (2 mL/L) — foliar leve",IF(9=8,"🍄 Beauveria bassiana — foliar + solo","")),IF('🌱 Configuração'!$B$56+8<'🌱 Configuração'!$D$56,IF(AND('🌱 Configuração'!$B$56+8>='🌱 Configuração'!$C$56,'🌱 Configuração'!$B$56+8<'🌱 Configuração'!$D$56,MOD('🌱 Configuração'!$B$56+8-'🌱 Configuração'!$C$56,7)=0,INT(('🌱 Configuração'!$B$56+8-'🌱 Configuração'!$C$56)/7)+1=1),"🌿 Nim (2 mL/L) — foliar preventivo",IF(AND('🌱 Configuração'!$B$56+8>='🌱 Configuração'!$C$56,'🌱 Configuração'!$B$56+8<'🌱 Configuração'!$D$56,MOD('🌱 Configuração'!$B$56+8-'🌱 Configuração'!$C$56,7)=0,INT(('🌱 Configuração'!$B$56+8-'🌱 Configuração'!$C$56)/7)+1=2),"🍄 Beauveria bassiana — foliar + solo",IF(AND('🌱 Configuração'!$B$56+8>='🌱 Configuração'!$C$56,'🌱 Configuração'!$B$56+8<'🌱 Configuração'!$D$56,MOD('🌱 Configuração'!$B$56+8-'🌱 Configuração'!$C$56,7)=0,INT(('🌱 Configuração'!$B$56+8-'🌱 Configuração'!$C$56)/7)+1=3),"🟡 Calda Sulfocálcica (1%) — foliar",IF(AND('🌱 Configuração'!$B$56+8>='🌱 Configuração'!$C$56,'🌱 Configuração'!$B$56+8<'🌱 Configuração'!$D$56,MOD('🌱 Configuração'!$B$56+8-'🌱 Configuração'!$C$56,7)=0,INT(('🌱 Configuração'!$B$56+8-'🌱 Configuração'!$C$56)/7)+1=4),"🦠 Trichoderma (3 g/L) — solo",IF(AND('🌱 Configuração'!$B$56+8>='🌱 Configuração'!$C$56,'🌱 Configuração'!$B$56+8<'🌱 Configuração'!$D$56,MOD('🌱 Configuração'!$B$56+8-'🌱 Configuração'!$C$56,7)=0,INT(('🌱 Configuração'!$B$56+8-'🌱 Configuração'!$C$56)/7)+1=5),"🔵 Calda Bordalesa (0.5%) — foliar",IF(AND('🌱 Configuração'!$B$56+8>='🌱 Configuração'!$C$56,'🌱 Configuração'!$B$56+8<'🌱 Configuração'!$D$56,MOD('🌱 Configuração'!$B$56+8-'🌱 Configuração'!$C$56,7)=0,INT(('🌱 Configuração'!$B$56+8-'🌱 Configuração'!$C$56)/7)+1=6),"🌿 Nim (2 mL/L) — ⚠️ ÚLTIMA foliar",IF(AND('🌱 Configuração'!$B$56+8>='🌱 Configuração'!$C$56,'🌱 Configuração'!$B$56+8<'🌱 Configuração'!$D$56,MOD('🌱 Configuração'!$B$56+8-'🌱 Configuração'!$C$56,7)=0,INT(('🌱 Configuração'!$B$56+8-'🌱 Configuração'!$C$56)/7)+1=7),"🦠 Trichoderma — solo",IF(AND('🌱 Configuração'!$B$56+8>='🌱 Configuração'!$C$56,'🌱 Configuração'!$B$56+8<'🌱 Configuração'!$D$56,MOD('🌱 Configuração'!$B$56+8-'🌱 Configuração'!$C$56,7)=0,INT(('🌱 Configuração'!$B$56+8-'🌱 Configuração'!$C$56)/7)+1=8),"🍄 Beauveria — solo","")))))))),IF('🌱 Configuração'!$B$56+8<'🌱 Configuração'!$E$56,IF(AND('🌱 Configuração'!$B$56+8>='🌱 Configuração'!$D$56,'🌱 Configuração'!$B$56+8<'🌱 Configuração'!$E$56,MOD('🌱 Configuração'!$B$56+8-'🌱 Configuração'!$D$56,7)=0,INT(('🌱 Configuração'!$B$56+8-'🌱 Configuração'!$D$56)/7)+1=1),"🍄 Beauveria bassiana — SOLO apenas",IF(AND('🌱 Configuração'!$B$56+8>='🌱 Configuração'!$D$56,'🌱 Configuração'!$B$56+8<'🌱 Configuração'!$E$56,MOD('🌱 Configuração'!$B$56+8-'🌱 Configuração'!$D$56,7)=0,INT(('🌱 Configuração'!$B$56+8-'🌱 Configuração'!$D$56)/7)+1=2),"🦠 Trichoderma (3 g/L) — solo",IF(AND('🌱 Configuração'!$B$56+8>='🌱 Configuração'!$D$56,'🌱 Configuração'!$B$56+8<'🌱 Configuração'!$E$56,MOD('🌱 Configuração'!$B$56+8-'🌱 Configuração'!$D$56,7)=0,INT(('🌱 Configuração'!$B$56+8-'🌱 Configuração'!$D$56)/7)+1=3),"🍄 Beauveria bassiana — solo | ⚠️ Umid <45%",IF(AND('🌱 Configuração'!$B$56+8>='🌱 Configuração'!$D$56,'🌱 Configuração'!$B$56+8<'🌱 Configuração'!$E$56,MOD('🌱 Configuração'!$B$56+8-'🌱 Configuração'!$D$56,7)=0,INT(('🌱 Configuração'!$B$56+8-'🌱 Configuração'!$D$56)/7)+1=4),"🦠 Trichoderma — solo | Inspecionar buds",IF(AND('🌱 Configuração'!$B$56+8>='🌱 Configuração'!$D$56,'🌱 Configuração'!$B$56+8<'🌱 Configuração'!$E$56,MOD('🌱 Configuração'!$B$56+8-'🌱 Configuração'!$D$56,7)=0,INT(('🌱 Configuração'!$B$56+8-'🌱 Configuração'!$D$56)/7)+1=5),"🍄 Beauveria + inspeção visual buds",IF(AND('🌱 Configuração'!$B$56+8>='🌱 Configuração'!$D$56,'🌱 Configuração'!$B$56+8<'🌱 Configuração'!$E$56,MOD('🌱 Configuração'!$B$56+8-'🌱 Configuração'!$D$56,7)=0,INT(('🌱 Configuração'!$B$56+8-'🌱 Configuração'!$D$56)/7)+1=6),"🦠 Trichoderma + ⚠️ Verificar mofo","")))))),IF(AND('🌱 Configuração'!$B$56+8>='🌱 Configuração'!$E$56,MOD('🌱 Configuração'!$B$56+8-'🌱 Configuração'!$E$56,7)=0),"🔬 Inspeção final — analisar tricomas","")))))
B15: =IF(10<='🌱 Configuração'!$F$55,10,"") -> 10 | C15: =IF(10<='🌱 Configuração'!$F$55,'🌱 Configuração'!$B$56+9,"") -> 9 | D15: =IF(10>'🌱 Configuração'!$F$55,"",IF('🌱 Configuração'!$B$56+9<'🌱 Configuração'!$C$56,"🌱 Clone",IF('🌱 Configuração'!$B$56+9<'🌱 Configuração'!$D$56,"🌿 Vegetativo",IF('🌱 Configuração'!$B$56+9<'🌱 Configuração'!$E$56,"🌸 Floração","🚿 Flush")))) -> 🌱 Clone | E15: =IF(10>'🌱 Configuração'!$F$55,"",IF('🌱 Configuração'!$B$56+9<'🌱 Configuração'!$C$56,"Clone S"&INT((10-1)/7)+1,IF('🌱 Configuração'!$B$56+9<'🌱 Configuração'!$D$56,"Vega S"&INT(('🌱 Configuração'!$B$56+9-'🌱 Configuração'!$C$56)/7)+1,IF('🌱 Configuração'!$B$56+9<'🌱 Configuração'!$E$56,"Flora S"&INT(('🌱 Configuração'!$B$56+9-'🌱 Configuração'!$D$56)/7)+1,"Flush S"&INT(('🌱 Configuração'!$B$56+9-'🌱 Configuração'!$E$56)/7)+1)))) -> Clone S2 | F15: =IF(10>'🌱 Configuração'!$F$55,"",IF('🌱 Configuração'!$B$56+9='🌱 Configuração'!$C$56,"🌿 INÍCIO VEGA — luz 18h/dia",IF('🌱 Configuração'!$B$56+9='🌱 Configuração'!$D$56,"🌸 INÍCIO FLORAÇÃO — mudar 12/12 🔴",IF('🌱 Configuração'!$B$56+9='🌱 Configuração'!$E$56,"🚿 INÍCIO FLUSH — parar nutrição",IF('🌱 Configuração'!$B$56+9='🌱 Configuração'!$F$56-1,"🔬 Véspera da colheita — analisar tricomas",IF('🌱 Configuração'!$B$56+9='🌱 Configuração'!$F$56,"✂️ COLHEITA — Parabéns! 🎉","")))))) | H15: =IF(10>'🌱 Configuração'!$F$55,"",IF('🌱 Configuração'!$B$56+9<'🌱 Configuração'!$C$56,IF(10=1,"🌿 Nim (2 mL/L) — foliar leve",IF(10=8,"🍄 Beauveria bassiana — foliar + solo","")),IF('🌱 Configuração'!$B$56+9<'🌱 Configuração'!$D$56,IF(AND('🌱 Configuração'!$B$56+9>='🌱 Configuração'!$C$56,'🌱 Configuração'!$B$56+9<'🌱 Configuração'!$D$56,MOD('🌱 Configuração'!$B$56+9-'🌱 Configuração'!$C$56,7)=0,INT(('🌱 Configuração'!$B$56+9-'🌱 Configuração'!$C$56)/7)+1=1),"🌿 Nim (2 mL/L) — foliar preventivo",IF(AND('🌱 Configuração'!$B$56+9>='🌱 Configuração'!$C$56,'🌱 Configuração'!$B$56+9<'🌱 Configuração'!$D$56,MOD('🌱 Configuração'!$B$56+9-'🌱 Configuração'!$C$56,7)=0,INT(('🌱 Configuração'!$B$56+9-'🌱 Configuração'!$C$56)/7)+1=2),"🍄 Beauveria bassiana — foliar + solo",IF(AND('🌱 Configuração'!$B$56+9>='🌱 Configuração'!$C$56,'🌱 Configuração'!$B$56+9<'🌱 Configuração'!$D$56,MOD('🌱 Configuração'!$B$56+9-'🌱 Configuração'!$C$56,7)=0,INT(('🌱 Configuração'!$B$56+9-'🌱 Configuração'!$C$56)/7)+1=3),"🟡 Calda Sulfocálcica (1%) — foliar",IF(AND('🌱 Configuração'!$B$56+9>='🌱 Configuração'!$C$56,'🌱 Configuração'!$B$56+9<'🌱 Configuração'!$D$56,MOD('🌱 Configuração'!$B$56+9-'🌱 Configuração'!$C$56,7)=0,INT(('🌱 Configuração'!$B$56+9-'🌱 Configuração'!$C$56)/7)+1=4),"🦠 Trichoderma (3 g/L) — solo",IF(AND('🌱 Configuração'!$B$56+9>='🌱 Configuração'!$C$56,'🌱 Configuração'!$B$56+9<'🌱 Configuração'!$D$56,MOD('🌱 Configuração'!$B$56+9-'🌱 Configuração'!$C$56,7)=0,INT(('🌱 Configuração'!$B$56+9-'🌱 Configuração'!$C$56)/7)+1=5),"🔵 Calda Bordalesa (0.5%) — foliar",IF(AND('🌱 Configuração'!$B$56+9>='🌱 Configuração'!$C$56,'🌱 Configuração'!$B$56+9<'🌱 Configuração'!$D$56,MOD('🌱 Configuração'!$B$56+9-'🌱 Configuração'!$C$56,7)=0,INT(('🌱 Configuração'!$B$56+9-'🌱 Configuração'!$C$56)/7)+1=6),"🌿 Nim (2 mL/L) — ⚠️ ÚLTIMA foliar",IF(AND('🌱 Configuração'!$B$56+9>='🌱 Configuração'!$C$56,'🌱 Configuração'!$B$56+9<'🌱 Configuração'!$D$56,MOD('🌱 Configuração'!$B$56+9-'🌱 Configuração'!$C$56,7)=0,INT(('🌱 Configuração'!$B$56+9-'🌱 Configuração'!$C$56)/7)+1=7),"🦠 Trichoderma — solo",IF(AND('🌱 Configuração'!$B$56+9>='🌱 Configuração'!$C$56,'🌱 Configuração'!$B$56+9<'🌱 Configuração'!$D$56,MOD('🌱 Configuração'!$B$56+9-'🌱 Configuração'!$C$56,7)=0,INT(('🌱 Configuração'!$B$56+9-'🌱 Configuração'!$C$56)/7)+1=8),"🍄 Beauveria — solo","")))))))),IF('🌱 Configuração'!$B$56+9<'🌱 Configuração'!$E$56,IF(AND('🌱 Configuração'!$B$56+9>='🌱 Configuração'!$D$56,'🌱 Configuração'!$B$56+9<'🌱 Configuração'!$E$56,MOD('🌱 Configuração'!$B$56+9-'🌱 Configuração'!$D$56,7)=0,INT(('🌱 Configuração'!$B$56+9-'🌱 Configuração'!$D$56)/7)+1=1),"🍄 Beauveria bassiana — SOLO apenas",IF(AND('🌱 Configuração'!$B$56+9>='🌱 Configuração'!$D$56,'🌱 Configuração'!$B$56+9<'🌱 Configuração'!$E$56,MOD('🌱 Configuração'!$B$56+9-'🌱 Configuração'!$D$56,7)=0,INT(('🌱 Configuração'!$B$56+9-'🌱 Configuração'!$D$56)/7)+1=2),"🦠 Trichoderma (3 g/L) — solo",IF(AND('🌱 Configuração'!$B$56+9>='🌱 Configuração'!$D$56,'🌱 Configuração'!$B$56+9<'🌱 Configuração'!$E$56,MOD('🌱 Configuração'!$B$56+9-'🌱 Configuração'!$D$56,7)=0,INT(('🌱 Configuração'!$B$56+9-'🌱 Configuração'!$D$56)/7)+1=3),"🍄 Beauveria bassiana — solo | ⚠️ Umid <45%",IF(AND('🌱 Configuração'!$B$56+9>='🌱 Configuração'!$D$56,'🌱 Configuração'!$B$56+9<'🌱 Configuração'!$E$56,MOD('🌱 Configuração'!$B$56+9-'🌱 Configuração'!$D$56,7)=0,INT(('🌱 Configuração'!$B$56+9-'🌱 Configuração'!$D$56)/7)+1=4),"🦠 Trichoderma — solo | Inspecionar buds",IF(AND('🌱 Configuração'!$B$56+9>='🌱 Configuração'!$D$56,'🌱 Configuração'!$B$56+9<'🌱 Configuração'!$E$56,MOD('🌱 Configuração'!$B$56+9-'🌱 Configuração'!$D$56,7)=0,INT(('🌱 Configuração'!$B$56+9-'🌱 Configuração'!$D$56)/7)+1=5),"🍄 Beauveria + inspeção visual buds",IF(AND('🌱 Configuração'!$B$56+9>='🌱 Configuração'!$D$56,'🌱 Configuração'!$B$56+9<'🌱 Configuração'!$E$56,MOD('🌱 Configuração'!$B$56+9-'🌱 Configuração'!$D$56,7)=0,INT(('🌱 Configuração'!$B$56+9-'🌱 Configuração'!$D$56)/7)+1=6),"🦠 Trichoderma + ⚠️ Verificar mofo","")))))),IF(AND('🌱 Configuração'!$B$56+9>='🌱 Configuração'!$E$56,MOD('🌱 Configuração'!$B$56+9-'🌱 Configuração'!$E$56,7)=0),"🔬 Inspeção final — analisar tricomas","")))))
B16: =IF(11<='🌱 Configuração'!$F$55,11,"") -> 11 | C16: =IF(11<='🌱 Configuração'!$F$55,'🌱 Configuração'!$B$56+10,"") -> 10 | D16: =IF(11>'🌱 Configuração'!$F$55,"",IF('🌱 Configuração'!$B$56+10<'🌱 Configuração'!$C$56,"🌱 Clone",IF('🌱 Configuração'!$B$56+10<'🌱 Configuração'!$D$56,"🌿 Vegetativo",IF('🌱 Configuração'!$B$56+10<'🌱 Configuração'!$E$56,"🌸 Floração","🚿 Flush")))) -> 🌱 Clone | E16: =IF(11>'🌱 Configuração'!$F$55,"",IF('🌱 Configuração'!$B$56+10<'🌱 Configuração'!$C$56,"Clone S"&INT((11-1)/7)+1,IF('🌱 Configuração'!$B$56+10<'🌱 Configuração'!$D$56,"Vega S"&INT(('🌱 Configuração'!$B$56+10-'🌱 Configuração'!$C$56)/7)+1,IF('🌱 Configuração'!$B$56+10<'🌱 Configuração'!$E$56,"Flora S"&INT(('🌱 Configuração'!$B$56+10-'🌱 Configuração'!$D$56)/7)+1,"Flush S"&INT(('🌱 Configuração'!$B$56+10-'🌱 Configuração'!$E$56)/7)+1)))) -> Clone S2 | F16: =IF(11>'🌱 Configuração'!$F$55,"",IF('🌱 Configuração'!$B$56+10='🌱 Configuração'!$C$56,"🌿 INÍCIO VEGA — luz 18h/dia",IF('🌱 Configuração'!$B$56+10='🌱 Configuração'!$D$56,"🌸 INÍCIO FLORAÇÃO — mudar 12/12 🔴",IF('🌱 Configuração'!$B$56+10='🌱 Configuração'!$E$56,"🚿 INÍCIO FLUSH — parar nutrição",IF('🌱 Configuração'!$B$56+10='🌱 Configuração'!$F$56-1,"🔬 Véspera da colheita — analisar tricomas",IF('🌱 Configuração'!$B$56+10='🌱 Configuração'!$F$56,"✂️ COLHEITA — Parabéns! 🎉","")))))) | H16: =IF(11>'🌱 Configuração'!$F$55,"",IF('🌱 Configuração'!$B$56+10<'🌱 Configuração'!$C$56,IF(11=1,"🌿 Nim (2 mL/L) — foliar leve",IF(11=8,"🍄 Beauveria bassiana — foliar + solo","")),IF('🌱 Configuração'!$B$56+10<'🌱 Configuração'!$D$56,IF(AND('🌱 Configuração'!$B$56+10>='🌱 Configuração'!$C$56,'🌱 Configuração'!$B$56+10<'🌱 Configuração'!$D$56,MOD('🌱 Configuração'!$B$56+10-'🌱 Configuração'!$C$56,7)=0,INT(('🌱 Configuração'!$B$56+10-'🌱 Configuração'!$C$56)/7)+1=1),"🌿 Nim (2 mL/L) — foliar preventivo",IF(AND('🌱 Configuração'!$B$56+10>='🌱 Configuração'!$C$56,'🌱 Configuração'!$B$56+10<'🌱 Configuração'!$D$56,MOD('🌱 Configuração'!$B$56+10-'🌱 Configuração'!$C$56,7)=0,INT(('🌱 Configuração'!$B$56+10-'🌱 Configuração'!$C$56)/7)+1=2),"🍄 Beauveria bassiana — foliar + solo",IF(AND('🌱 Configuração'!$B$56+10>='🌱 Configuração'!$C$56,'🌱 Configuração'!$B$56+10<'🌱 Configuração'!$D$56,MOD('🌱 Configuração'!$B$56+10-'🌱 Configuração'!$C$56,7)=0,INT(('🌱 Configuração'!$B$56+10-'🌱 Configuração'!$C$56)/7)+1=3),"🟡 Calda Sulfocálcica (1%) — foliar",IF(AND('🌱 Configuração'!$B$56+10>='🌱 Configuração'!$C$56,'🌱 Configuração'!$B$56+10<'🌱 Configuração'!$D$56,MOD('🌱 Configuração'!$B$56+10-'🌱 Configuração'!$C$56,7)=0,INT(('🌱 Configuração'!$B$56+10-'🌱 Configuração'!$C$56)/7)+1=4),"🦠 Trichoderma (3 g/L) — solo",IF(AND('🌱 Configuração'!$B$56+10>='🌱 Configuração'!$C$56,'🌱 Configuração'!$B$56+10<'🌱 Configuração'!$D$56,MOD('🌱 Configuração'!$B$56+10-'🌱 Configuração'!$C$56,7)=0,INT(('🌱 Configuração'!$B$56+10-'🌱 Configuração'!$C$56)/7)+1=5),"🔵 Calda Bordalesa (0.5%) — foliar",IF(AND('🌱 Configuração'!$B$56+10>='🌱 Configuração'!$C$56,'🌱 Configuração'!$B$56+10<'🌱 Configuração'!$D$56,MOD('🌱 Configuração'!$B$56+10-'🌱 Configuração'!$C$56,7)=0,INT(('🌱 Configuração'!$B$56+10-'🌱 Configuração'!$C$56)/7)+1=6),"🌿 Nim (2 mL/L) — ⚠️ ÚLTIMA foliar",IF(AND('🌱 Configuração'!$B$56+10>='🌱 Configuração'!$C$56,'🌱 Configuração'!$B$56+10<'🌱 Configuração'!$D$56,MOD('🌱 Configuração'!$B$56+10-'🌱 Configuração'!$C$56,7)=0,INT(('🌱 Configuração'!$B$56+10-'🌱 Configuração'!$C$56)/7)+1=7),"🦠 Trichoderma — solo",IF(AND('🌱 Configuração'!$B$56+10>='🌱 Configuração'!$C$56,'🌱 Configuração'!$B$56+10<'🌱 Configuração'!$D$56,MOD('🌱 Configuração'!$B$56+10-'🌱 Configuração'!$C$56,7)=0,INT(('🌱 Configuração'!$B$56+10-'🌱 Configuração'!$C$56)/7)+1=8),"🍄 Beauveria — solo","")))))))),IF('🌱 Configuração'!$B$56+10<'🌱 Configuração'!$E$56,IF(AND('🌱 Configuração'!$B$56+10>='🌱 Configuração'!$D$56,'🌱 Configuração'!$B$56+10<'🌱 Configuração'!$E$56,MOD('🌱 Configuração'!$B$56+10-'🌱 Configuração'!$D$56,7)=0,INT(('🌱 Configuração'!$B$56+10-'🌱 Configuração'!$D$56)/7)+1=1),"🍄 Beauveria bassiana — SOLO apenas",IF(AND('🌱 Configuração'!$B$56+10>='🌱 Configuração'!$D$56,'🌱 Configuração'!$B$56+10<'🌱 Configuração'!$E$56,MOD('🌱 Configuração'!$B$56+10-'🌱 Configuração'!$D$56,7)=0,INT(('🌱 Configuração'!$B$56+10-'🌱 Configuração'!$D$56)/7)+1=2),"🦠 Trichoderma (3 g/L) — solo",IF(AND('🌱 Configuração'!$B$56+10>='🌱 Configuração'!$D$56,'🌱 Configuração'!$B$56+10<'🌱 Configuração'!$E$56,MOD('🌱 Configuração'!$B$56+10-'🌱 Configuração'!$D$56,7)=0,INT(('🌱 Configuração'!$B$56+10-'🌱 Configuração'!$D$56)/7)+1=3),"🍄 Beauveria bassiana — solo | ⚠️ Umid <45%",IF(AND('🌱 Configuração'!$B$56+10>='🌱 Configuração'!$D$56,'🌱 Configuração'!$B$56+10<'🌱 Configuração'!$E$56,MOD('🌱 Configuração'!$B$56+10-'🌱 Configuração'!$D$56,7)=0,INT(('🌱 Configuração'!$B$56+10-'🌱 Configuração'!$D$56)/7)+1=4),"🦠 Trichoderma — solo | Inspecionar buds",IF(AND('🌱 Configuração'!$B$56+10>='🌱 Configuração'!$D$56,'🌱 Configuração'!$B$56+10<'🌱 Configuração'!$E$56,MOD('🌱 Configuração'!$B$56+10-'🌱 Configuração'!$D$56,7)=0,INT(('🌱 Configuração'!$B$56+10-'🌱 Configuração'!$D$56)/7)+1=5),"🍄 Beauveria + inspeção visual buds",IF(AND('🌱 Configuração'!$B$56+10>='🌱 Configuração'!$D$56,'🌱 Configuração'!$B$56+10<'🌱 Configuração'!$E$56,MOD('🌱 Configuração'!$B$56+10-'🌱 Configuração'!$D$56,7)=0,INT(('🌱 Configuração'!$B$56+10-'🌱 Configuração'!$D$56)/7)+1=6),"🦠 Trichoderma + ⚠️ Verificar mofo","")))))),IF(AND('🌱 Configuração'!$B$56+10>='🌱 Configuração'!$E$56,MOD('🌱 Configuração'!$B$56+10-'🌱 Configuração'!$E$56,7)=0),"🔬 Inspeção final — analisar tricomas","")))))
B17: =IF(12<='🌱 Configuração'!$F$55,12,"") -> 12 | C17: =IF(12<='🌱 Configuração'!$F$55,'🌱 Configuração'!$B$56+11,"") -> 11 | D17: =IF(12>'🌱 Configuração'!$F$55,"",IF('🌱 Configuração'!$B$56+11<'🌱 Configuração'!$C$56,"🌱 Clone",IF('🌱 Configuração'!$B$56+11<'🌱 Configuração'!$D$56,"🌿 Vegetativo",IF('🌱 Configuração'!$B$56+11<'🌱 Configuração'!$E$56,"🌸 Floração","🚿 Flush")))) -> 🌱 Clone | E17: =IF(12>'🌱 Configuração'!$F$55,"",IF('🌱 Configuração'!$B$56+11<'🌱 Configuração'!$C$56,"Clone S"&INT((12-1)/7)+1,IF('🌱 Configuração'!$B$56+11<'🌱 Configuração'!$D$56,"Vega S"&INT(('🌱 Configuração'!$B$56+11-'🌱 Configuração'!$C$56)/7)+1,IF('🌱 Configuração'!$B$56+11<'🌱 Configuração'!$E$56,"Flora S"&INT(('🌱 Configuração'!$B$56+11-'🌱 Configuração'!$D$56)/7)+1,"Flush S"&INT(('🌱 Configuração'!$B$56+11-'🌱 Configuração'!$E$56)/7)+1)))) -> Clone S2 | F17: =IF(12>'🌱 Configuração'!$F$55,"",IF('🌱 Configuração'!$B$56+11='🌱 Configuração'!$C$56,"🌿 INÍCIO VEGA — luz 18h/dia",IF('🌱 Configuração'!$B$56+11='🌱 Configuração'!$D$56,"🌸 INÍCIO FLORAÇÃO — mudar 12/12 🔴",IF('🌱 Configuração'!$B$56+11='🌱 Configuração'!$E$56,"🚿 INÍCIO FLUSH — parar nutrição",IF('🌱 Configuração'!$B$56+11='🌱 Configuração'!$F$56-1,"🔬 Véspera da colheita — analisar tricomas",IF('🌱 Configuração'!$B$56+11='🌱 Configuração'!$F$56,"✂️ COLHEITA — Parabéns! 🎉","")))))) | H17: =IF(12>'🌱 Configuração'!$F$55,"",IF('🌱 Configuração'!$B$56+11<'🌱 Configuração'!$C$56,IF(12=1,"🌿 Nim (2 mL/L) — foliar leve",IF(12=8,"🍄 Beauveria bassiana — foliar + solo","")),IF('🌱 Configuração'!$B$56+11<'🌱 Configuração'!$D$56,IF(AND('🌱 Configuração'!$B$56+11>='🌱 Configuração'!$C$56,'🌱 Configuração'!$B$56+11<'🌱 Configuração'!$D$56,MOD('🌱 Configuração'!$B$56+11-'🌱 Configuração'!$C$56,7)=0,INT(('🌱 Configuração'!$B$56+11-'🌱 Configuração'!$C$56)/7)+1=1),"🌿 Nim (2 mL/L) — foliar preventivo",IF(AND('🌱 Configuração'!$B$56+11>='🌱 Configuração'!$C$56,'🌱 Configuração'!$B$56+11<'🌱 Configuração'!$D$56,MOD('🌱 Configuração'!$B$56+11-'🌱 Configuração'!$C$56,7)=0,INT(('🌱 Configuração'!$B$56+11-'🌱 Configuração'!$C$56)/7)+1=2),"🍄 Beauveria bassiana — foliar + solo",IF(AND('🌱 Configuração'!$B$56+11>='🌱 Configuração'!$C$56,'🌱 Configuração'!$B$56+11<'🌱 Configuração'!$D$56,MOD('🌱 Configuração'!$B$56+11-'🌱 Configuração'!$C$56,7)=0,INT(('🌱 Configuração'!$B$56+11-'🌱 Configuração'!$C$56)/7)+1=3),"🟡 Calda Sulfocálcica (1%) — foliar",IF(AND('🌱 Configuração'!$B$56+11>='🌱 Configuração'!$C$56,'🌱 Configuração'!$B$56+11<'🌱 Configuração'!$D$56,MOD('🌱 Configuração'!$B$56+11-'🌱 Configuração'!$C$56,7)=0,INT(('🌱 Configuração'!$B$56+11-'🌱 Configuração'!$C$56)/7)+1=4),"🦠 Trichoderma (3 g/L) — solo",IF(AND('🌱 Configuração'!$B$56+11>='🌱 Configuração'!$C$56,'🌱 Configuração'!$B$56+11<'🌱 Configuração'!$D$56,MOD('🌱 Configuração'!$B$56+11-'🌱 Configuração'!$C$56,7)=0,INT(('🌱 Configuração'!$B$56+11-'🌱 Configuração'!$C$56)/7)+1=5),"🔵 Calda Bordalesa (0.5%) — foliar",IF(AND('🌱 Configuração'!$B$56+11>='🌱 Configuração'!$C$56,'🌱 Configuração'!$B$56+11<'🌱 Configuração'!$D$56,MOD('🌱 Configuração'!$B$56+11-'🌱 Configuração'!$C$56,7)=0,INT(('🌱 Configuração'!$B$56+11-'🌱 Configuração'!$C$56)/7)+1=6),"🌿 Nim (2 mL/L) — ⚠️ ÚLTIMA foliar",IF(AND('🌱 Configuração'!$B$56+11>='🌱 Configuração'!$C$56,'🌱 Configuração'!$B$56+11<'🌱 Configuração'!$D$56,MOD('🌱 Configuração'!$B$56+11-'🌱 Configuração'!$C$56,7)=0,INT(('🌱 Configuração'!$B$56+11-'🌱 Configuração'!$C$56)/7)+1=7),"🦠 Trichoderma — solo",IF(AND('🌱 Configuração'!$B$56+11>='🌱 Configuração'!$C$56,'🌱 Configuração'!$B$56+11<'🌱 Configuração'!$D$56,MOD('🌱 Configuração'!$B$56+11-'🌱 Configuração'!$C$56,7)=0,INT(('🌱 Configuração'!$B$56+11-'🌱 Configuração'!$C$56)/7)+1=8),"🍄 Beauveria — solo","")))))))),IF('🌱 Configuração'!$B$56+11<'🌱 Configuração'!$E$56,IF(AND('🌱 Configuração'!$B$56+11>='🌱 Configuração'!$D$56,'🌱 Configuração'!$B$56+11<'🌱 Configuração'!$E$56,MOD('🌱 Configuração'!$B$56+11-'🌱 Configuração'!$D$56,7)=0,INT(('🌱 Configuração'!$B$56+11-'🌱 Configuração'!$D$56)/7)+1=1),"🍄 Beauveria bassiana — SOLO apenas",IF(AND('🌱 Configuração'!$B$56+11>='🌱 Configuração'!$D$56,'🌱 Configuração'!$B$56+11<'🌱 Configuração'!$E$56,MOD('🌱 Configuração'!$B$56+11-'🌱 Configuração'!$D$56,7)=0,INT(('🌱 Configuração'!$B$56+11-'🌱 Configuração'!$D$56)/7)+1=2),"🦠 Trichoderma (3 g/L) — solo",IF(AND('🌱 Configuração'!$B$56+11>='🌱 Configuração'!$D$56,'🌱 Configuração'!$B$56+11<'🌱 Configuração'!$E$56,MOD('🌱 Configuração'!$B$56+11-'🌱 Configuração'!$D$56,7)=0,INT(('🌱 Configuração'!$B$56+11-'🌱 Configuração'!$D$56)/7)+1=3),"🍄 Beauveria bassiana — solo | ⚠️ Umid <45%",IF(AND('🌱 Configuração'!$B$56+11>='🌱 Configuração'!$D$56,'🌱 Configuração'!$B$56+11<'🌱 Configuração'!$E$56,MOD('🌱 Configuração'!$B$56+11-'🌱 Configuração'!$D$56,7)=0,INT(('🌱 Configuração'!$B$56+11-'🌱 Configuração'!$D$56)/7)+1=4),"🦠 Trichoderma — solo | Inspecionar buds",IF(AND('🌱 Configuração'!$B$56+11>='🌱 Configuração'!$D$56,'🌱 Configuração'!$B$56+11<'🌱 Configuração'!$E$56,MOD('🌱 Configuração'!$B$56+11-'🌱 Configuração'!$D$56,7)=0,INT(('🌱 Configuração'!$B$56+11-'🌱 Configuração'!$D$56)/7)+1=5),"🍄 Beauveria + inspeção visual buds",IF(AND('🌱 Configuração'!$B$56+11>='🌱 Configuração'!$D$56,'🌱 Configuração'!$B$56+11<'🌱 Configuração'!$E$56,MOD('🌱 Configuração'!$B$56+11-'🌱 Configuração'!$D$56,7)=0,INT(('🌱 Configuração'!$B$56+11-'🌱 Configuração'!$D$56)/7)+1=6),"🦠 Trichoderma + ⚠️ Verificar mofo","")))))),IF(AND('🌱 Configuração'!$B$56+11>='🌱 Configuração'!$E$56,MOD('🌱 Configuração'!$B$56+11-'🌱 Configuração'!$E$56,7)=0),"🔬 Inspeção final — analisar tricomas","")))))
B18: =IF(13<='🌱 Configuração'!$F$55,13,"") -> 13 | C18: =IF(13<='🌱 Configuração'!$F$55,'🌱 Configuração'!$B$56+12,"") -> 12 | D18: =IF(13>'🌱 Configuração'!$F$55,"",IF('🌱 Configuração'!$B$56+12<'🌱 Configuração'!$C$56,"🌱 Clone",IF('🌱 Configuração'!$B$56+12<'🌱 Configuração'!$D$56,"🌿 Vegetativo",IF('🌱 Configuração'!$B$56+12<'🌱 Configuração'!$E$56,"🌸 Floração","🚿 Flush")))) -> 🌱 Clone | E18: =IF(13>'🌱 Configuração'!$F$55,"",IF('🌱 Configuração'!$B$56+12<'🌱 Configuração'!$C$56,"Clone S"&INT((13-1)/7)+1,IF('🌱 Configuração'!$B$56+12<'🌱 Configuração'!$D$56,"Vega S"&INT(('🌱 Configuração'!$B$56+12-'🌱 Configuração'!$C$56)/7)+1,IF('🌱 Configuração'!$B$56+12<'🌱 Configuração'!$E$56,"Flora S"&INT(('🌱 Configuração'!$B$56+12-'🌱 Configuração'!$D$56)/7)+1,"Flush S"&INT(('🌱 Configuração'!$B$56+12-'🌱 Configuração'!$E$56)/7)+1)))) -> Clone S2 | F18: =IF(13>'🌱 Configuração'!$F$55,"",IF('🌱 Configuração'!$B$56+12='🌱 Configuração'!$C$56,"🌿 INÍCIO VEGA — luz 18h/dia",IF('🌱 Configuração'!$B$56+12='🌱 Configuração'!$D$56,"🌸 INÍCIO FLORAÇÃO — mudar 12/12 🔴",IF('🌱 Configuração'!$B$56+12='🌱 Configuração'!$E$56,"🚿 INÍCIO FLUSH — parar nutrição",IF('🌱 Configuração'!$B$56+12='🌱 Configuração'!$F$56-1,"🔬 Véspera da colheita — analisar tricomas",IF('🌱 Configuração'!$B$56+12='🌱 Configuração'!$F$56,"✂️ COLHEITA — Parabéns! 🎉","")))))) | H18: =IF(13>'🌱 Configuração'!$F$55,"",IF('🌱 Configuração'!$B$56+12<'🌱 Configuração'!$C$56,IF(13=1,"🌿 Nim (2 mL/L) — foliar leve",IF(13=8,"🍄 Beauveria bassiana — foliar + solo","")),IF('🌱 Configuração'!$B$56+12<'🌱 Configuração'!$D$56,IF(AND('🌱 Configuração'!$B$56+12>='🌱 Configuração'!$C$56,'🌱 Configuração'!$B$56+12<'🌱 Configuração'!$D$56,MOD('🌱 Configuração'!$B$56+12-'🌱 Configuração'!$C$56,7)=0,INT(('🌱 Configuração'!$B$56+12-'🌱 Configuração'!$C$56)/7)+1=1),"🌿 Nim (2 mL/L) — foliar preventivo",IF(AND('🌱 Configuração'!$B$56+12>='🌱 Configuração'!$C$56,'🌱 Configuração'!$B$56+12<'🌱 Configuração'!$D$56,MOD('🌱 Configuração'!$B$56+12-'🌱 Configuração'!$C$56,7)=0,INT(('🌱 Configuração'!$B$56+12-'🌱 Configuração'!$C$56)/7)+1=2),"🍄 Beauveria bassiana — foliar + solo",IF(AND('🌱 Configuração'!$B$56+12>='🌱 Configuração'!$C$56,'🌱 Configuração'!$B$56+12<'🌱 Configuração'!$D$56,MOD('🌱 Configuração'!$B$56+12-'🌱 Configuração'!$C$56,7)=0,INT(('🌱 Configuração'!$B$56+12-'🌱 Configuração'!$C$56)/7)+1=3),"🟡 Calda Sulfocálcica (1%) — foliar",IF(AND('🌱 Configuração'!$B$56+12>='🌱 Configuração'!$C$56,'🌱 Configuração'!$B$56+12<'🌱 Configuração'!$D$56,MOD('🌱 Configuração'!$B$56+12-'🌱 Configuração'!$C$56,7)=0,INT(('🌱 Configuração'!$B$56+12-'🌱 Configuração'!$C$56)/7)+1=4),"🦠 Trichoderma (3 g/L) — solo",IF(AND('🌱 Configuração'!$B$56+12>='🌱 Configuração'!$C$56,'🌱 Configuração'!$B$56+12<'🌱 Configuração'!$D$56,MOD('🌱 Configuração'!$B$56+12-'🌱 Configuração'!$C$56,7)=0,INT(('🌱 Configuração'!$B$56+12-'🌱 Configuração'!$C$56)/7)+1=5),"🔵 Calda Bordalesa (0.5%) — foliar",IF(AND('🌱 Configuração'!$B$56+12>='🌱 Configuração'!$C$56,'🌱 Configuração'!$B$56+12<'🌱 Configuração'!$D$56,MOD('🌱 Configuração'!$B$56+12-'🌱 Configuração'!$C$56,7)=0,INT(('🌱 Configuração'!$B$56+12-'🌱 Configuração'!$C$56)/7)+1=6),"🌿 Nim (2 mL/L) — ⚠️ ÚLTIMA foliar",IF(AND('🌱 Configuração'!$B$56+12>='🌱 Configuração'!$C$56,'🌱 Configuração'!$B$56+12<'🌱 Configuração'!$D$56,MOD('🌱 Configuração'!$B$56+12-'🌱 Configuração'!$C$56,7)=0,INT(('🌱 Configuração'!$B$56+12-'🌱 Configuração'!$C$56)/7)+1=7),"🦠 Trichoderma — solo",IF(AND('🌱 Configuração'!$B$56+12>='🌱 Configuração'!$C$56,'🌱 Configuração'!$B$56+12<'🌱 Configuração'!$D$56,MOD('🌱 Configuração'!$B$56+12-'🌱 Configuração'!$C$56,7)=0,INT(('🌱 Configuração'!$B$56+12-'🌱 Configuração'!$C$56)/7)+1=8),"🍄 Beauveria — solo","")))))))),IF('🌱 Configuração'!$B$56+12<'🌱 Configuração'!$E$56,IF(AND('🌱 Configuração'!$B$56+12>='🌱 Configuração'!$D$56,'🌱 Configuração'!$B$56+12<'🌱 Configuração'!$E$56,MOD('🌱 Configuração'!$B$56+12-'🌱 Configuração'!$D$56,7)=0,INT(('🌱 Configuração'!$B$56+12-'🌱 Configuração'!$D$56)/7)+1=1),"🍄 Beauveria bassiana — SOLO apenas",IF(AND('🌱 Configuração'!$B$56+12>='🌱 Configuração'!$D$56,'🌱 Configuração'!$B$56+12<'🌱 Configuração'!$E$56,MOD('🌱 Configuração'!$B$56+12-'🌱 Configuração'!$D$56,7)=0,INT(('🌱 Configuração'!$B$56+12-'🌱 Configuração'!$D$56)/7)+1=2),"🦠 Trichoderma (3 g/L) — solo",IF(AND('🌱 Configuração'!$B$56+12>='🌱 Configuração'!$D$56,'🌱 Configuração'!$B$56+12<'🌱 Configuração'!$E$56,MOD('🌱 Configuração'!$B$56+12-'🌱 Configuração'!$D$56,7)=0,INT(('🌱 Configuração'!$B$56+12-'🌱 Configuração'!$D$56)/7)+1=3),"🍄 Beauveria bassiana — solo | ⚠️ Umid <45%",IF(AND('🌱 Configuração'!$B$56+12>='🌱 Configuração'!$D$56,'🌱 Configuração'!$B$56+12<'🌱 Configuração'!$E$56,MOD('🌱 Configuração'!$B$56+12-'🌱 Configuração'!$D$56,7)=0,INT(('🌱 Configuração'!$B$56+12-'🌱 Configuração'!$D$56)/7)+1=4),"🦠 Trichoderma — solo | Inspecionar buds",IF(AND('🌱 Configuração'!$B$56+12>='🌱 Configuração'!$D$56,'🌱 Configuração'!$B$56+12<'🌱 Configuração'!$E$56,MOD('🌱 Configuração'!$B$56+12-'🌱 Configuração'!$D$56,7)=0,INT(('🌱 Configuração'!$B$56+12-'🌱 Configuração'!$D$56)/7)+1=5),"🍄 Beauveria + inspeção visual buds",IF(AND('🌱 Configuração'!$B$56+12>='🌱 Configuração'!$D$56,'🌱 Configuração'!$B$56+12<'🌱 Configuração'!$E$56,MOD('🌱 Configuração'!$B$56+12-'🌱 Configuração'!$D$56,7)=0,INT(('🌱 Configuração'!$B$56+12-'🌱 Configuração'!$D$56)/7)+1=6),"🦠 Trichoderma + ⚠️ Verificar mofo","")))))),IF(AND('🌱 Configuração'!$B$56+12>='🌱 Configuração'!$E$56,MOD('🌱 Configuração'!$B$56+12-'🌱 Configuração'!$E$56,7)=0),"🔬 Inspeção final — analisar tricomas","")))))
B19: =IF(14<='🌱 Configuração'!$F$55,14,"") -> 14 | C19: =IF(14<='🌱 Configuração'!$F$55,'🌱 Configuração'!$B$56+13,"") -> 13 | D19: =IF(14>'🌱 Configuração'!$F$55,"",IF('🌱 Configuração'!$B$56+13<'🌱 Configuração'!$C$56,"🌱 Clone",IF('🌱 Configuração'!$B$56+13<'🌱 Configuração'!$D$56,"🌿 Vegetativo",IF('🌱 Configuração'!$B$56+13<'🌱 Configuração'!$E$56,"🌸 Floração","🚿 Flush")))) -> 🌱 Clone | E19: =IF(14>'🌱 Configuração'!$F$55,"",IF('🌱 Configuração'!$B$56+13<'🌱 Configuração'!$C$56,"Clone S"&INT((14-1)/7)+1,IF('🌱 Configuração'!$B$56+13<'🌱 Configuração'!$D$56,"Vega S"&INT(('🌱 Configuração'!$B$56+13-'🌱 Configuração'!$C$56)/7)+1,IF('🌱 Configuração'!$B$56+13<'🌱 Configuração'!$E$56,"Flora S"&INT(('🌱 Configuração'!$B$56+13-'🌱 Configuração'!$D$56)/7)+1,"Flush S"&INT(('🌱 Configuração'!$B$56+13-'🌱 Configuração'!$E$56)/7)+1)))) -> Clone S2 | F19: =IF(14>'🌱 Configuração'!$F$55,"",IF('🌱 Configuração'!$B$56+13='🌱 Configuração'!$C$56,"🌿 INÍCIO VEGA — luz 18h/dia",IF('🌱 Configuração'!$B$56+13='🌱 Configuração'!$D$56,"🌸 INÍCIO FLORAÇÃO — mudar 12/12 🔴",IF('🌱 Configuração'!$B$56+13='🌱 Configuração'!$E$56,"🚿 INÍCIO FLUSH — parar nutrição",IF('🌱 Configuração'!$B$56+13='🌱 Configuração'!$F$56-1,"🔬 Véspera da colheita — analisar tricomas",IF('🌱 Configuração'!$B$56+13='🌱 Configuração'!$F$56,"✂️ COLHEITA — Parabéns! 🎉","")))))) | H19: =IF(14>'🌱 Configuração'!$F$55,"",IF('🌱 Configuração'!$B$56+13<'🌱 Configuração'!$C$56,IF(14=1,"🌿 Nim (2 mL/L) — foliar leve",IF(14=8,"🍄 Beauveria bassiana — foliar + solo","")),IF('🌱 Configuração'!$B$56+13<'🌱 Configuração'!$D$56,IF(AND('🌱 Configuração'!$B$56+13>='🌱 Configuração'!$C$56,'🌱 Configuração'!$B$56+13<'🌱 Configuração'!$D$56,MOD('🌱 Configuração'!$B$56+13-'🌱 Configuração'!$C$56,7)=0,INT(('🌱 Configuração'!$B$56+13-'🌱 Configuração'!$C$56)/7)+1=1),"🌿 Nim (2 mL/L) — foliar preventivo",IF(AND('🌱 Configuração'!$B$56+13>='🌱 Configuração'!$C$56,'🌱 Configuração'!$B$56+13<'🌱 Configuração'!$D$56,MOD('🌱 Configuração'!$B$56+13-'🌱 Configuração'!$C$56,7)=0,INT(('🌱 Configuração'!$B$56+13-'🌱 Configuração'!$C$56)/7)+1=2),"🍄 Beauveria bassiana — foliar + solo",IF(AND('🌱 Configuração'!$B$56+13>='🌱 Configuração'!$C$56,'🌱 Configuração'!$B$56+13<'🌱 Configuração'!$D$56,MOD('🌱 Configuração'!$B$56+13-'🌱 Configuração'!$C$56,7)=0,INT(('🌱 Configuração'!$B$56+13-'🌱 Configuração'!$C$56)/7)+1=3),"🟡 Calda Sulfocálcica (1%) — foliar",IF(AND('🌱 Configuração'!$B$56+13>='🌱 Configuração'!$C$56,'🌱 Configuração'!$B$56+13<'🌱 Configuração'!$D$56,MOD('🌱 Configuração'!$B$56+13-'🌱 Configuração'!$C$56,7)=0,INT(('🌱 Configuração'!$B$56+13-'🌱 Configuração'!$C$56)/7)+1=4),"🦠 Trichoderma (3 g/L) — solo",IF(AND('🌱 Configuração'!$B$56+13>='🌱 Configuração'!$C$56,'🌱 Configuração'!$B$56+13<'🌱 Configuração'!$D$56,MOD('🌱 Configuração'!$B$56+13-'🌱 Configuração'!$C$56,7)=0,INT(('🌱 Configuração'!$B$56+13-'🌱 Configuração'!$C$56)/7)+1=5),"🔵 Calda Bordalesa (0.5%) — foliar",IF(AND('🌱 Configuração'!$B$56+13>='🌱 Configuração'!$C$56,'🌱 Configuração'!$B$56+13<'🌱 Configuração'!$D$56,MOD('🌱 Configuração'!$B$56+13-'🌱 Configuração'!$C$56,7)=0,INT(('🌱 Configuração'!$B$56+13-'🌱 Configuração'!$C$56)/7)+1=6),"🌿 Nim (2 mL/L) — ⚠️ ÚLTIMA foliar",IF(AND('🌱 Configuração'!$B$56+13>='🌱 Configuração'!$C$56,'🌱 Configuração'!$B$56+13<'🌱 Configuração'!$D$56,MOD('🌱 Configuração'!$B$56+13-'🌱 Configuração'!$C$56,7)=0,INT(('🌱 Configuração'!$B$56+13-'🌱 Configuração'!$C$56)/7)+1=7),"🦠 Trichoderma — solo",IF(AND('🌱 Configuração'!$B$56+13>='🌱 Configuração'!$C$56,'🌱 Configuração'!$B$56+13<'🌱 Configuração'!$D$56,MOD('🌱 Configuração'!$B$56+13-'🌱 Configuração'!$C$56,7)=0,INT(('🌱 Configuração'!$B$56+13-'🌱 Configuração'!$C$56)/7)+1=8),"🍄 Beauveria — solo","")))))))),IF('🌱 Configuração'!$B$56+13<'🌱 Configuração'!$E$56,IF(AND('🌱 Configuração'!$B$56+13>='🌱 Configuração'!$D$56,'🌱 Configuração'!$B$56+13<'🌱 Configuração'!$E$56,MOD('🌱 Configuração'!$B$56+13-'🌱 Configuração'!$D$56,7)=0,INT(('🌱 Configuração'!$B$56+13-'🌱 Configuração'!$D$56)/7)+1=1),"🍄 Beauveria bassiana — SOLO apenas",IF(AND('🌱 Configuração'!$B$56+13>='🌱 Configuração'!$D$56,'🌱 Configuração'!$B$56+13<'🌱 Configuração'!$E$56,MOD('🌱 Configuração'!$B$56+13-'🌱 Configuração'!$D$56,7)=0,INT(('🌱 Configuração'!$B$56+13-'🌱 Configuração'!$D$56)/7)+1=2),"🦠 Trichoderma (3 g/L) — solo",IF(AND('🌱 Configuração'!$B$56+13>='🌱 Configuração'!$D$56,'🌱 Configuração'!$B$56+13<'🌱 Configuração'!$E$56,MOD('🌱 Configuração'!$B$56+13-'🌱 Configuração'!$D$56,7)=0,INT(('🌱 Configuração'!$B$56+13-'🌱 Configuração'!$D$56)/7)+1=3),"🍄 Beauveria bassiana — solo | ⚠️ Umid <45%",IF(AND('🌱 Configuração'!$B$56+13>='🌱 Configuração'!$D$56,'🌱 Configuração'!$B$56+13<'🌱 Configuração'!$E$56,MOD('🌱 Configuração'!$B$56+13-'🌱 Configuração'!$D$56,7)=0,INT(('🌱 Configuração'!$B$56+13-'🌱 Configuração'!$D$56)/7)+1=4),"🦠 Trichoderma — solo | Inspecionar buds",IF(AND('🌱 Configuração'!$B$56+13>='🌱 Configuração'!$D$56,'🌱 Configuração'!$B$56+13<'🌱 Configuração'!$E$56,MOD('🌱 Configuração'!$B$56+13-'🌱 Configuração'!$D$56,7)=0,INT(('🌱 Configuração'!$B$56+13-'🌱 Configuração'!$D$56)/7)+1=5),"🍄 Beauveria + inspeção visual buds",IF(AND('🌱 Configuração'!$B$56+13>='🌱 Configuração'!$D$56,'🌱 Configuração'!$B$56+13<'🌱 Configuração'!$E$56,MOD('🌱 Configuração'!$B$56+13-'🌱 Configuração'!$D$56,7)=0,INT(('🌱 Configuração'!$B$56+13-'🌱 Configuração'!$D$56)/7)+1=6),"🦠 Trichoderma + ⚠️ Verificar mofo","")))))),IF(AND('🌱 Configuração'!$B$56+13>='🌱 Configuração'!$E$56,MOD('🌱 Configuração'!$B$56+13-'🌱 Configuração'!$E$56,7)=0),"🔬 Inspeção final — analisar tricomas","")))))
B20: =IF(15<='🌱 Configuração'!$F$55,15,"") -> 15 | C20: =IF(15<='🌱 Configuração'!$F$55,'🌱 Configuração'!$B$56+14,"") -> 14 | D20: =IF(15>'🌱 Configuração'!$F$55,"",IF('🌱 Configuração'!$B$56+14<'🌱 Configuração'!$C$56,"🌱 Clone",IF('🌱 Configuração'!$B$56+14<'🌱 Configuração'!$D$56,"🌿 Vegetativo",IF('🌱 Configuração'!$B$56+14<'🌱 Configuração'!$E$56,"🌸 Floração","🚿 Flush")))) -> 🌿 Vegetativo | E20: =IF(15>'🌱 Configuração'!$F$55,"",IF('🌱 Configuração'!$B$56+14<'🌱 Configuração'!$C$56,"Clone S"&INT((15-1)/7)+1,IF('🌱 Configuração'!$B$56+14<'🌱 Configuração'!$D$56,"Vega S"&INT(('🌱 Configuração'!$B$56+14-'🌱 Configuração'!$C$56)/7)+1,IF('🌱 Configuração'!$B$56+14<'🌱 Configuração'!$E$56,"Flora S"&INT(('🌱 Configuração'!$B$56+14-'🌱 Configuração'!$D$56)/7)+1,"Flush S"&INT(('🌱 Configuração'!$B$56+14-'🌱 Configuração'!$E$56)/7)+1)))) -> Vega S1 | F20: =IF(15>'🌱 Configuração'!$F$55,"",IF('🌱 Configuração'!$B$56+14='🌱 Configuração'!$C$56,"🌿 INÍCIO VEGA — luz 18h/dia",IF('🌱 Configuração'!$B$56+14='🌱 Configuração'!$D$56,"🌸 INÍCIO FLORAÇÃO — mudar 12/12 🔴",IF('🌱 Configuração'!$B$56+14='🌱 Configuração'!$E$56,"🚿 INÍCIO FLUSH — parar nutrição",IF('🌱 Configuração'!$B$56+14='🌱 Configuração'!$F$56-1,"🔬 Véspera da colheita — analisar tricomas",IF('🌱 Configuração'!$B$56+14='🌱 Configuração'!$F$56,"✂️ COLHEITA — Parabéns! 🎉","")))))) -> 🌿 INÍCIO VEGA — luz 18h/dia | G20: Bio·Grow 1 mL/L | Fish·Mix 1 mL/L + Alg·A·Mic 1mL | H20: =IF(15>'🌱 Configuração'!$F$55,"",IF('🌱 Configuração'!$B$56+14<'🌱 Configuração'!$C$56,IF(15=1,"🌿 Nim (2 mL/L) — foliar leve",IF(15=8,"🍄 Beauveria bassiana — foliar + solo","")),IF('🌱 Configuração'!$B$56+14<'🌱 Configuração'!$D$56,IF(AND('🌱 Configuração'!$B$56+14>='🌱 Configuração'!$C$56,'🌱 Configuração'!$B$56+14<'🌱 Configuração'!$D$56,MOD('🌱 Configuração'!$B$56+14-'🌱 Configuração'!$C$56,7)=0,INT(('🌱 Configuração'!$B$56+14-'🌱 Configuração'!$C$56)/7)+1=1),"🌿 Nim (2 mL/L) — foliar preventivo",IF(AND('🌱 Configuração'!$B$56+14>='🌱 Configuração'!$C$56,'🌱 Configuração'!$B$56+14<'🌱 Configuração'!$D$56,MOD('🌱 Configuração'!$B$56+14-'🌱 Configuração'!$C$56,7)=0,INT(('🌱 Configuração'!$B$56+14-'🌱 Configuração'!$C$56)/7)+1=2),"🍄 Beauveria bassiana — foliar + solo",IF(AND('🌱 Configuração'!$B$56+14>='🌱 Configuração'!$C$56,'🌱 Configuração'!$B$56+14<'🌱 Configuração'!$D$56,MOD('🌱 Configuração'!$B$56+14-'🌱 Configuração'!$C$56,7)=0,INT(('🌱 Configuração'!$B$56+14-'🌱 Configuração'!$C$56)/7)+1=3),"🟡 Calda Sulfocálcica (1%) — foliar",IF(AND('🌱 Configuração'!$B$56+14>='🌱 Configuração'!$C$56,'🌱 Configuração'!$B$56+14<'🌱 Configuração'!$D$56,MOD('🌱 Configuração'!$B$56+14-'🌱 Configuração'!$C$56,7)=0,INT(('🌱 Configuração'!$B$56+14-'🌱 Configuração'!$C$56)/7)+1=4),"🦠 Trichoderma (3 g/L) — solo",IF(AND('🌱 Configuração'!$B$56+14>='🌱 Configuração'!$C$56,'🌱 Configuração'!$B$56+14<'🌱 Configuração'!$D$56,MOD('🌱 Configuração'!$B$56+14-'🌱 Configuração'!$C$56,7)=0,INT(('🌱 Configuração'!$B$56+14-'🌱 Configuração'!$C$56)/7)+1=5),"🔵 Calda Bordalesa (0.5%) — foliar",IF(AND('🌱 Configuração'!$B$56+14>='🌱 Configuração'!$C$56,'🌱 Configuração'!$B$56+14<'🌱 Configuração'!$D$56,MOD('🌱 Configuração'!$B$56+14-'🌱 Configuração'!$C$56,7)=0,INT(('🌱 Configuração'!$B$56+14-'🌱 Configuração'!$C$56)/7)+1=6),"🌿 Nim (2 mL/L) — ⚠️ ÚLTIMA foliar",IF(AND('🌱 Configuração'!$B$56+14>='🌱 Configuração'!$C$56,'🌱 Configuração'!$B$56+14<'🌱 Configuração'!$D$56,MOD('🌱 Configuração'!$B$56+14-'🌱 Configuração'!$C$56,7)=0,INT(('🌱 Configuração'!$B$56+14-'🌱 Configuração'!$C$56)/7)+1=7),"🦠 Trichoderma — solo",IF(AND('🌱 Configuração'!$B$56+14>='🌱 Configuração'!$C$56,'🌱 Configuração'!$B$56+14<'🌱 Configuração'!$D$56,MOD('🌱 Configuração'!$B$56+14-'🌱 Configuração'!$C$56,7)=0,INT(('🌱 Configuração'!$B$56+14-'🌱 Configuração'!$C$56)/7)+1=8),"🍄 Beauveria — solo","")))))))),IF('🌱 Configuração'!$B$56+14<'🌱 Configuração'!$E$56,IF(AND('🌱 Configuração'!$B$56+14>='🌱 Configuração'!$D$56,'🌱 Configuração'!$B$56+14<'🌱 Configuração'!$E$56,MOD('🌱 Configuração'!$B$56+14-'🌱 Configuração'!$D$56,7)=0,INT(('🌱 Configuração'!$B$56+14-'🌱 Configuração'!$D$56)/7)+1=1),"🍄 Beauveria bassiana — SOLO apenas",IF(AND('🌱 Configuração'!$B$56+14>='🌱 Configuração'!$D$56,'🌱 Configuração'!$B$56+14<'🌱 Configuração'!$E$56,MOD('🌱 Configuração'!$B$56+14-'🌱 Configuração'!$D$56,7)=0,INT(('🌱 Configuração'!$B$56+14-'🌱 Configuração'!$D$56)/7)+1=2),"🦠 Trichoderma (3 g/L) — solo",IF(AND('🌱 Configuração'!$B$56+14>='🌱 Configuração'!$D$56,'🌱 Configuração'!$B$56+14<'🌱 Configuração'!$E$56,MOD('🌱 Configuração'!$B$56+14-'🌱 Configuração'!$D$56,7)=0,INT(('🌱 Configuração'!$B$56+14-'🌱 Configuração'!$D$56)/7)+1=3),"🍄 Beauveria bassiana — solo | ⚠️ Umid <45%",IF(AND('🌱 Configuração'!$B$56+14>='🌱 Configuração'!$D$56,'🌱 Configuração'!$B$56+14<'🌱 Configuração'!$E$56,MOD('🌱 Configuração'!$B$56+14-'🌱 Configuração'!$D$56,7)=0,INT(('🌱 Configuração'!$B$56+14-'🌱 Configuração'!$D$56)/7)+1=4),"🦠 Trichoderma — solo | Inspecionar buds",IF(AND('🌱 Configuração'!$B$56+14>='🌱 Configuração'!$D$56,'🌱 Configuração'!$B$56+14<'🌱 Configuração'!$E$56,MOD('🌱 Configuração'!$B$56+14-'🌱 Configuração'!$D$56,7)=0,INT(('🌱 Configuração'!$B$56+14-'🌱 Configuração'!$D$56)/7)+1=5),"🍄 Beauveria + inspeção visual buds",IF(AND('🌱 Configuração'!$B$56+14>='🌱 Configuração'!$D$56,'🌱 Configuração'!$B$56+14<'🌱 Configuração'!$E$56,MOD('🌱 Configuração'!$B$56+14-'🌱 Configuração'!$D$56,7)=0,INT(('🌱 Configuração'!$B$56+14-'🌱 Configuração'!$D$56)/7)+1=6),"🦠 Trichoderma + ⚠️ Verificar mofo","")))))),IF(AND('🌱 Configuração'!$B$56+14>='🌱 Configuração'!$E$56,MOD('🌱 Configuração'!$B$56+14-'🌱 Configuração'!$E$56,7)=0),"🔬 Inspeção final — analisar tricomas",""))))) -> 🌿 Nim (2 mL/L) — foliar preventivo
B21: =IF(16<='🌱 Configuração'!$F$55,16,"") -> 16 | C21: =IF(16<='🌱 Configuração'!$F$55,'🌱 Configuração'!$B$56+15,"") -> 15 | D21: =IF(16>'🌱 Configuração'!$F$55,"",IF('🌱 Configuração'!$B$56+15<'🌱 Configuração'!$C$56,"🌱 Clone",IF('🌱 Configuração'!$B$56+15<'🌱 Configuração'!$D$56,"🌿 Vegetativo",IF('🌱 Configuração'!$B$56+15<'🌱 Configuração'!$E$56,"🌸 Floração","🚿 Flush")))) -> 🌿 Vegetativo | E21: =IF(16>'🌱 Configuração'!$F$55,"",IF('🌱 Configuração'!$B$56+15<'🌱 Configuração'!$C$56,"Clone S"&INT((16-1)/7)+1,IF('🌱 Configuração'!$B$56+15<'🌱 Configuração'!$D$56,"Vega S"&INT(('🌱 Configuração'!$B$56+15-'🌱 Configuração'!$C$56)/7)+1,IF('🌱 Configuração'!$B$56+15<'🌱 Configuração'!$E$56,"Flora S"&INT(('🌱 Configuração'!$B$56+15-'🌱 Configuração'!$D$56)/7)+1,"Flush S"&INT(('🌱 Configuração'!$B$56+15-'🌱 Configuração'!$E$56)/7)+1)))) -> Vega S1 | F21: =IF(16>'🌱 Configuração'!$F$55,"",IF('🌱 Configuração'!$B$56+15='🌱 Configuração'!$C$56,"🌿 INÍCIO VEGA — luz 18h/dia",IF('🌱 Configuração'!$B$56+15='🌱 Configuração'!$D$56,"🌸 INÍCIO FLORAÇÃO — mudar 12/12 🔴",IF('🌱 Configuração'!$B$56+15='🌱 Configuração'!$E$56,"🚿 INÍCIO FLUSH — parar nutrição",IF('🌱 Configuração'!$B$56+15='🌱 Configuração'!$F$56-1,"🔬 Véspera da colheita — analisar tricomas",IF('🌱 Configuração'!$B$56+15='🌱 Configuração'!$F$56,"✂️ COLHEITA — Parabéns! 🎉","")))))) | H21: =IF(16>'🌱 Configuração'!$F$55,"",IF('🌱 Configuração'!$B$56+15<'🌱 Configuração'!$C$56,IF(16=1,"🌿 Nim (2 mL/L) — foliar leve",IF(16=8,"🍄 Beauveria bassiana — foliar + solo","")),IF('🌱 Configuração'!$B$56+15<'🌱 Configuração'!$D$56,IF(AND('🌱 Configuração'!$B$56+15>='🌱 Configuração'!$C$56,'🌱 Configuração'!$B$56+15<'🌱 Configuração'!$D$56,MOD('🌱 Configuração'!$B$56+15-'🌱 Configuração'!$C$56,7)=0,INT(('🌱 Configuração'!$B$56+15-'🌱 Configuração'!$C$56)/7)+1=1),"🌿 Nim (2 mL/L) — foliar preventivo",IF(AND('🌱 Configuração'!$B$56+15>='🌱 Configuração'!$C$56,'🌱 Configuração'!$B$56+15<'🌱 Configuração'!$D$56,MOD('🌱 Configuração'!$B$56+15-'🌱 Configuração'!$C$56,7)=0,INT(('🌱 Configuração'!$B$56+15-'🌱 Configuração'!$C$56)/7)+1=2),"🍄 Beauveria bassiana — foliar + solo",IF(AND('🌱 Configuração'!$B$56+15>='🌱 Configuração'!$C$56,'🌱 Configuração'!$B$56+15<'🌱 Configuração'!$D$56,MOD('🌱 Configuração'!$B$56+15-'🌱 Configuração'!$C$56,7)=0,INT(('🌱 Configuração'!$B$56+15-'🌱 Configuração'!$C$56)/7)+1=3),"🟡 Calda Sulfocálcica (1%) — foliar",IF(AND('🌱 Configuração'!$B$56+15>='🌱 Configuração'!$C$56,'🌱 Configuração'!$B$56+15<'🌱 Configuração'!$D$56,MOD('🌱 Configuração'!$B$56+15-'🌱 Configuração'!$C$56,7)=0,INT(('🌱 Configuração'!$B$56+15-'🌱 Configuração'!$C$56)/7)+1=4),"🦠 Trichoderma (3 g/L) — solo",IF(AND('🌱 Configuração'!$B$56+15>='🌱 Configuração'!$C$56,'🌱 Configuração'!$B$56+15<'🌱 Configuração'!$D$56,MOD('🌱 Configuração'!$B$56+15-'🌱 Configuração'!$C$56,7)=0,INT(('🌱 Configuração'!$B$56+15-'🌱 Configuração'!$C$56)/7)+1=5),"🔵 Calda Bordalesa (0.5%) — foliar",IF(AND('🌱 Configuração'!$B$56+15>='🌱 Configuração'!$C$56,'🌱 Configuração'!$B$56+15<'🌱 Configuração'!$D$56,MOD('🌱 Configuração'!$B$56+15-'🌱 Configuração'!$C$56,7)=0,INT(('🌱 Configuração'!$B$56+15-'🌱 Configuração'!$C$56)/7)+1=6),"🌿 Nim (2 mL/L) — ⚠️ ÚLTIMA foliar",IF(AND('🌱 Configuração'!$B$56+15>='🌱 Configuração'!$C$56,'🌱 Configuração'!$B$56+15<'🌱 Configuração'!$D$56,MOD('🌱 Configuração'!$B$56+15-'🌱 Configuração'!$C$56,7)=0,INT(('🌱 Configuração'!$B$56+15-'🌱 Configuração'!$C$56)/7)+1=7),"🦠 Trichoderma — solo",IF(AND('🌱 Configuração'!$B$56+15>='🌱 Configuração'!$C$56,'🌱 Configuração'!$B$56+15<'🌱 Configuração'!$D$56,MOD('🌱 Configuração'!$B$56+15-'🌱 Configuração'!$C$56,7)=0,INT(('🌱 Configuração'!$B$56+15-'🌱 Configuração'!$C$56)/7)+1=8),"🍄 Beauveria — solo","")))))))),IF('🌱 Configuração'!$B$56+15<'🌱 Configuração'!$E$56,IF(AND('🌱 Configuração'!$B$56+15>='🌱 Configuração'!$D$56,'🌱 Configuração'!$B$56+15<'🌱 Configuração'!$E$56,MOD('🌱 Configuração'!$B$56+15-'🌱 Configuração'!$D$56,7)=0,INT(('🌱 Configuração'!$B$56+15-'🌱 Configuração'!$D$56)/7)+1=1),"🍄 Beauveria bassiana — SOLO apenas",IF(AND('🌱 Configuração'!$B$56+15>='🌱 Configuração'!$D$56,'🌱 Configuração'!$B$56+15<'🌱 Configuração'!$E$56,MOD('🌱 Configuração'!$B$56+15-'🌱 Configuração'!$D$56,7)=0,INT(('🌱 Configuração'!$B$56+15-'🌱 Configuração'!$D$56)/7)+1=2),"🦠 Trichoderma (3 g/L) — solo",IF(AND('🌱 Configuração'!$B$56+15>='🌱 Configuração'!$D$56,'🌱 Configuração'!$B$56+15<'🌱 Configuração'!$E$56,MOD('🌱 Configuração'!$B$56+15-'🌱 Configuração'!$D$56,7)=0,INT(('🌱 Configuração'!$B$56+15-'🌱 Configuração'!$D$56)/7)+1=3),"🍄 Beauveria bassiana — solo | ⚠️ Umid <45%",IF(AND('🌱 Configuração'!$B$56+15>='🌱 Configuração'!$D$56,'🌱 Configuração'!$B$56+15<'🌱 Configuração'!$E$56,MOD('🌱 Configuração'!$B$56+15-'🌱 Configuração'!$D$56,7)=0,INT(('🌱 Configuração'!$B$56+15-'🌱 Configuração'!$D$56)/7)+1=4),"🦠 Trichoderma — solo | Inspecionar buds",IF(AND('🌱 Configuração'!$B$56+15>='🌱 Configuração'!$D$56,'🌱 Configuração'!$B$56+15<'🌱 Configuração'!$E$56,MOD('🌱 Configuração'!$B$56+15-'🌱 Configuração'!$D$56,7)=0,INT(('🌱 Configuração'!$B$56+15-'🌱 Configuração'!$D$56)/7)+1=5),"🍄 Beauveria + inspeção visual buds",IF(AND('🌱 Configuração'!$B$56+15>='🌱 Configuração'!$D$56,'🌱 Configuração'!$B$56+15<'🌱 Configuração'!$E$56,MOD('🌱 Configuração'!$B$56+15-'🌱 Configuração'!$D$56,7)=0,INT(('🌱 Configuração'!$B$56+15-'🌱 Configuração'!$D$56)/7)+1=6),"🦠 Trichoderma + ⚠️ Verificar mofo","")))))),IF(AND('🌱 Configuração'!$B$56+15>='🌱 Configuração'!$E$56,MOD('🌱 Configuração'!$B$56+15-'🌱 Configuração'!$E$56,7)=0),"🔬 Inspeção final — analisar tricomas","")))))
B22: =IF(17<='🌱 Configuração'!$F$55,17,"") -> 17 | C22: =IF(17<='🌱 Configuração'!$F$55,'🌱 Configuração'!$B$56+16,"") -> 16 | D22: =IF(17>'🌱 Configuração'!$F$55,"",IF('🌱 Configuração'!$B$56+16<'🌱 Configuração'!$C$56,"🌱 Clone",IF('🌱 Configuração'!$B$56+16<'🌱 Configuração'!$D$56,"🌿 Vegetativo",IF('🌱 Configuração'!$B$56+16<'🌱 Configuração'!$E$56,"🌸 Floração","🚿 Flush")))) -> 🌿 Vegetativo | E22: =IF(17>'🌱 Configuração'!$F$55,"",IF('🌱 Configuração'!$B$56+16<'🌱 Configuração'!$C$56,"Clone S"&INT((17-1)/7)+1,IF('🌱 Configuração'!$B$56+16<'🌱 Configuração'!$D$56,"Vega S"&INT(('🌱 Configuração'!$B$56+16-'🌱 Configuração'!$C$56)/7)+1,IF('🌱 Configuração'!$B$56+16<'🌱 Configuração'!$E$56,"Flora S"&INT(('🌱 Configuração'!$B$56+16-'🌱 Configuração'!$D$56)/7)+1,"Flush S"&INT(('🌱 Configuração'!$B$56+16-'🌱 Configuração'!$E$56)/7)+1)))) -> Vega S1 | F22: =IF(17>'🌱 Configuração'!$F$55,"",IF('🌱 Configuração'!$B$56+16='🌱 Configuração'!$C$56,"🌿 INÍCIO VEGA — luz 18h/dia",IF('🌱 Configuração'!$B$56+16='🌱 Configuração'!$D$56,"🌸 INÍCIO FLORAÇÃO — mudar 12/12 🔴",IF('🌱 Configuração'!$B$56+16='🌱 Configuração'!$E$56,"🚿 INÍCIO FLUSH — parar nutrição",IF('🌱 Configuração'!$B$56+16='🌱 Configuração'!$F$56-1,"🔬 Véspera da colheita — analisar tricomas",IF('🌱 Configuração'!$B$56+16='🌱 Configuração'!$F$56,"✂️ COLHEITA — Parabéns! 🎉","")))))) | H22: =IF(17>'🌱 Configuração'!$F$55,"",IF('🌱 Configuração'!$B$56+16<'🌱 Configuração'!$C$56,IF(17=1,"🌿 Nim (2 mL/L) — foliar leve",IF(17=8,"🍄 Beauveria bassiana — foliar + solo","")),IF('🌱 Configuração'!$B$56+16<'🌱 Configuração'!$D$56,IF(AND('🌱 Configuração'!$B$56+16>='🌱 Configuração'!$C$56,'🌱 Configuração'!$B$56+16<'🌱 Configuração'!$D$56,MOD('🌱 Configuração'!$B$56+16-'🌱 Configuração'!$C$56,7)=0,INT(('🌱 Configuração'!$B$56+16-'🌱 Configuração'!$C$56)/7)+1=1),"🌿 Nim (2 mL/L) — foliar preventivo",IF(AND('🌱 Configuração'!$B$56+16>='🌱 Configuração'!$C$56,'🌱 Configuração'!$B$56+16<'🌱 Configuração'!$D$56,MOD('🌱 Configuração'!$B$56+16-'🌱 Configuração'!$C$56,7)=0,INT(('🌱 Configuração'!$B$56+16-'🌱 Configuração'!$C$56)/7)+1=2),"🍄 Beauveria bassiana — foliar + solo",IF(AND('🌱 Configuração'!$B$56+16>='🌱 Configuração'!$C$56,'🌱 Configuração'!$B$56+16<'🌱 Configuração'!$D$56,MOD('🌱 Configuração'!$B$56+16-'🌱 Configuração'!$C$56,7)=0,INT(('🌱 Configuração'!$B$56+16-'🌱 Configuração'!$C$56)/7)+1=3),"🟡 Calda Sulfocálcica (1%) — foliar",IF(AND('🌱 Configuração'!$B$56+16>='🌱 Configuração'!$C$56,'🌱 Configuração'!$B$56+16<'🌱 Configuração'!$D$56,MOD('🌱 Configuração'!$B$56+16-'🌱 Configuração'!$C$56,7)=0,INT(('🌱 Configuração'!$B$56+16-'🌱 Configuração'!$C$56)/7)+1=4),"🦠 Trichoderma (3 g/L) — solo",IF(AND('🌱 Configuração'!$B$56+16>='🌱 Configuração'!$C$56,'🌱 Configuração'!$B$56+16<'🌱 Configuração'!$D$56,MOD('🌱 Configuração'!$B$56+16-'🌱 Configuração'!$C$56,7)=0,INT(('🌱 Configuração'!$B$56+16-'🌱 Configuração'!$C$56)/7)+1=5),"🔵 Calda Bordalesa (0.5%) — foliar",IF(AND('🌱 Configuração'!$B$56+16>='🌱 Configuração'!$C$56,'🌱 Configuração'!$B$56+16<'🌱 Configuração'!$D$56,MOD('🌱 Configuração'!$B$56+16-'🌱 Configuração'!$C$56,7)=0,INT(('🌱 Configuração'!$B$56+16-'🌱 Configuração'!$C$56)/7)+1=6),"🌿 Nim (2 mL/L) — ⚠️ ÚLTIMA foliar",IF(AND('🌱 Configuração'!$B$56+16>='🌱 Configuração'!$C$56,'🌱 Configuração'!$B$56+16<'🌱 Configuração'!$D$56,MOD('🌱 Configuração'!$B$56+16-'🌱 Configuração'!$C$56,7)=0,INT(('🌱 Configuração'!$B$56+16-'🌱 Configuração'!$C$56)/7)+1=7),"🦠 Trichoderma — solo",IF(AND('🌱 Configuração'!$B$56+16>='🌱 Configuração'!$C$56,'🌱 Configuração'!$B$56+16<'🌱 Configuração'!$D$56,MOD('🌱 Configuração'!$B$56+16-'🌱 Configuração'!$C$56,7)=0,INT(('🌱 Configuração'!$B$56+16-'🌱 Configuração'!$C$56)/7)+1=8),"🍄 Beauveria — solo","")))))))),IF('🌱 Configuração'!$B$56+16<'🌱 Configuração'!$E$56,IF(AND('🌱 Configuração'!$B$56+16>='🌱 Configuração'!$D$56,'🌱 Configuração'!$B$56+16<'🌱 Configuração'!$E$56,MOD('🌱 Configuração'!$B$56+16-'🌱 Configuração'!$D$56,7)=0,INT(('🌱 Configuração'!$B$56+16-'🌱 Configuração'!$D$56)/7)+1=1),"🍄 Beauveria bassiana — SOLO apenas",IF(AND('🌱 Configuração'!$B$56+16>='🌱 Configuração'!$D$56,'🌱 Configuração'!$B$56+16<'🌱 Configuração'!$E$56,MOD('🌱 Configuração'!$B$56+16-'🌱 Configuração'!$D$56,7)=0,INT(('🌱 Configuração'!$B$56+16-'🌱 Configuração'!$D$56)/7)+1=2),"🦠 Trichoderma (3 g/L) — solo",IF(AND('🌱 Configuração'!$B$56+16>='🌱 Configuração'!$D$56,'🌱 Configuração'!$B$56+16<'🌱 Configuração'!$E$56,MOD('🌱 Configuração'!$B$56+16-'🌱 Configuração'!$D$56,7)=0,INT(('🌱 Configuração'!$B$56+16-'🌱 Configuração'!$D$56)/7)+1=3),"🍄 Beauveria bassiana — solo | ⚠️ Umid <45%",IF(AND('🌱 Configuração'!$B$56+16>='🌱 Configuração'!$D$56,'🌱 Configuração'!$B$56+16<'🌱 Configuração'!$E$56,MOD('🌱 Configuração'!$B$56+16-'🌱 Configuração'!$D$56,7)=0,INT(('🌱 Configuração'!$B$56+16-'🌱 Configuração'!$D$56)/7)+1=4),"🦠 Trichoderma — solo | Inspecionar buds",IF(AND('🌱 Configuração'!$B$56+16>='🌱 Configuração'!$D$56,'🌱 Configuração'!$B$56+16<'🌱 Configuração'!$E$56,MOD('🌱 Configuração'!$B$56+16-'🌱 Configuração'!$D$56,7)=0,INT(('🌱 Configuração'!$B$56+16-'🌱 Configuração'!$D$56)/7)+1=5),"🍄 Beauveria + inspeção visual buds",IF(AND('🌱 Configuração'!$B$56+16>='🌱 Configuração'!$D$56,'🌱 Configuração'!$B$56+16<'🌱 Configuração'!$E$56,MOD('🌱 Configuração'!$B$56+16-'🌱 Configuração'!$D$56,7)=0,INT(('🌱 Configuração'!$B$56+16-'🌱 Configuração'!$D$56)/7)+1=6),"🦠 Trichoderma + ⚠️ Verificar mofo","")))))),IF(AND('🌱 Configuração'!$B$56+16>='🌱 Configuração'!$E$56,MOD('🌱 Configuração'!$B$56+16-'🌱 Configuração'!$E$56,7)=0),"🔬 Inspeção final — analisar tricomas","")))))
B23: =IF(18<='🌱 Configuração'!$F$55,18,"") -> 18 | C23: =IF(18<='🌱 Configuração'!$F$55,'🌱 Configuração'!$B$56+17,"") -> 17 | D23: =IF(18>'🌱 Configuração'!$F$55,"",IF('🌱 Configuração'!$B$56+17<'🌱 Configuração'!$C$56,"🌱 Clone",IF('🌱 Configuração'!$B$56+17<'🌱 Configuração'!$D$56,"🌿 Vegetativo",IF('🌱 Configuração'!$B$56+17<'🌱 Configuração'!$E$56,"🌸 Floração","🚿 Flush")))) -> 🌿 Vegetativo | E23: =IF(18>'🌱 Configuração'!$F$55,"",IF('🌱 Configuração'!$B$56+17<'🌱 Configuração'!$C$56,"Clone S"&INT((18-1)/7)+1,IF('🌱 Configuração'!$B$56+17<'🌱 Configuração'!$D$56,"Vega S"&INT(('🌱 Configuração'!$B$56+17-'🌱 Configuração'!$C$56)/7)+1,IF('🌱 Configuração'!$B$56+17<'🌱 Configuração'!$E$56,"Flora S"&INT(('🌱 Configuração'!$B$56+17-'🌱 Configuração'!$D$56)/7)+1,"Flush S"&INT(('🌱 Configuração'!$B$56+17-'🌱 Configuração'!$E$56)/7)+1)))) -> Vega S1 | F23: =IF(18>'🌱 Configuração'!$F$55,"",IF('🌱 Configuração'!$B$56+17='🌱 Configuração'!$C$56,"🌿 INÍCIO VEGA — luz 18h/dia",IF('🌱 Configuração'!$B$56+17='🌱 Configuração'!$D$56,"🌸 INÍCIO FLORAÇÃO — mudar 12/12 🔴",IF('🌱 Configuração'!$B$56+17='🌱 Configuração'!$E$56,"🚿 INÍCIO FLUSH — parar nutrição",IF('🌱 Configuração'!$B$56+17='🌱 Configuração'!$F$56-1,"🔬 Véspera da colheita — analisar tricomas",IF('🌱 Configuração'!$B$56+17='🌱 Configuração'!$F$56,"✂️ COLHEITA — Parabéns! 🎉","")))))) | H23: =IF(18>'🌱 Configuração'!$F$55,"",IF('🌱 Configuração'!$B$56+17<'🌱 Configuração'!$C$56,IF(18=1,"🌿 Nim (2 mL/L) — foliar leve",IF(18=8,"🍄 Beauveria bassiana — foliar + solo","")),IF('🌱 Configuração'!$B$56+17<'🌱 Configuração'!$D$56,IF(AND('🌱 Configuração'!$B$56+17>='🌱 Configuração'!$C$56,'🌱 Configuração'!$B$56+17<'🌱 Configuração'!$D$56,MOD('🌱 Configuração'!$B$56+17-'🌱 Configuração'!$C$56,7)=0,INT(('🌱 Configuração'!$B$56+17-'🌱 Configuração'!$C$56)/7)+1=1),"🌿 Nim (2 mL/L) — foliar preventivo",IF(AND('🌱 Configuração'!$B$56+17>='🌱 Configuração'!$C$56,'🌱 Configuração'!$B$56+17<'🌱 Configuração'!$D$56,MOD('🌱 Configuração'!$B$56+17-'🌱 Configuração'!$C$56,7)=0,INT(('🌱 Configuração'!$B$56+17-'🌱 Configuração'!$C$56)/7)+1=2),"🍄 Beauveria bassiana — foliar + solo",IF(AND('🌱 Configuração'!$B$56+17>='🌱 Configuração'!$C$56,'🌱 Configuração'!$B$56+17<'🌱 Configuração'!$D$56,MOD('🌱 Configuração'!$B$56+17-'🌱 Configuração'!$C$56,7)=0,INT(('🌱 Configuração'!$B$56+17-'🌱 Configuração'!$C$56)/7)+1=3),"🟡 Calda Sulfocálcica (1%) — foliar",IF(AND('🌱 Configuração'!$B$56+17>='🌱 Configuração'!$C$56,'🌱 Configuração'!$B$56+17<'🌱 Configuração'!$D$56,MOD('🌱 Configuração'!$B$56+17-'🌱 Configuração'!$C$56,7)=0,INT(('🌱 Configuração'!$B$56+17-'🌱 Configuração'!$C$56)/7)+1=4),"🦠 Trichoderma (3 g/L) — solo",IF(AND('🌱 Configuração'!$B$56+17>='🌱 Configuração'!$C$56,'🌱 Configuração'!$B$56+17<'🌱 Configuração'!$D$56,MOD('🌱 Configuração'!$B$56+17-'🌱 Configuração'!$C$56,7)=0,INT(('🌱 Configuração'!$B$56+17-'🌱 Configuração'!$C$56)/7)+1=5),"🔵 Calda Bordalesa (0.5%) — foliar",IF(AND('🌱 Configuração'!$B$56+17>='🌱 Configuração'!$C$56,'🌱 Configuração'!$B$56+17<'🌱 Configuração'!$D$56,MOD('🌱 Configuração'!$B$56+17-'🌱 Configuração'!$C$56,7)=0,INT(('🌱 Configuração'!$B$56+17-'🌱 Configuração'!$C$56)/7)+1=6),"🌿 Nim (2 mL/L) — ⚠️ ÚLTIMA foliar",IF(AND('🌱 Configuração'!$B$56+17>='🌱 Configuração'!$C$56,'🌱 Configuração'!$B$56+17<'🌱 Configuração'!$D$56,MOD('🌱 Configuração'!$B$56+17-'🌱 Configuração'!$C$56,7)=0,INT(('🌱 Configuração'!$B$56+17-'🌱 Configuração'!$C$56)/7)+1=7),"🦠 Trichoderma — solo",IF(AND('🌱 Configuração'!$B$56+17>='🌱 Configuração'!$C$56,'🌱 Configuração'!$B$56+17<'🌱 Configuração'!$D$56,MOD('🌱 Configuração'!$B$56+17-'🌱 Configuração'!$C$56,7)=0,INT(('🌱 Configuração'!$B$56+17-'🌱 Configuração'!$C$56)/7)+1=8),"🍄 Beauveria — solo","")))))))),IF('🌱 Configuração'!$B$56+17<'🌱 Configuração'!$E$56,IF(AND('🌱 Configuração'!$B$56+17>='🌱 Configuração'!$D$56,'🌱 Configuração'!$B$56+17<'🌱 Configuração'!$E$56,MOD('🌱 Configuração'!$B$56+17-'🌱 Configuração'!$D$56,7)=0,INT(('🌱 Configuração'!$B$56+17-'🌱 Configuração'!$D$56)/7)+1=1),"🍄 Beauveria bassiana — SOLO apenas",IF(AND('🌱 Configuração'!$B$56+17>='🌱 Configuração'!$D$56,'🌱 Configuração'!$B$56+17<'🌱 Configuração'!$E$56,MOD('🌱 Configuração'!$B$56+17-'🌱 Configuração'!$D$56,7)=0,INT(('🌱 Configuração'!$B$56+17-'🌱 Configuração'!$D$56)/7)+1=2),"🦠 Trichoderma (3 g/L) — solo",IF(AND('🌱 Configuração'!$B$56+17>='🌱 Configuração'!$D$56,'🌱 Configuração'!$B$56+17<'🌱 Configuração'!$E$56,MOD('🌱 Configuração'!$B$56+17-'🌱 Configuração'!$D$56,7)=0,INT(('🌱 Configuração'!$B$56+17-'🌱 Configuração'!$D$56)/7)+1=3),"🍄 Beauveria bassiana — solo | ⚠️ Umid <45%",IF(AND('🌱 Configuração'!$B$56+17>='🌱 Configuração'!$D$56,'🌱 Configuração'!$B$56+17<'🌱 Configuração'!$E$56,MOD('🌱 Configuração'!$B$56+17-'🌱 Configuração'!$D$56,7)=0,INT(('🌱 Configuração'!$B$56+17-'🌱 Configuração'!$D$56)/7)+1=4),"🦠 Trichoderma — solo | Inspecionar buds",IF(AND('🌱 Configuração'!$B$56+17>='🌱 Configuração'!$D$56,'🌱 Configuração'!$B$56+17<'🌱 Configuração'!$E$56,MOD('🌱 Configuração'!$B$56+17-'🌱 Configuração'!$D$56,7)=0,INT(('🌱 Configuração'!$B$56+17-'🌱 Configuração'!$D$56)/7)+1=5),"🍄 Beauveria + inspeção visual buds",IF(AND('🌱 Configuração'!$B$56+17>='🌱 Configuração'!$D$56,'🌱 Configuração'!$B$56+17<'🌱 Configuração'!$E$56,MOD('🌱 Configuração'!$B$56+17-'🌱 Configuração'!$D$56,7)=0,INT(('🌱 Configuração'!$B$56+17-'🌱 Configuração'!$D$56)/7)+1=6),"🦠 Trichoderma + ⚠️ Verificar mofo","")))))),IF(AND('🌱 Configuração'!$B$56+17>='🌱 Configuração'!$E$56,MOD('🌱 Configuração'!$B$56+17-'🌱 Configuração'!$E$56,7)=0),"🔬 Inspeção final — analisar tricomas","")))))
B24: =IF(19<='🌱 Configuração'!$F$55,19,"") -> 19 | C24: =IF(19<='🌱 Configuração'!$F$55,'🌱 Configuração'!$B$56+18,"") -> 18 | D24: =IF(19>'🌱 Configuração'!$F$55,"",IF('🌱 Configuração'!$B$56+18<'🌱 Configuração'!$C$56,"🌱 Clone",IF('🌱 Configuração'!$B$56+18<'🌱 Configuração'!$D$56,"🌿 Vegetativo",IF('🌱 Configuração'!$B$56+18<'🌱 Configuração'!$E$56,"🌸 Floração","🚿 Flush")))) -> 🌿 Vegetativo | E24: =IF(19>'🌱 Configuração'!$F$55,"",IF('🌱 Configuração'!$B$56+18<'🌱 Configuração'!$C$56,"Clone S"&INT((19-1)/7)+1,IF('🌱 Configuração'!$B$56+18<'🌱 Configuração'!$D$56,"Vega S"&INT(('🌱 Configuração'!$B$56+18-'🌱 Configuração'!$C$56)/7)+1,IF('🌱 Configuração'!$B$56+18<'🌱 Configuração'!$E$56,"Flora S"&INT(('🌱 Configuração'!$B$56+18-'🌱 Configuração'!$D$56)/7)+1,"Flush S"&INT(('🌱 Configuração'!$B$56+18-'🌱 Configuração'!$E$56)/7)+1)))) -> Vega S1 | F24: =IF(19>'🌱 Configuração'!$F$55,"",IF('🌱 Configuração'!$B$56+18='🌱 Configuração'!$C$56,"🌿 INÍCIO VEGA — luz 18h/dia",IF('🌱 Configuração'!$B$56+18='🌱 Configuração'!$D$56,"🌸 INÍCIO FLORAÇÃO — mudar 12/12 🔴",IF('🌱 Configuração'!$B$56+18='🌱 Configuração'!$E$56,"🚿 INÍCIO FLUSH — parar nutrição",IF('🌱 Configuração'!$B$56+18='🌱 Configuração'!$F$56-1,"🔬 Véspera da colheita — analisar tricomas",IF('🌱 Configuração'!$B$56+18='🌱 Configuração'!$F$56,"✂️ COLHEITA — Parabéns! 🎉","")))))) | H24: =IF(19>'🌱 Configuração'!$F$55,"",IF('🌱 Configuração'!$B$56+18<'🌱 Configuração'!$C$56,IF(19=1,"🌿 Nim (2 mL/L) — foliar leve",IF(19=8,"🍄 Beauveria bassiana — foliar + solo","")),IF('🌱 Configuração'!$B$56+18<'🌱 Configuração'!$D$56,IF(AND('🌱 Configuração'!$B$56+18>='🌱 Configuração'!$C$56,'🌱 Configuração'!$B$56+18<'🌱 Configuração'!$D$56,MOD('🌱 Configuração'!$B$56+18-'🌱 Configuração'!$C$56,7)=0,INT(('🌱 Configuração'!$B$56+18-'🌱 Configuração'!$C$56)/7)+1=1),"🌿 Nim (2 mL/L) — foliar preventivo",IF(AND('🌱 Configuração'!$B$56+18>='🌱 Configuração'!$C$56,'🌱 Configuração'!$B$56+18<'🌱 Configuração'!$D$56,MOD('🌱 Configuração'!$B$56+18-'🌱 Configuração'!$C$56,7)=0,INT(('🌱 Configuração'!$B$56+18-'🌱 Configuração'!$C$56)/7)+1=2),"🍄 Beauveria bassiana — foliar + solo",IF(AND('🌱 Configuração'!$B$56+18>='🌱 Configuração'!$C$56,'🌱 Configuração'!$B$56+18<'🌱 Configuração'!$D$56,MOD('🌱 Configuração'!$B$56+18-'🌱 Configuração'!$C$56,7)=0,INT(('🌱 Configuração'!$B$56+18-'🌱 Configuração'!$C$56)/7)+1=3),"🟡 Calda Sulfocálcica (1%) — foliar",IF(AND('🌱 Configuração'!$B$56+18>='🌱 Configuração'!$C$56,'🌱 Configuração'!$B$56+18<'🌱 Configuração'!$D$56,MOD('🌱 Configuração'!$B$56+18-'🌱 Configuração'!$C$56,7)=0,INT(('🌱 Configuração'!$B$56+18-'🌱 Configuração'!$C$56)/7)+1=4),"🦠 Trichoderma (3 g/L) — solo",IF(AND('🌱 Configuração'!$B$56+18>='🌱 Configuração'!$C$56,'🌱 Configuração'!$B$56+18<'🌱 Configuração'!$D$56,MOD('🌱 Configuração'!$B$56+18-'🌱 Configuração'!$C$56,7)=0,INT(('🌱 Configuração'!$B$56+18-'🌱 Configuração'!$C$56)/7)+1=5),"🔵 Calda Bordalesa (0.5%) — foliar",IF(AND('🌱 Configuração'!$B$56+18>='🌱 Configuração'!$C$56,'🌱 Configuração'!$B$56+18<'🌱 Configuração'!$D$56,MOD('🌱 Configuração'!$B$56+18-'🌱 Configuração'!$C$56,7)=0,INT(('🌱 Configuração'!$B$56+18-'🌱 Configuração'!$C$56)/7)+1=6),"🌿 Nim (2 mL/L) — ⚠️ ÚLTIMA foliar",IF(AND('🌱 Configuração'!$B$56+18>='🌱 Configuração'!$C$56,'🌱 Configuração'!$B$56+18<'🌱 Configuração'!$D$56,MOD('🌱 Configuração'!$B$56+18-'🌱 Configuração'!$C$56,7)=0,INT(('🌱 Configuração'!$B$56+18-'🌱 Configuração'!$C$56)/7)+1=7),"🦠 Trichoderma — solo",IF(AND('🌱 Configuração'!$B$56+18>='🌱 Configuração'!$C$56,'🌱 Configuração'!$B$56+18<'🌱 Configuração'!$D$56,MOD('🌱 Configuração'!$B$56+18-'🌱 Configuração'!$C$56,7)=0,INT(('🌱 Configuração'!$B$56+18-'🌱 Configuração'!$C$56)/7)+1=8),"🍄 Beauveria — solo","")))))))),IF('🌱 Configuração'!$B$56+18<'🌱 Configuração'!$E$56,IF(AND('🌱 Configuração'!$B$56+18>='🌱 Configuração'!$D$56,'🌱 Configuração'!$B$56+18<'🌱 Configuração'!$E$56,MOD('🌱 Configuração'!$B$56+18-'🌱 Configuração'!$D$56,7)=0,INT(('🌱 Configuração'!$B$56+18-'🌱 Configuração'!$D$56)/7)+1=1),"🍄 Beauveria bassiana — SOLO apenas",IF(AND('🌱 Configuração'!$B$56+18>='🌱 Configuração'!$D$56,'🌱 Configuração'!$B$56+18<'🌱 Configuração'!$E$56,MOD('🌱 Configuração'!$B$56+18-'🌱 Configuração'!$D$56,7)=0,INT(('🌱 Configuração'!$B$56+18-'🌱 Configuração'!$D$56)/7)+1=2),"🦠 Trichoderma (3 g/L) — solo",IF(AND('🌱 Configuração'!$B$56+18>='🌱 Configuração'!$D$56,'🌱 Configuração'!$B$56+18<'🌱 Configuração'!$E$56,MOD('🌱 Configuração'!$B$56+18-'🌱 Configuração'!$D$56,7)=0,INT(('🌱 Configuração'!$B$56+18-'🌱 Configuração'!$D$56)/7)+1=3),"🍄 Beauveria bassiana — solo | ⚠️ Umid <45%",IF(AND('🌱 Configuração'!$B$56+18>='🌱 Configuração'!$D$56,'🌱 Configuração'!$B$56+18<'🌱 Configuração'!$E$56,MOD('🌱 Configuração'!$B$56+18-'🌱 Configuração'!$D$56,7)=0,INT(('🌱 Configuração'!$B$56+18-'🌱 Configuração'!$D$56)/7)+1=4),"🦠 Trichoderma — solo | Inspecionar buds",IF(AND('🌱 Configuração'!$B$56+18>='🌱 Configuração'!$D$56,'🌱 Configuração'!$B$56+18<'🌱 Configuração'!$E$56,MOD('🌱 Configuração'!$B$56+18-'🌱 Configuração'!$D$56,7)=0,INT(('🌱 Configuração'!$B$56+18-'🌱 Configuração'!$D$56)/7)+1=5),"🍄 Beauveria + inspeção visual buds",IF(AND('🌱 Configuração'!$B$56+18>='🌱 Configuração'!$D$56,'🌱 Configuração'!$B$56+18<'🌱 Configuração'!$E$56,MOD('🌱 Configuração'!$B$56+18-'🌱 Configuração'!$D$56,7)=0,INT(('🌱 Configuração'!$B$56+18-'🌱 Configuração'!$D$56)/7)+1=6),"🦠 Trichoderma + ⚠️ Verificar mofo","")))))),IF(AND('🌱 Configuração'!$B$56+18>='🌱 Configuração'!$E$56,MOD('🌱 Configuração'!$B$56+18-'🌱 Configuração'!$E$56,7)=0),"🔬 Inspeção final — analisar tricomas","")))))
B25: =IF(20<='🌱 Configuração'!$F$55,20,"") -> 20 | C25: =IF(20<='🌱 Configuração'!$F$55,'🌱 Configuração'!$B$56+19,"") -> 19 | D25: =IF(20>'🌱 Configuração'!$F$55,"",IF('🌱 Configuração'!$B$56+19<'🌱 Configuração'!$C$56,"🌱 Clone",IF('🌱 Configuração'!$B$56+19<'🌱 Configuração'!$D$56,"🌿 Vegetativo",IF('🌱 Configuração'!$B$56+19<'🌱 Configuração'!$E$56,"🌸 Floração","🚿 Flush")))) -> 🌿 Vegetativo | E25: =IF(20>'🌱 Configuração'!$F$55,"",IF('🌱 Configuração'!$B$56+19<'🌱 Configuração'!$C$56,"Clone S"&INT((20-1)/7)+1,IF('🌱 Configuração'!$B$56+19<'🌱 Configuração'!$D$56,"Vega S"&INT(('🌱 Configuração'!$B$56+19-'🌱 Configuração'!$C$56)/7)+1,IF('🌱 Configuração'!$B$56+19<'🌱 Configuração'!$E$56,"Flora S"&INT(('🌱 Configuração'!$B$56+19-'🌱 Configuração'!$D$56)/7)+1,"Flush S"&INT(('🌱 Configuração'!$B$56+19-'🌱 Configuração'!$E$56)/7)+1)))) -> Vega S1 | F25: =IF(20>'🌱 Configuração'!$F$55,"",IF('🌱 Configuração'!$B$56+19='🌱 Configuração'!$C$56,"🌿 INÍCIO VEGA — luz 18h/dia",IF('🌱 Configuração'!$B$56+19='🌱 Configuração'!$D$56,"🌸 INÍCIO FLORAÇÃO — mudar 12/12 🔴",IF('🌱 Configuração'!$B$56+19='🌱 Configuração'!$E$56,"🚿 INÍCIO FLUSH — parar nutrição",IF('🌱 Configuração'!$B$56+19='🌱 Configuração'!$F$56-1,"🔬 Véspera da colheita — analisar tricomas",IF('🌱 Configuração'!$B$56+19='🌱 Configuração'!$F$56,"✂️ COLHEITA — Parabéns! 🎉","")))))) | H25: =IF(20>'🌱 Configuração'!$F$55,"",IF('🌱 Configuração'!$B$56+19<'🌱 Configuração'!$C$56,IF(20=1,"🌿 Nim (2 mL/L) — foliar leve",IF(20=8,"🍄 Beauveria bassiana — foliar + solo","")),IF('🌱 Configuração'!$B$56+19<'🌱 Configuração'!$D$56,IF(AND('🌱 Configuração'!$B$56+19>='🌱 Configuração'!$C$56,'🌱 Configuração'!$B$56+19<'🌱 Configuração'!$D$56,MOD('🌱 Configuração'!$B$56+19-'🌱 Configuração'!$C$56,7)=0,INT(('🌱 Configuração'!$B$56+19-'🌱 Configuração'!$C$56)/7)+1=1),"🌿 Nim (2 mL/L) — foliar preventivo",IF(AND('🌱 Configuração'!$B$56+19>='🌱 Configuração'!$C$56,'🌱 Configuração'!$B$56+19<'🌱 Configuração'!$D$56,MOD('🌱 Configuração'!$B$56+19-'🌱 Configuração'!$C$56,7)=0,INT(('🌱 Configuração'!$B$56+19-'🌱 Configuração'!$C$56)/7)+1=2),"🍄 Beauveria bassiana — foliar + solo",IF(AND('🌱 Configuração'!$B$56+19>='🌱 Configuração'!$C$56,'🌱 Configuração'!$B$56+19<'🌱 Configuração'!$D$56,MOD('🌱 Configuração'!$B$56+19-'🌱 Configuração'!$C$56,7)=0,INT(('🌱 Configuração'!$B$56+19-'🌱 Configuração'!$C$56)/7)+1=3),"🟡 Calda Sulfocálcica (1%) — foliar",IF(AND('🌱 Configuração'!$B$56+19>='🌱 Configuração'!$C$56,'🌱 Configuração'!$B$56+19<'🌱 Configuração'!$D$56,MOD('🌱 Configuração'!$B$56+19-'🌱 Configuração'!$C$56,7)=0,INT(('🌱 Configuração'!$B$56+19-'🌱 Configuração'!$C$56)/7)+1=4),"🦠 Trichoderma (3 g/L) — solo",IF(AND('🌱 Configuração'!$B$56+19>='🌱 Configuração'!$C$56,'🌱 Configuração'!$B$56+19<'🌱 Configuração'!$D$56,MOD('🌱 Configuração'!$B$56+19-'🌱 Configuração'!$C$56,7)=0,INT(('🌱 Configuração'!$B$56+19-'🌱 Configuração'!$C$56)/7)+1=5),"🔵 Calda Bordalesa (0.5%) — foliar",IF(AND('🌱 Configuração'!$B$56+19>='🌱 Configuração'!$C$56,'🌱 Configuração'!$B$56+19<'🌱 Configuração'!$D$56,MOD('🌱 Configuração'!$B$56+19-'🌱 Configuração'!$C$56,7)=0,INT(('🌱 Configuração'!$B$56+19-'🌱 Configuração'!$C$56)/7)+1=6),"🌿 Nim (2 mL/L) — ⚠️ ÚLTIMA foliar",IF(AND('🌱 Configuração'!$B$56+19>='🌱 Configuração'!$C$56,'🌱 Configuração'!$B$56+19<'🌱 Configuração'!$D$56,MOD('🌱 Configuração'!$B$56+19-'🌱 Configuração'!$C$56,7)=0,INT(('🌱 Configuração'!$B$56+19-'🌱 Configuração'!$C$56)/7)+1=7),"🦠 Trichoderma — solo",IF(AND('🌱 Configuração'!$B$56+19>='🌱 Configuração'!$C$56,'🌱 Configuração'!$B$56+19<'🌱 Configuração'!$D$56,MOD('🌱 Configuração'!$B$56+19-'🌱 Configuração'!$C$56,7)=0,INT(('🌱 Configuração'!$B$56+19-'🌱 Configuração'!$C$56)/7)+1=8),"🍄 Beauveria — solo","")))))))),IF('🌱 Configuração'!$B$56+19<'🌱 Configuração'!$E$56,IF(AND('🌱 Configuração'!$B$56+19>='🌱 Configuração'!$D$56,'🌱 Configuração'!$B$56+19<'🌱 Configuração'!$E$56,MOD('🌱 Configuração'!$B$56+19-'🌱 Configuração'!$D$56,7)=0,INT(('🌱 Configuração'!$B$56+19-'🌱 Configuração'!$D$56)/7)+1=1),"🍄 Beauveria bassiana — SOLO apenas",IF(AND('🌱 Configuração'!$B$56+19>='🌱 Configuração'!$D$56,'🌱 Configuração'!$B$56+19<'🌱 Configuração'!$E$56,MOD('🌱 Configuração'!$B$56+19-'🌱 Configuração'!$D$56,7)=0,INT(('🌱 Configuração'!$B$56+19-'🌱 Configuração'!$D$56)/7)+1=2),"🦠 Trichoderma (3 g/L) — solo",IF(AND('🌱 Configuração'!$B$56+19>='🌱 Configuração'!$D$56,'🌱 Configuração'!$B$56+19<'🌱 Configuração'!$E$56,MOD('🌱 Configuração'!$B$56+19-'🌱 Configuração'!$D$56,7)=0,INT(('🌱 Configuração'!$B$56+19-'🌱 Configuração'!$D$56)/7)+1=3),"🍄 Beauveria bassiana — solo | ⚠️ Umid <45%",IF(AND('🌱 Configuração'!$B$56+19>='🌱 Configuração'!$D$56,'🌱 Configuração'!$B$56+19<'🌱 Configuração'!$E$56,MOD('🌱 Configuração'!$B$56+19-'🌱 Configuração'!$D$56,7)=0,INT(('🌱 Configuração'!$B$56+19-'🌱 Configuração'!$D$56)/7)+1=4),"🦠 Trichoderma — solo | Inspecionar buds",IF(AND('🌱 Configuração'!$B$56+19>='🌱 Configuração'!$D$56,'🌱 Configuração'!$B$56+19<'🌱 Configuração'!$E$56,MOD('🌱 Configuração'!$B$56+19-'🌱 Configuração'!$D$56,7)=0,INT(('🌱 Configuração'!$B$56+19-'🌱 Configuração'!$D$56)/7)+1=5),"🍄 Beauveria + inspeção visual buds",IF(AND('🌱 Configuração'!$B$56+19>='🌱 Configuração'!$D$56,'🌱 Configuração'!$B$56+19<'🌱 Configuração'!$E$56,MOD('🌱 Configuração'!$B$56+19-'🌱 Configuração'!$D$56,7)=0,INT(('🌱 Configuração'!$B$56+19-'🌱 Configuração'!$D$56)/7)+1=6),"🦠 Trichoderma + ⚠️ Verificar mofo","")))))),IF(AND('🌱 Configuração'!$B$56+19>='🌱 Configuração'!$E$56,MOD('🌱 Configuração'!$B$56+19-'🌱 Configuração'!$E$56,7)=0),"🔬 Inspeção final — analisar tricomas","")))))
B26: =IF(21<='🌱 Configuração'!$F$55,21,"") -> 21 | C26: =IF(21<='🌱 Configuração'!$F$55,'🌱 Configuração'!$B$56+20,"") -> 20 | D26: =IF(21>'🌱 Configuração'!$F$55,"",IF('🌱 Configuração'!$B$56+20<'🌱 Configuração'!$C$56,"🌱 Clone",IF('🌱 Configuração'!$B$56+20<'🌱 Configuração'!$D$56,"🌿 Vegetativo",IF('🌱 Configuração'!$B$56+20<'🌱 Configuração'!$E$56,"🌸 Floração","🚿 Flush")))) -> 🌿 Vegetativo | E26: =IF(21>'🌱 Configuração'!$F$55,"",IF('🌱 Configuração'!$B$56+20<'🌱 Configuração'!$C$56,"Clone S"&INT((21-1)/7)+1,IF('🌱 Configuração'!$B$56+20<'🌱 Configuração'!$D$56,"Vega S"&INT(('🌱 Configuração'!$B$56+20-'🌱 Configuração'!$C$56)/7)+1,IF('🌱 Configuração'!$B$56+20<'🌱 Configuração'!$E$56,"Flora S"&INT(('🌱 Configuração'!$B$56+20-'🌱 Configuração'!$D$56)/7)+1,"Flush S"&INT(('🌱 Configuração'!$B$56+20-'🌱 Configuração'!$E$56)/7)+1)))) -> Vega S1 | F26: =IF(21>'🌱 Configuração'!$F$55,"",IF('🌱 Configuração'!$B$56+20='🌱 Configuração'!$C$56,"🌿 INÍCIO VEGA — luz 18h/dia",IF('🌱 Configuração'!$B$56+20='🌱 Configuração'!$D$56,"🌸 INÍCIO FLORAÇÃO — mudar 12/12 🔴",IF('🌱 Configuração'!$B$56+20='🌱 Configuração'!$E$56,"🚿 INÍCIO FLUSH — parar nutrição",IF('🌱 Configuração'!$B$56+20='🌱 Configuração'!$F$56-1,"🔬 Véspera da colheita — analisar tricomas",IF('🌱 Configuração'!$B$56+20='🌱 Configuração'!$F$56,"✂️ COLHEITA — Parabéns! 🎉","")))))) | H26: =IF(21>'🌱 Configuração'!$F$55,"",IF('🌱 Configuração'!$B$56+20<'🌱 Configuração'!$C$56,IF(21=1,"🌿 Nim (2 mL/L) — foliar leve",IF(21=8,"🍄 Beauveria bassiana — foliar + solo","")),IF('🌱 Configuração'!$B$56+20<'🌱 Configuração'!$D$56,IF(AND('🌱 Configuração'!$B$56+20>='🌱 Configuração'!$C$56,'🌱 Configuração'!$B$56+20<'🌱 Configuração'!$D$56,MOD('🌱 Configuração'!$B$56+20-'🌱 Configuração'!$C$56,7)=0,INT(('🌱 Configuração'!$B$56+20-'🌱 Configuração'!$C$56)/7)+1=1),"🌿 Nim (2 mL/L) — foliar preventivo",IF(AND('🌱 Configuração'!$B$56+20>='🌱 Configuração'!$C$56,'🌱 Configuração'!$B$56+20<'🌱 Configuração'!$D$56,MOD('🌱 Configuração'!$B$56+20-'🌱 Configuração'!$C$56,7)=0,INT(('🌱 Configuração'!$B$56+20-'🌱 Configuração'!$C$56)/7)+1=2),"🍄 Beauveria bassiana — foliar + solo",IF(AND('🌱 Configuração'!$B$56+20>='🌱 Configuração'!$C$56,'🌱 Configuração'!$B$56+20<'🌱 Configuração'!$D$56,MOD('🌱 Configuração'!$B$56+20-'🌱 Configuração'!$C$56,7)=0,INT(('🌱 Configuração'!$B$56+20-'🌱 Configuração'!$C$56)/7)+1=3),"🟡 Calda Sulfocálcica (1%) — foliar",IF(AND('🌱 Configuração'!$B$56+20>='🌱 Configuração'!$C$56,'🌱 Configuração'!$B$56+20<'🌱 Configuração'!$D$56,MOD('🌱 Configuração'!$B$56+20-'🌱 Configuração'!$C$56,7)=0,INT(('🌱 Configuração'!$B$56+20-'🌱 Configuração'!$C$56)/7)+1=4),"🦠 Trichoderma (3 g/L) — solo",IF(AND('🌱 Configuração'!$B$56+20>='🌱 Configuração'!$C$56,'🌱 Configuração'!$B$56+20<'🌱 Configuração'!$D$56,MOD('🌱 Configuração'!$B$56+20-'🌱 Configuração'!$C$56,7)=0,INT(('🌱 Configuração'!$B$56+20-'🌱 Configuração'!$C$56)/7)+1=5),"🔵 Calda Bordalesa (0.5%) — foliar",IF(AND('🌱 Configuração'!$B$56+20>='🌱 Configuração'!$C$56,'🌱 Configuração'!$B$56+20<'🌱 Configuração'!$D$56,MOD('🌱 Configuração'!$B$56+20-'🌱 Configuração'!$C$56,7)=0,INT(('🌱 Configuração'!$B$56+20-'🌱 Configuração'!$C$56)/7)+1=6),"🌿 Nim (2 mL/L) — ⚠️ ÚLTIMA foliar",IF(AND('🌱 Configuração'!$B$56+20>='🌱 Configuração'!$C$56,'🌱 Configuração'!$B$56+20<'🌱 Configuração'!$D$56,MOD('🌱 Configuração'!$B$56+20-'🌱 Configuração'!$C$56,7)=0,INT(('🌱 Configuração'!$B$56+20-'🌱 Configuração'!$C$56)/7)+1=7),"🦠 Trichoderma — solo",IF(AND('🌱 Configuração'!$B$56+20>='🌱 Configuração'!$C$56,'🌱 Configuração'!$B$56+20<'🌱 Configuração'!$D$56,MOD('🌱 Configuração'!$B$56+20-'🌱 Configuração'!$C$56,7)=0,INT(('🌱 Configuração'!$B$56+20-'🌱 Configuração'!$C$56)/7)+1=8),"🍄 Beauveria — solo","")))))))),IF('🌱 Configuração'!$B$56+20<'🌱 Configuração'!$E$56,IF(AND('🌱 Configuração'!$B$56+20>='🌱 Configuração'!$D$56,'🌱 Configuração'!$B$56+20<'🌱 Configuração'!$E$56,MOD('🌱 Configuração'!$B$56+20-'🌱 Configuração'!$D$56,7)=0,INT(('🌱 Configuração'!$B$56+20-'🌱 Configuração'!$D$56)/7)+1=1),"🍄 Beauveria bassiana — SOLO apenas",IF(AND('🌱 Configuração'!$B$56+20>='🌱 Configuração'!$D$56,'🌱 Configuração'!$B$56+20<'🌱 Configuração'!$E$56,MOD('🌱 Configuração'!$B$56+20-'🌱 Configuração'!$D$56,7)=0,INT(('🌱 Configuração'!$B$56+20-'🌱 Configuração'!$D$56)/7)+1=2),"🦠 Trichoderma (3 g/L) — solo",IF(AND('🌱 Configuração'!$B$56+20>='🌱 Configuração'!$D$56,'🌱 Configuração'!$B$56+20<'🌱 Configuração'!$E$56,MOD('🌱 Configuração'!$B$56+20-'🌱 Configuração'!$D$56,7)=0,INT(('🌱 Configuração'!$B$56+20-'🌱 Configuração'!$D$56)/7)+1=3),"🍄 Beauveria bassiana — solo | ⚠️ Umid <45%",IF(AND('🌱 Configuração'!$B$56+20>='🌱 Configuração'!$D$56,'🌱 Configuração'!$B$56+20<'🌱 Configuração'!$E$56,MOD('🌱 Configuração'!$B$56+20-'🌱 Configuração'!$D$56,7)=0,INT(('🌱 Configuração'!$B$56+20-'🌱 Configuração'!$D$56)/7)+1=4),"🦠 Trichoderma — solo | Inspecionar buds",IF(AND('🌱 Configuração'!$B$56+20>='🌱 Configuração'!$D$56,'🌱 Configuração'!$B$56+20<'🌱 Configuração'!$E$56,MOD('🌱 Configuração'!$B$56+20-'🌱 Configuração'!$D$56,7)=0,INT(('🌱 Configuração'!$B$56+20-'🌱 Configuração'!$D$56)/7)+1=5),"🍄 Beauveria + inspeção visual buds",IF(AND('🌱 Configuração'!$B$56+20>='🌱 Configuração'!$D$56,'🌱 Configuração'!$B$56+20<'🌱 Configuração'!$E$56,MOD('🌱 Configuração'!$B$56+20-'🌱 Configuração'!$D$56,7)=0,INT(('🌱 Configuração'!$B$56+20-'🌱 Configuração'!$D$56)/7)+1=6),"🦠 Trichoderma + ⚠️ Verificar mofo","")))))),IF(AND('🌱 Configuração'!$B$56+20>='🌱 Configuração'!$E$56,MOD('🌱 Configuração'!$B$56+20-'🌱 Configuração'!$E$56,7)=0),"🔬 Inspeção final — analisar tricomas","")))))
B27: =IF(22<='🌱 Configuração'!$F$55,22,"") -> 22 | C27: =IF(22<='🌱 Configuração'!$F$55,'🌱 Configuração'!$B$56+21,"") -> 21 | D27: =IF(22>'🌱 Configuração'!$F$55,"",IF('🌱 Configuração'!$B$56+21<'🌱 Configuração'!$C$56,"🌱 Clone",IF('🌱 Configuração'!$B$56+21<'🌱 Configuração'!$D$56,"🌿 Vegetativo",IF('🌱 Configuração'!$B$56+21<'🌱 Configuração'!$E$56,"🌸 Floração","🚿 Flush")))) -> 🌿 Vegetativo | E27: =IF(22>'🌱 Configuração'!$F$55,"",IF('🌱 Configuração'!$B$56+21<'🌱 Configuração'!$C$56,"Clone S"&INT((22-1)/7)+1,IF('🌱 Configuração'!$B$56+21<'🌱 Configuração'!$D$56,"Vega S"&INT(('🌱 Configuração'!$B$56+21-'🌱 Configuração'!$C$56)/7)+1,IF('🌱 Configuração'!$B$56+21<'🌱 Configuração'!$E$56,"Flora S"&INT(('🌱 Configuração'!$B$56+21-'🌱 Configuração'!$D$56)/7)+1,"Flush S"&INT(('🌱 Configuração'!$B$56+21-'🌱 Configuração'!$E$56)/7)+1)))) -> Vega S2 | F27: =IF(22>'🌱 Configuração'!$F$55,"",IF('🌱 Configuração'!$B$56+21='🌱 Configuração'!$C$56,"🌿 INÍCIO VEGA — luz 18h/dia",IF('🌱 Configuração'!$B$56+21='🌱 Configuração'!$D$56,"🌸 INÍCIO FLORAÇÃO — mudar 12/12 🔴",IF('🌱 Configuração'!$B$56+21='🌱 Configuração'!$E$56,"🚿 INÍCIO FLUSH — parar nutrição",IF('🌱 Configuração'!$B$56+21='🌱 Configuração'!$F$56-1,"🔬 Véspera da colheita — analisar tricomas",IF('🌱 Configuração'!$B$56+21='🌱 Configuração'!$F$56,"✂️ COLHEITA — Parabéns! 🎉","")))))) | G27: Bio·Grow 2 mL/L | Fish·Mix 2 mL/L | H27: =IF(22>'🌱 Configuração'!$F$55,"",IF('🌱 Configuração'!$B$56+21<'🌱 Configuração'!$C$56,IF(22=1,"🌿 Nim (2 mL/L) — foliar leve",IF(22=8,"🍄 Beauveria bassiana — foliar + solo","")),IF('🌱 Configuração'!$B$56+21<'🌱 Configuração'!$D$56,IF(AND('🌱 Configuração'!$B$56+21>='🌱 Configuração'!$C$56,'🌱 Configuração'!$B$56+21<'🌱 Configuração'!$D$56,MOD('🌱 Configuração'!$B$56+21-'🌱 Configuração'!$C$56,7)=0,INT(('🌱 Configuração'!$B$56+21-'🌱 Configuração'!$C$56)/7)+1=1),"🌿 Nim (2 mL/L) — foliar preventivo",IF(AND('🌱 Configuração'!$B$56+21>='🌱 Configuração'!$C$56,'🌱 Configuração'!$B$56+21<'🌱 Configuração'!$D$56,MOD('🌱 Configuração'!$B$56+21-'🌱 Configuração'!$C$56,7)=0,INT(('🌱 Configuração'!$B$56+21-'🌱 Configuração'!$C$56)/7)+1=2),"🍄 Beauveria bassiana — foliar + solo",IF(AND('🌱 Configuração'!$B$56+21>='🌱 Configuração'!$C$56,'🌱 Configuração'!$B$56+21<'🌱 Configuração'!$D$56,MOD('🌱 Configuração'!$B$56+21-'🌱 Configuração'!$C$56,7)=0,INT(('🌱 Configuração'!$B$56+21-'🌱 Configuração'!$C$56)/7)+1=3),"🟡 Calda Sulfocálcica (1%) — foliar",IF(AND('🌱 Configuração'!$B$56+21>='🌱 Configuração'!$C$56,'🌱 Configuração'!$B$56+21<'🌱 Configuração'!$D$56,MOD('🌱 Configuração'!$B$56+21-'🌱 Configuração'!$C$56,7)=0,INT(('🌱 Configuração'!$B$56+21-'🌱 Configuração'!$C$56)/7)+1=4),"🦠 Trichoderma (3 g/L) — solo",IF(AND('🌱 Configuração'!$B$56+21>='🌱 Configuração'!$C$56,'🌱 Configuração'!$B$56+21<'🌱 Configuração'!$D$56,MOD('🌱 Configuração'!$B$56+21-'🌱 Configuração'!$C$56,7)=0,INT(('🌱 Configuração'!$B$56+21-'🌱 Configuração'!$C$56)/7)+1=5),"🔵 Calda Bordalesa (0.5%) — foliar",IF(AND('🌱 Configuração'!$B$56+21>='🌱 Configuração'!$C$56,'🌱 Configuração'!$B$56+21<'🌱 Configuração'!$D$56,MOD('🌱 Configuração'!$B$56+21-'🌱 Configuração'!$C$56,7)=0,INT(('🌱 Configuração'!$B$56+21-'🌱 Configuração'!$C$56)/7)+1=6),"🌿 Nim (2 mL/L) — ⚠️ ÚLTIMA foliar",IF(AND('🌱 Configuração'!$B$56+21>='🌱 Configuração'!$C$56,'🌱 Configuração'!$B$56+21<'🌱 Configuração'!$D$56,MOD('🌱 Configuração'!$B$56+21-'🌱 Configuração'!$C$56,7)=0,INT(('🌱 Configuração'!$B$56+21-'🌱 Configuração'!$C$56)/7)+1=7),"🦠 Trichoderma — solo",IF(AND('🌱 Configuração'!$B$56+21>='🌱 Configuração'!$C$56,'🌱 Configuração'!$B$56+21<'🌱 Configuração'!$D$56,MOD('🌱 Configuração'!$B$56+21-'🌱 Configuração'!$C$56,7)=0,INT(('🌱 Configuração'!$B$56+21-'🌱 Configuração'!$C$56)/7)+1=8),"🍄 Beauveria — solo","")))))))),IF('🌱 Configuração'!$B$56+21<'🌱 Configuração'!$E$56,IF(AND('🌱 Configuração'!$B$56+21>='🌱 Configuração'!$D$56,'🌱 Configuração'!$B$56+21<'🌱 Configuração'!$E$56,MOD('🌱 Configuração'!$B$56+21-'🌱 Configuração'!$D$56,7)=0,INT(('🌱 Configuração'!$B$56+21-'🌱 Configuração'!$D$56)/7)+1=1),"🍄 Beauveria bassiana — SOLO apenas",IF(AND('🌱 Configuração'!$B$56+21>='🌱 Configuração'!$D$56,'🌱 Configuração'!$B$56+21<'🌱 Configuração'!$E$56,MOD('🌱 Configuração'!$B$56+21-'🌱 Configuração'!$D$56,7)=0,INT(('🌱 Configuração'!$B$56+21-'🌱 Configuração'!$D$56)/7)+1=2),"🦠 Trichoderma (3 g/L) — solo",IF(AND('🌱 Configuração'!$B$56+21>='🌱 Configuração'!$D$56,'🌱 Configuração'!$B$56+21<'🌱 Configuração'!$E$56,MOD('🌱 Configuração'!$B$56+21-'🌱 Configuração'!$D$56,7)=0,INT(('🌱 Configuração'!$B$56+21-'🌱 Configuração'!$D$56)/7)+1=3),"🍄 Beauveria bassiana — solo | ⚠️ Umid <45%",IF(AND('🌱 Configuração'!$B$56+21>='🌱 Configuração'!$D$56,'🌱 Configuração'!$B$56+21<'🌱 Configuração'!$E$56,MOD('🌱 Configuração'!$B$56+21-'🌱 Configuração'!$D$56,7)=0,INT(('🌱 Configuração'!$B$56+21-'🌱 Configuração'!$D$56)/7)+1=4),"🦠 Trichoderma — solo | Inspecionar buds",IF(AND('🌱 Configuração'!$B$56+21>='🌱 Configuração'!$D$56,'🌱 Configuração'!$B$56+21<'🌱 Configuração'!$E$56,MOD('🌱 Configuração'!$B$56+21-'🌱 Configuração'!$D$56,7)=0,INT(('🌱 Configuração'!$B$56+21-'🌱 Configuração'!$D$56)/7)+1=5),"🍄 Beauveria + inspeção visual buds",IF(AND('🌱 Configuração'!$B$56+21>='🌱 Configuração'!$D$56,'🌱 Configuração'!$B$56+21<'🌱 Configuração'!$E$56,MOD('🌱 Configuração'!$B$56+21-'🌱 Configuração'!$D$56,7)=0,INT(('🌱 Configuração'!$B$56+21-'🌱 Configuração'!$D$56)/7)+1=6),"🦠 Trichoderma + ⚠️ Verificar mofo","")))))),IF(AND('🌱 Configuração'!$B$56+21>='🌱 Configuração'!$E$56,MOD('🌱 Configuração'!$B$56+21-'🌱 Configuração'!$E$56,7)=0),"🔬 Inspeção final — analisar tricomas",""))))) -> 🍄 Beauveria bassiana — foliar + solo
B28: =IF(23<='🌱 Configuração'!$F$55,23,"") -> 23 | C28: =IF(23<='🌱 Configuração'!$F$55,'🌱 Configuração'!$B$56+22,"") -> 22 | D28: =IF(23>'🌱 Configuração'!$F$55,"",IF('🌱 Configuração'!$B$56+22<'🌱 Configuração'!$C$56,"🌱 Clone",IF('🌱 Configuração'!$B$56+22<'🌱 Configuração'!$D$56,"🌿 Vegetativo",IF('🌱 Configuração'!$B$56+22<'🌱 Configuração'!$E$56,"🌸 Floração","🚿 Flush")))) -> 🌿 Vegetativo | E28: =IF(23>'🌱 Configuração'!$F$55,"",IF('🌱 Configuração'!$B$56+22<'🌱 Configuração'!$C$56,"Clone S"&INT((23-1)/7)+1,IF('🌱 Configuração'!$B$56+22<'🌱 Configuração'!$D$56,"Vega S"&INT(('🌱 Configuração'!$B$56+22-'🌱 Configuração'!$C$56)/7)+1,IF('🌱 Configuração'!$B$56+22<'🌱 Configuração'!$E$56,"Flora S"&INT(('🌱 Configuração'!$B$56+22-'🌱 Configuração'!$D$56)/7)+1,"Flush S"&INT(('🌱 Configuração'!$B$56+22-'🌱 Configuração'!$E$56)/7)+1)))) -> Vega S2 | F28: =IF(23>'🌱 Configuração'!$F$55,"",IF('🌱 Configuração'!$B$56+22='🌱 Configuração'!$C$56,"🌿 INÍCIO VEGA — luz 18h/dia",IF('🌱 Configuração'!$B$56+22='🌱 Configuração'!$D$56,"🌸 INÍCIO FLORAÇÃO — mudar 12/12 🔴",IF('🌱 Configuração'!$B$56+22='🌱 Configuração'!$E$56,"🚿 INÍCIO FLUSH — parar nutrição",IF('🌱 Configuração'!$B$56+22='🌱 Configuração'!$F$56-1,"🔬 Véspera da colheita — analisar tricomas",IF('🌱 Configuração'!$B$56+22='🌱 Configuração'!$F$56,"✂️ COLHEITA — Parabéns! 🎉","")))))) | H28: =IF(23>'🌱 Configuração'!$F$55,"",IF('🌱 Configuração'!$B$56+22<'🌱 Configuração'!$C$56,IF(23=1,"🌿 Nim (2 mL/L) — foliar leve",IF(23=8,"🍄 Beauveria bassiana — foliar + solo","")),IF('🌱 Configuração'!$B$56+22<'🌱 Configuração'!$D$56,IF(AND('🌱 Configuração'!$B$56+22>='🌱 Configuração'!$C$56,'🌱 Configuração'!$B$56+22<'🌱 Configuração'!$D$56,MOD('🌱 Configuração'!$B$56+22-'🌱 Configuração'!$C$56,7)=0,INT(('🌱 Configuração'!$B$56+22-'🌱 Configuração'!$C$56)/7)+1=1),"🌿 Nim (2 mL/L) — foliar preventivo",IF(AND('🌱 Configuração'!$B$56+22>='🌱 Configuração'!$C$56,'🌱 Configuração'!$B$56+22<'🌱 Configuração'!$D$56,MOD('🌱 Configuração'!$B$56+22-'🌱 Configuração'!$C$56,7)=0,INT(('🌱 Configuração'!$B$56+22-'🌱 Configuração'!$C$56)/7)+1=2),"🍄 Beauveria bassiana — foliar + solo",IF(AND('🌱 Configuração'!$B$56+22>='🌱 Configuração'!$C$56,'🌱 Configuração'!$B$56+22<'🌱 Configuração'!$D$56,MOD('🌱 Configuração'!$B$56+22-'🌱 Configuração'!$C$56,7)=0,INT(('🌱 Configuração'!$B$56+22-'🌱 Configuração'!$C$56)/7)+1=3),"🟡 Calda Sulfocálcica (1%) — foliar",IF(AND('🌱 Configuração'!$B$56+22>='🌱 Configuração'!$C$56,'🌱 Configuração'!$B$56+22<'🌱 Configuração'!$D$56,MOD('🌱 Configuração'!$B$56+22-'🌱 Configuração'!$C$56,7)=0,INT(('🌱 Configuração'!$B$56+22-'🌱 Configuração'!$C$56)/7)+1=4),"🦠 Trichoderma (3 g/L) — solo",IF(AND('🌱 Configuração'!$B$56+22>='🌱 Configuração'!$C$56,'🌱 Configuração'!$B$56+22<'🌱 Configuração'!$D$56,MOD('🌱 Configuração'!$B$56+22-'🌱 Configuração'!$C$56,7)=0,INT(('🌱 Configuração'!$B$56+22-'🌱 Configuração'!$C$56)/7)+1=5),"🔵 Calda Bordalesa (0.5%) — foliar",IF(AND('🌱 Configuração'!$B$56+22>='🌱 Configuração'!$C$56,'🌱 Configuração'!$B$56+22<'🌱 Configuração'!$D$56,MOD('🌱 Configuração'!$B$56+22-'🌱 Configuração'!$C$56,7)=0,INT(('🌱 Configuração'!$B$56+22-'🌱 Configuração'!$C$56)/7)+1=6),"🌿 Nim (2 mL/L) — ⚠️ ÚLTIMA foliar",IF(AND('🌱 Configuração'!$B$56+22>='🌱 Configuração'!$C$56,'🌱 Configuração'!$B$56+22<'🌱 Configuração'!$D$56,MOD('🌱 Configuração'!$B$56+22-'🌱 Configuração'!$C$56,7)=0,INT(('🌱 Configuração'!$B$56+22-'🌱 Configuração'!$C$56)/7)+1=7),"🦠 Trichoderma — solo",IF(AND('🌱 Configuração'!$B$56+22>='🌱 Configuração'!$C$56,'🌱 Configuração'!$B$56+22<'🌱 Configuração'!$D$56,MOD('🌱 Configuração'!$B$56+22-'🌱 Configuração'!$C$56,7)=0,INT(('🌱 Configuração'!$B$56+22-'🌱 Configuração'!$C$56)/7)+1=8),"🍄 Beauveria — solo","")))))))),IF('🌱 Configuração'!$B$56+22<'🌱 Configuração'!$E$56,IF(AND('🌱 Configuração'!$B$56+22>='🌱 Configuração'!$D$56,'🌱 Configuração'!$B$56+22<'🌱 Configuração'!$E$56,MOD('🌱 Configuração'!$B$56+22-'🌱 Configuração'!$D$56,7)=0,INT(('🌱 Configuração'!$B$56+22-'🌱 Configuração'!$D$56)/7)+1=1),"🍄 Beauveria bassiana — SOLO apenas",IF(AND('🌱 Configuração'!$B$56+22>='🌱 Configuração'!$D$56,'🌱 Configuração'!$B$56+22<'🌱 Configuração'!$E$56,MOD('🌱 Configuração'!$B$56+22-'🌱 Configuração'!$D$56,7)=0,INT(('🌱 Configuração'!$B$56+22-'🌱 Configuração'!$D$56)/7)+1=2),"🦠 Trichoderma (3 g/L) — solo",IF(AND('🌱 Configuração'!$B$56+22>='🌱 Configuração'!$D$56,'🌱 Configuração'!$B$56+22<'🌱 Configuração'!$E$56,MOD('🌱 Configuração'!$B$56+22-'🌱 Configuração'!$D$56,7)=0,INT(('🌱 Configuração'!$B$56+22-'🌱 Configuração'!$D$56)/7)+1=3),"🍄 Beauveria bassiana — solo | ⚠️ Umid <45%",IF(AND('🌱 Configuração'!$B$56+22>='🌱 Configuração'!$D$56,'🌱 Configuração'!$B$56+22<'🌱 Configuração'!$E$56,MOD('🌱 Configuração'!$B$56+22-'🌱 Configuração'!$D$56,7)=0,INT(('🌱 Configuração'!$B$56+22-'🌱 Configuração'!$D$56)/7)+1=4),"🦠 Trichoderma — solo | Inspecionar buds",IF(AND('🌱 Configuração'!$B$56+22>='🌱 Configuração'!$D$56,'🌱 Configuração'!$B$56+22<'🌱 Configuração'!$E$56,MOD('🌱 Configuração'!$B$56+22-'🌱 Configuração'!$D$56,7)=0,INT(('🌱 Configuração'!$B$56+22-'🌱 Configuração'!$D$56)/7)+1=5),"🍄 Beauveria + inspeção visual buds",IF(AND('🌱 Configuração'!$B$56+22>='🌱 Configuração'!$D$56,'🌱 Configuração'!$B$56+22<'🌱 Configuração'!$E$56,MOD('🌱 Configuração'!$B$56+22-'🌱 Configuração'!$D$56,7)=0,INT(('🌱 Configuração'!$B$56+22-'🌱 Configuração'!$D$56)/7)+1=6),"🦠 Trichoderma + ⚠️ Verificar mofo","")))))),IF(AND('🌱 Configuração'!$B$56+22>='🌱 Configuração'!$E$56,MOD('🌱 Configuração'!$B$56+22-'🌱 Configuração'!$E$56,7)=0),"🔬 Inspeção final — analisar tricomas","")))))
B29: =IF(24<='🌱 Configuração'!$F$55,24,"") -> 24 | C29: =IF(24<='🌱 Configuração'!$F$55,'🌱 Configuração'!$B$56+23,"") -> 23 | D29: =IF(24>'🌱 Configuração'!$F$55,"",IF('🌱 Configuração'!$B$56+23<'🌱 Configuração'!$C$56,"🌱 Clone",IF('🌱 Configuração'!$B$56+23<'🌱 Configuração'!$D$56,"🌿 Vegetativo",IF('🌱 Configuração'!$B$56+23<'🌱 Configuração'!$E$56,"🌸 Floração","🚿 Flush")))) -> 🌿 Vegetativo | E29: =IF(24>'🌱 Configuração'!$F$55,"",IF('🌱 Configuração'!$B$56+23<'🌱 Configuração'!$C$56,"Clone S"&INT((24-1)/7)+1,IF('🌱 Configuração'!$B$56+23<'🌱 Configuração'!$D$56,"Vega S"&INT(('🌱 Configuração'!$B$56+23-'🌱 Configuração'!$C$56)/7)+1,IF('🌱 Configuração'!$B$56+23<'🌱 Configuração'!$E$56,"Flora S"&INT(('🌱 Configuração'!$B$56+23-'🌱 Configuração'!$D$56)/7)+1,"Flush S"&INT(('🌱 Configuração'!$B$56+23-'🌱 Configuração'!$E$56)/7)+1)))) -> Vega S2 | F29: =IF(24>'🌱 Configuração'!$F$55,"",IF('🌱 Configuração'!$B$56+23='🌱 Configuração'!$C$56,"🌿 INÍCIO VEGA — luz 18h/dia",IF('🌱 Configuração'!$B$56+23='🌱 Configuração'!$D$56,"🌸 INÍCIO FLORAÇÃO — mudar 12/12 🔴",IF('🌱 Configuração'!$B$56+23='🌱 Configuração'!$E$56,"🚿 INÍCIO FLUSH — parar nutrição",IF('🌱 Configuração'!$B$56+23='🌱 Configuração'!$F$56-1,"🔬 Véspera da colheita — analisar tricomas",IF('🌱 Configuração'!$B$56+23='🌱 Configuração'!$F$56,"✂️ COLHEITA — Parabéns! 🎉","")))))) | H29: =IF(24>'🌱 Configuração'!$F$55,"",IF('🌱 Configuração'!$B$56+23<'🌱 Configuração'!$C$56,IF(24=1,"🌿 Nim (2 mL/L) — foliar leve",IF(24=8,"🍄 Beauveria bassiana — foliar + solo","")),IF('🌱 Configuração'!$B$56+23<'🌱 Configuração'!$D$56,IF(AND('🌱 Configuração'!$B$56+23>='🌱 Configuração'!$C$56,'🌱 Configuração'!$B$56+23<'🌱 Configuração'!$D$56,MOD('🌱 Configuração'!$B$56+23-'🌱 Configuração'!$C$56,7)=0,INT(('🌱 Configuração'!$B$56+23-'🌱 Configuração'!$C$56)/7)+1=1),"🌿 Nim (2 mL/L) — foliar preventivo",IF(AND('🌱 Configuração'!$B$56+23>='🌱 Configuração'!$C$56,'🌱 Configuração'!$B$56+23<'🌱 Configuração'!$D$56,MOD('🌱 Configuração'!$B$56+23-'🌱 Configuração'!$C$56,7)=0,INT(('🌱 Configuração'!$B$56+23-'🌱 Configuração'!$C$56)/7)+1=2),"🍄 Beauveria bassiana — foliar + solo",IF(AND('🌱 Configuração'!$B$56+23>='🌱 Configuração'!$C$56,'🌱 Configuração'!$B$56+23<'🌱 Configuração'!$D$56,MOD('🌱 Configuração'!$B$56+23-'🌱 Configuração'!$C$56,7)=0,INT(('🌱 Configuração'!$B$56+23-'🌱 Configuração'!$C$56)/7)+1=3),"🟡 Calda Sulfocálcica (1%) — foliar",IF(AND('🌱 Configuração'!$B$56+23>='🌱 Configuração'!$C$56,'🌱 Configuração'!$B$56+23<'🌱 Configuração'!$D$56,MOD('🌱 Configuração'!$B$56+23-'🌱 Configuração'!$C$56,7)=0,INT(('🌱 Configuração'!$B$56+23-'🌱 Configuração'!$C$56)/7)+1=4),"🦠 Trichoderma (3 g/L) — solo",IF(AND('🌱 Configuração'!$B$56+23>='🌱 Configuração'!$C$56,'🌱 Configuração'!$B$56+23<'🌱 Configuração'!$D$56,MOD('🌱 Configuração'!$B$56+23-'🌱 Configuração'!$C$56,7)=0,INT(('🌱 Configuração'!$B$56+23-'🌱 Configuração'!$C$56)/7)+1=5),"🔵 Calda Bordalesa (0.5%) — foliar",IF(AND('🌱 Configuração'!$B$56+23>='🌱 Configuração'!$C$56,'🌱 Configuração'!$B$56+23<'🌱 Configuração'!$D$56,MOD('🌱 Configuração'!$B$56+23-'🌱 Configuração'!$C$56,7)=0,INT(('🌱 Configuração'!$B$56+23-'🌱 Configuração'!$C$56)/7)+1=6),"🌿 Nim (2 mL/L) — ⚠️ ÚLTIMA foliar",IF(AND('🌱 Configuração'!$B$56+23>='🌱 Configuração'!$C$56,'🌱 Configuração'!$B$56+23<'🌱 Configuração'!$D$56,MOD('🌱 Configuração'!$B$56+23-'🌱 Configuração'!$C$56,7)=0,INT(('🌱 Configuração'!$B$56+23-'🌱 Configuração'!$C$56)/7)+1=7),"🦠 Trichoderma — solo",IF(AND('🌱 Configuração'!$B$56+23>='🌱 Configuração'!$C$56,'🌱 Configuração'!$B$56+23<'🌱 Configuração'!$D$56,MOD('🌱 Configuração'!$B$56+23-'🌱 Configuração'!$C$56,7)=0,INT(('🌱 Configuração'!$B$56+23-'🌱 Configuração'!$C$56)/7)+1=8),"🍄 Beauveria — solo","")))))))),IF('🌱 Configuração'!$B$56+23<'🌱 Configuração'!$E$56,IF(AND('🌱 Configuração'!$B$56+23>='🌱 Configuração'!$D$56,'🌱 Configuração'!$B$56+23<'🌱 Configuração'!$E$56,MOD('🌱 Configuração'!$B$56+23-'🌱 Configuração'!$D$56,7)=0,INT(('🌱 Configuração'!$B$56+23-'🌱 Configuração'!$D$56)/7)+1=1),"🍄 Beauveria bassiana — SOLO apenas",IF(AND('🌱 Configuração'!$B$56+23>='🌱 Configuração'!$D$56,'🌱 Configuração'!$B$56+23<'🌱 Configuração'!$E$56,MOD('🌱 Configuração'!$B$56+23-'🌱 Configuração'!$D$56,7)=0,INT(('🌱 Configuração'!$B$56+23-'🌱 Configuração'!$D$56)/7)+1=2),"🦠 Trichoderma (3 g/L) — solo",IF(AND('🌱 Configuração'!$B$56+23>='🌱 Configuração'!$D$56,'🌱 Configuração'!$B$56+23<'🌱 Configuração'!$E$56,MOD('🌱 Configuração'!$B$56+23-'🌱 Configuração'!$D$56,7)=0,INT(('🌱 Configuração'!$B$56+23-'🌱 Configuração'!$D$56)/7)+1=3),"🍄 Beauveria bassiana — solo | ⚠️ Umid <45%",IF(AND('🌱 Configuração'!$B$56+23>='🌱 Configuração'!$D$56,'🌱 Configuração'!$B$56+23<'🌱 Configuração'!$E$56,MOD('🌱 Configuração'!$B$56+23-'🌱 Configuração'!$D$56,7)=0,INT(('🌱 Configuração'!$B$56+23-'🌱 Configuração'!$D$56)/7)+1=4),"🦠 Trichoderma — solo | Inspecionar buds",IF(AND('🌱 Configuração'!$B$56+23>='🌱 Configuração'!$D$56,'🌱 Configuração'!$B$56+23<'🌱 Configuração'!$E$56,MOD('🌱 Configuração'!$B$56+23-'🌱 Configuração'!$D$56,7)=0,INT(('🌱 Configuração'!$B$56+23-'🌱 Configuração'!$D$56)/7)+1=5),"🍄 Beauveria + inspeção visual buds",IF(AND('🌱 Configuração'!$B$56+23>='🌱 Configuração'!$D$56,'🌱 Configuração'!$B$56+23<'🌱 Configuração'!$E$56,MOD('🌱 Configuração'!$B$56+23-'🌱 Configuração'!$D$56,7)=0,INT(('🌱 Configuração'!$B$56+23-'🌱 Configuração'!$D$56)/7)+1=6),"🦠 Trichoderma + ⚠️ Verificar mofo","")))))),IF(AND('🌱 Configuração'!$B$56+23>='🌱 Configuração'!$E$56,MOD('🌱 Configuração'!$B$56+23-'🌱 Configuração'!$E$56,7)=0),"🔬 Inspeção final — analisar tricomas","")))))
B30: =IF(25<='🌱 Configuração'!$F$55,25,"") -> 25 | C30: =IF(25<='🌱 Configuração'!$F$55,'🌱 Configuração'!$B$56+24,"") -> 24 | D30: =IF(25>'🌱 Configuração'!$F$55,"",IF('🌱 Configuração'!$B$56+24<'🌱 Configuração'!$C$56,"🌱 Clone",IF('🌱 Configuração'!$B$56+24<'🌱 Configuração'!$D$56,"🌿 Vegetativo",IF('🌱 Configuração'!$B$56+24<'🌱 Configuração'!$E$56,"🌸 Floração","🚿 Flush")))) -> 🌿 Vegetativo | E30: =IF(25>'🌱 Configuração'!$F$55,"",IF('🌱 Configuração'!$B$56+24<'🌱 Configuração'!$C$56,"Clone S"&INT((25-1)/7)+1,IF('🌱 Configuração'!$B$56+24<'🌱 Configuração'!$D$56,"Vega S"&INT(('🌱 Configuração'!$B$56+24-'🌱 Configuração'!$C$56)/7)+1,IF('🌱 Configuração'!$B$56+24<'🌱 Configuração'!$E$56,"Flora S"&INT(('🌱 Configuração'!$B$56+24-'🌱 Configuração'!$D$56)/7)+1,"Flush S"&INT(('🌱 Configuração'!$B$56+24-'🌱 Configuração'!$E$56)/7)+1)))) -> Vega S2 | F30: =IF(25>'🌱 Configuração'!$F$55,"",IF('🌱 Configuração'!$B$56+24='🌱 Configuração'!$C$56,"🌿 INÍCIO VEGA — luz 18h/dia",IF('🌱 Configuração'!$B$56+24='🌱 Configuração'!$D$56,"🌸 INÍCIO FLORAÇÃO — mudar 12/12 🔴",IF('🌱 Configuração'!$B$56+24='🌱 Configuração'!$E$56,"🚿 INÍCIO FLUSH — parar nutrição",IF('🌱 Configuração'!$B$56+24='🌱 Configuração'!$F$56-1,"🔬 Véspera da colheita — analisar tricomas",IF('🌱 Configuração'!$B$56+24='🌱 Configuração'!$F$56,"✂️ COLHEITA — Parabéns! 🎉","")))))) | H30: =IF(25>'🌱 Configuração'!$F$55,"",IF('🌱 Configuração'!$B$56+24<'🌱 Configuração'!$C$56,IF(25=1,"🌿 Nim (2 mL/L) — foliar leve",IF(25=8,"🍄 Beauveria bassiana — foliar + solo","")),IF('🌱 Configuração'!$B$56+24<'🌱 Configuração'!$D$56,IF(AND('🌱 Configuração'!$B$56+24>='🌱 Configuração'!$C$56,'🌱 Configuração'!$B$56+24<'🌱 Configuração'!$D$56,MOD('🌱 Configuração'!$B$56+24-'🌱 Configuração'!$C$56,7)=0,INT(('🌱 Configuração'!$B$56+24-'🌱 Configuração'!$C$56)/7)+1=1),"🌿 Nim (2 mL/L) — foliar preventivo",IF(AND('🌱 Configuração'!$B$56+24>='🌱 Configuração'!$C$56,'🌱 Configuração'!$B$56+24<'🌱 Configuração'!$D$56,MOD('🌱 Configuração'!$B$56+24-'🌱 Configuração'!$C$56,7)=0,INT(('🌱 Configuração'!$B$56+24-'🌱 Configuração'!$C$56)/7)+1=2),"🍄 Beauveria bassiana — foliar + solo",IF(AND('🌱 Configuração'!$B$56+24>='🌱 Configuração'!$C$56,'🌱 Configuração'!$B$56+24<'🌱 Configuração'!$D$56,MOD('🌱 Configuração'!$B$56+24-'🌱 Configuração'!$C$56,7)=0,INT(('🌱 Configuração'!$B$56+24-'🌱 Configuração'!$C$56)/7)+1=3),"🟡 Calda Sulfocálcica (1%) — foliar",IF(AND('🌱 Configuração'!$B$56+24>='🌱 Configuração'!$C$56,'🌱 Configuração'!$B$56+24<'🌱 Configuração'!$D$56,MOD('🌱 Configuração'!$B$56+24-'🌱 Configuração'!$C$56,7)=0,INT(('🌱 Configuração'!$B$56+24-'🌱 Configuração'!$C$56)/7)+1=4),"🦠 Trichoderma (3 g/L) — solo",IF(AND('🌱 Configuração'!$B$56+24>='🌱 Configuração'!$C$56,'🌱 Configuração'!$B$56+24<'🌱 Configuração'!$D$56,MOD('🌱 Configuração'!$B$56+24-'🌱 Configuração'!$C$56,7)=0,INT(('🌱 Configuração'!$B$56+24-'🌱 Configuração'!$C$56)/7)+1=5),"🔵 Calda Bordalesa (0.5%) — foliar",IF(AND('🌱 Configuração'!$B$56+24>='🌱 Configuração'!$C$56,'🌱 Configuração'!$B$56+24<'🌱 Configuração'!$D$56,MOD('🌱 Configuração'!$B$56+24-'🌱 Configuração'!$C$56,7)=0,INT(('🌱 Configuração'!$B$56+24-'🌱 Configuração'!$C$56)/7)+1=6),"🌿 Nim (2 mL/L) — ⚠️ ÚLTIMA foliar",IF(AND('🌱 Configuração'!$B$56+24>='🌱 Configuração'!$C$56,'🌱 Configuração'!$B$56+24<'🌱 Configuração'!$D$56,MOD('🌱 Configuração'!$B$56+24-'🌱 Configuração'!$C$56,7)=0,INT(('🌱 Configuração'!$B$56+24-'🌱 Configuração'!$C$56)/7)+1=7),"🦠 Trichoderma — solo",IF(AND('🌱 Configuração'!$B$56+24>='🌱 Configuração'!$C$56,'🌱 Configuração'!$B$56+24<'🌱 Configuração'!$D$56,MOD('🌱 Configuração'!$B$56+24-'🌱 Configuração'!$C$56,7)=0,INT(('🌱 Configuração'!$B$56+24-'🌱 Configuração'!$C$56)/7)+1=8),"🍄 Beauveria — solo","")))))))),IF('🌱 Configuração'!$B$56+24<'🌱 Configuração'!$E$56,IF(AND('🌱 Configuração'!$B$56+24>='🌱 Configuração'!$D$56,'🌱 Configuração'!$B$56+24<'🌱 Configuração'!$E$56,MOD('🌱 Configuração'!$B$56+24-'🌱 Configuração'!$D$56,7)=0,INT(('🌱 Configuração'!$B$56+24-'🌱 Configuração'!$D$56)/7)+1=1),"🍄 Beauveria bassiana — SOLO apenas",IF(AND('🌱 Configuração'!$B$56+24>='🌱 Configuração'!$D$56,'🌱 Configuração'!$B$56+24<'🌱 Configuração'!$E$56,MOD('🌱 Configuração'!$B$56+24-'🌱 Configuração'!$D$56,7)=0,INT(('🌱 Configuração'!$B$56+24-'🌱 Configuração'!$D$56)/7)+1=2),"🦠 Trichoderma (3 g/L) — solo",IF(AND('🌱 Configuração'!$B$56+24>='🌱 Configuração'!$D$56,'🌱 Configuração'!$B$56+24<'🌱 Configuração'!$E$56,MOD('🌱 Configuração'!$B$56+24-'🌱 Configuração'!$D$56,7)=0,INT(('🌱 Configuração'!$B$56+24-'🌱 Configuração'!$D$56)/7)+1=3),"🍄 Beauveria bassiana — solo | ⚠️ Umid <45%",IF(AND('🌱 Configuração'!$B$56+24>='🌱 Configuração'!$D$56,'🌱 Configuração'!$B$56+24<'🌱 Configuração'!$E$56,MOD('🌱 Configuração'!$B$56+24-'🌱 Configuração'!$D$56,7)=0,INT(('🌱 Configuração'!$B$56+24-'🌱 Configuração'!$D$56)/7)+1=4),"🦠 Trichoderma — solo | Inspecionar buds",IF(AND('🌱 Configuração'!$B$56+24>='🌱 Configuração'!$D$56,'🌱 Configuração'!$B$56+24<'🌱 Configuração'!$E$56,MOD('🌱 Configuração'!$B$56+24-'🌱 Configuração'!$D$56,7)=0,INT(('🌱 Configuração'!$B$56+24-'🌱 Configuração'!$D$56)/7)+1=5),"🍄 Beauveria + inspeção visual buds",IF(AND('🌱 Configuração'!$B$56+24>='🌱 Configuração'!$D$56,'🌱 Configuração'!$B$56+24<'🌱 Configuração'!$E$56,MOD('🌱 Configuração'!$B$56+24-'🌱 Configuração'!$D$56,7)=0,INT(('🌱 Configuração'!$B$56+24-'🌱 Configuração'!$D$56)/7)+1=6),"🦠 Trichoderma + ⚠️ Verificar mofo","")))))),IF(AND('🌱 Configuração'!$B$56+24>='🌱 Configuração'!$E$56,MOD('🌱 Configuração'!$B$56+24-'🌱 Configuração'!$E$56,7)=0),"🔬 Inspeção final — analisar tricomas","")))))
B31: =IF(26<='🌱 Configuração'!$F$55,26,"") -> 26 | C31: =IF(26<='🌱 Configuração'!$F$55,'🌱 Configuração'!$B$56+25,"") -> 25 | D31: =IF(26>'🌱 Configuração'!$F$55,"",IF('🌱 Configuração'!$B$56+25<'🌱 Configuração'!$C$56,"🌱 Clone",IF('🌱 Configuração'!$B$56+25<'🌱 Configuração'!$D$56,"🌿 Vegetativo",IF('🌱 Configuração'!$B$56+25<'🌱 Configuração'!$E$56,"🌸 Floração","🚿 Flush")))) -> 🌿 Vegetativo | E31: =IF(26>'🌱 Configuração'!$F$55,"",IF('🌱 Configuração'!$B$56+25<'🌱 Configuração'!$C$56,"Clone S"&INT((26-1)/7)+1,IF('🌱 Configuração'!$B$56+25<'🌱 Configuração'!$D$56,"Vega S"&INT(('🌱 Configuração'!$B$56+25-'🌱 Configuração'!$C$56)/7)+1,IF('🌱 Configuração'!$B$56+25<'🌱 Configuração'!$E$56,"Flora S"&INT(('🌱 Configuração'!$B$56+25-'🌱 Configuração'!$D$56)/7)+1,"Flush S"&INT(('🌱 Configuração'!$B$56+25-'🌱 Configuração'!$E$56)/7)+1)))) -> Vega S2 | F31: =IF(26>'🌱 Configuração'!$F$55,"",IF('🌱 Configuração'!$B$56+25='🌱 Configuração'!$C$56,"🌿 INÍCIO VEGA — luz 18h/dia",IF('🌱 Configuração'!$B$56+25='🌱 Configuração'!$D$56,"🌸 INÍCIO FLORAÇÃO — mudar 12/12 🔴",IF('🌱 Configuração'!$B$56+25='🌱 Configuração'!$E$56,"🚿 INÍCIO FLUSH — parar nutrição",IF('🌱 Configuração'!$B$56+25='🌱 Configuração'!$F$56-1,"🔬 Véspera da colheita — analisar tricomas",IF('🌱 Configuração'!$B$56+25='🌱 Configuração'!$F$56,"✂️ COLHEITA — Parabéns! 🎉","")))))) | H31: =IF(26>'🌱 Configuração'!$F$55,"",IF('🌱 Configuração'!$B$56+25<'🌱 Configuração'!$C$56,IF(26=1,"🌿 Nim (2 mL/L) — foliar leve",IF(26=8,"🍄 Beauveria bassiana — foliar + solo","")),IF('🌱 Configuração'!$B$56+25<'🌱 Configuração'!$D$56,IF(AND('🌱 Configuração'!$B$56+25>='🌱 Configuração'!$C$56,'🌱 Configuração'!$B$56+25<'🌱 Configuração'!$D$56,MOD('🌱 Configuração'!$B$56+25-'🌱 Configuração'!$C$56,7)=0,INT(('🌱 Configuração'!$B$56+25-'🌱 Configuração'!$C$56)/7)+1=1),"🌿 Nim (2 mL/L) — foliar preventivo",IF(AND('🌱 Configuração'!$B$56+25>='🌱 Configuração'!$C$56,'🌱 Configuração'!$B$56+25<'🌱 Configuração'!$D$56,MOD('🌱 Configuração'!$B$56+25-'🌱 Configuração'!$C$56,7)=0,INT(('🌱 Configuração'!$B$56+25-'🌱 Configuração'!$C$56)/7)+1=2),"🍄 Beauveria bassiana — foliar + solo",IF(AND('🌱 Configuração'!$B$56+25>='🌱 Configuração'!$C$56,'🌱 Configuração'!$B$56+25<'🌱 Configuração'!$D$56,MOD('🌱 Configuração'!$B$56+25-'🌱 Configuração'!$C$56,7)=0,INT(('🌱 Configuração'!$B$56+25-'🌱 Configuração'!$C$56)/7)+1=3),"🟡 Calda Sulfocálcica (1%) — foliar",IF(AND('🌱 Configuração'!$B$56+25>='🌱 Configuração'!$C$56,'🌱 Configuração'!$B$56+25<'🌱 Configuração'!$D$56,MOD('🌱 Configuração'!$B$56+25-'🌱 Configuração'!$C$56,7)=0,INT(('🌱 Configuração'!$B$56+25-'🌱 Configuração'!$C$56)/7)+1=4),"🦠 Trichoderma (3 g/L) — solo",IF(AND('🌱 Configuração'!$B$56+25>='🌱 Configuração'!$C$56,'🌱 Configuração'!$B$56+25<'🌱 Configuração'!$D$56,MOD('🌱 Configuração'!$B$56+25-'🌱 Configuração'!$C$56,7)=0,INT(('🌱 Configuração'!$B$56+25-'🌱 Configuração'!$C$56)/7)+1=5),"🔵 Calda Bordalesa (0.5%) — foliar",IF(AND('🌱 Configuração'!$B$56+25>='🌱 Configuração'!$C$56,'🌱 Configuração'!$B$56+25<'🌱 Configuração'!$D$56,MOD('🌱 Configuração'!$B$56+25-'🌱 Configuração'!$C$56,7)=0,INT(('🌱 Configuração'!$B$56+25-'🌱 Configuração'!$C$56)/7)+1=6),"🌿 Nim (2 mL/L) — ⚠️ ÚLTIMA foliar",IF(AND('🌱 Configuração'!$B$56+25>='🌱 Configuração'!$C$56,'🌱 Configuração'!$B$56+25<'🌱 Configuração'!$D$56,MOD('🌱 Configuração'!$B$56+25-'🌱 Configuração'!$C$56,7)=0,INT(('🌱 Configuração'!$B$56+25-'🌱 Configuração'!$C$56)/7)+1=7),"🦠 Trichoderma — solo",IF(AND('🌱 Configuração'!$B$56+25>='🌱 Configuração'!$C$56,'🌱 Configuração'!$B$56+25<'🌱 Configuração'!$D$56,MOD('🌱 Configuração'!$B$56+25-'🌱 Configuração'!$C$56,7)=0,INT(('🌱 Configuração'!$B$56+25-'🌱 Configuração'!$C$56)/7)+1=8),"🍄 Beauveria — solo","")))))))),IF('🌱 Configuração'!$B$56+25<'🌱 Configuração'!$E$56,IF(AND('🌱 Configuração'!$B$56+25>='🌱 Configuração'!$D$56,'🌱 Configuração'!$B$56+25<'🌱 Configuração'!$E$56,MOD('🌱 Configuração'!$B$56+25-'🌱 Configuração'!$D$56,7)=0,INT(('🌱 Configuração'!$B$56+25-'🌱 Configuração'!$D$56)/7)+1=1),"🍄 Beauveria bassiana — SOLO apenas",IF(AND('🌱 Configuração'!$B$56+25>='🌱 Configuração'!$D$56,'🌱 Configuração'!$B$56+25<'🌱 Configuração'!$E$56,MOD('🌱 Configuração'!$B$56+25-'🌱 Configuração'!$D$56,7)=0,INT(('🌱 Configuração'!$B$56+25-'🌱 Configuração'!$D$56)/7)+1=2),"🦠 Trichoderma (3 g/L) — solo",IF(AND('🌱 Configuração'!$B$56+25>='🌱 Configuração'!$D$56,'🌱 Configuração'!$B$56+25<'🌱 Configuração'!$E$56,MOD('🌱 Configuração'!$B$56+25-'🌱 Configuração'!$D$56,7)=0,INT(('🌱 Configuração'!$B$56+25-'🌱 Configuração'!$D$56)/7)+1=3),"🍄 Beauveria bassiana — solo | ⚠️ Umid <45%",IF(AND('🌱 Configuração'!$B$56+25>='🌱 Configuração'!$D$56,'🌱 Configuração'!$B$56+25<'🌱 Configuração'!$E$56,MOD('🌱 Configuração'!$B$56+25-'🌱 Configuração'!$D$56,7)=0,INT(('🌱 Configuração'!$B$56+25-'🌱 Configuração'!$D$56)/7)+1=4),"🦠 Trichoderma — solo | Inspecionar buds",IF(AND('🌱 Configuração'!$B$56+25>='🌱 Configuração'!$D$56,'🌱 Configuração'!$B$56+25<'🌱 Configuração'!$E$56,MOD('🌱 Configuração'!$B$56+25-'🌱 Configuração'!$D$56,7)=0,INT(('🌱 Configuração'!$B$56+25-'🌱 Configuração'!$D$56)/7)+1=5),"🍄 Beauveria + inspeção visual buds",IF(AND('🌱 Configuração'!$B$56+25>='🌱 Configuração'!$D$56,'🌱 Configuração'!$B$56+25<'🌱 Configuração'!$E$56,MOD('🌱 Configuração'!$B$56+25-'🌱 Configuração'!$D$56,7)=0,INT(('🌱 Configuração'!$B$56+25-'🌱 Configuração'!$D$56)/7)+1=6),"🦠 Trichoderma + ⚠️ Verificar mofo","")))))),IF(AND('🌱 Configuração'!$B$56+25>='🌱 Configuração'!$E$56,MOD('🌱 Configuração'!$B$56+25-'🌱 Configuração'!$E$56,7)=0),"🔬 Inspeção final — analisar tricomas","")))))
B32: =IF(27<='🌱 Configuração'!$F$55,27,"") -> 27 | C32: =IF(27<='🌱 Configuração'!$F$55,'🌱 Configuração'!$B$56+26,"") -> 26 | D32: =IF(27>'🌱 Configuração'!$F$55,"",IF('🌱 Configuração'!$B$56+26<'🌱 Configuração'!$C$56,"🌱 Clone",IF('🌱 Configuração'!$B$56+26<'🌱 Configuração'!$D$56,"🌿 Vegetativo",IF('🌱 Configuração'!$B$56+26<'🌱 Configuração'!$E$56,"🌸 Floração","🚿 Flush")))) -> 🌿 Vegetativo | E32: =IF(27>'🌱 Configuração'!$F$55,"",IF('🌱 Configuração'!$B$56+26<'🌱 Configuração'!$C$56,"Clone S"&INT((27-1)/7)+1,IF('🌱 Configuração'!$B$56+26<'🌱 Configuração'!$D$56,"Vega S"&INT(('🌱 Configuração'!$B$56+26-'🌱 Configuração'!$C$56)/7)+1,IF('🌱 Configuração'!$B$56+26<'🌱 Configuração'!$E$56,"Flora S"&INT(('🌱 Configuração'!$B$56+26-'🌱 Configuração'!$D$56)/7)+1,"Flush S"&INT(('🌱 Configuração'!$B$56+26-'🌱 Configuração'!$E$56)/7)+1)))) -> Vega S2 | F32: =IF(27>'🌱 Configuração'!$F$55,"",IF('🌱 Configuração'!$B$56+26='🌱 Configuração'!$C$56,"🌿 INÍCIO VEGA — luz 18h/dia",IF('🌱 Configuração'!$B$56+26='🌱 Configuração'!$D$56,"🌸 INÍCIO FLORAÇÃO — mudar 12/12 🔴",IF('🌱 Configuração'!$B$56+26='🌱 Configuração'!$E$56,"🚿 INÍCIO FLUSH — parar nutrição",IF('🌱 Configuração'!$B$56+26='🌱 Configuração'!$F$56-1,"🔬 Véspera da colheita — analisar tricomas",IF('🌱 Configuração'!$B$56+26='🌱 Configuração'!$F$56,"✂️ COLHEITA — Parabéns! 🎉","")))))) | H32: =IF(27>'🌱 Configuração'!$F$55,"",IF('🌱 Configuração'!$B$56+26<'🌱 Configuração'!$C$56,IF(27=1,"🌿 Nim (2 mL/L) — foliar leve",IF(27=8,"🍄 Beauveria bassiana — foliar + solo","")),IF('🌱 Configuração'!$B$56+26<'🌱 Configuração'!$D$56,IF(AND('🌱 Configuração'!$B$56+26>='🌱 Configuração'!$C$56,'🌱 Configuração'!$B$56+26<'🌱 Configuração'!$D$56,MOD('🌱 Configuração'!$B$56+26-'🌱 Configuração'!$C$56,7)=0,INT(('🌱 Configuração'!$B$56+26-'🌱 Configuração'!$C$56)/7)+1=1),"🌿 Nim (2 mL/L) — foliar preventivo",IF(AND('🌱 Configuração'!$B$56+26>='🌱 Configuração'!$C$56,'🌱 Configuração'!$B$56+26<'🌱 Configuração'!$D$56,MOD('🌱 Configuração'!$B$56+26-'🌱 Configuração'!$C$56,7)=0,INT(('🌱 Configuração'!$B$56+26-'🌱 Configuração'!$C$56)/7)+1=2),"🍄 Beauveria bassiana — foliar + solo",IF(AND('🌱 Configuração'!$B$56+26>='🌱 Configuração'!$C$56,'🌱 Configuração'!$B$56+26<'🌱 Configuração'!$D$56,MOD('🌱 Configuração'!$B$56+26-'🌱 Configuração'!$C$56,7)=0,INT(('🌱 Configuração'!$B$56+26-'🌱 Configuração'!$C$56)/7)+1=3),"🟡 Calda Sulfocálcica (1%) — foliar",IF(AND('🌱 Configuração'!$B$56+26>='🌱 Configuração'!$C$56,'🌱 Configuração'!$B$56+26<'🌱 Configuração'!$D$56,MOD('🌱 Configuração'!$B$56+26-'🌱 Configuração'!$C$56,7)=0,INT(('🌱 Configuração'!$B$56+26-'🌱 Configuração'!$C$56)/7)+1=4),"🦠 Trichoderma (3 g/L) — solo",IF(AND('🌱 Configuração'!$B$56+26>='🌱 Configuração'!$C$56,'🌱 Configuração'!$B$56+26<'🌱 Configuração'!$D$56,MOD('🌱 Configuração'!$B$56+26-'🌱 Configuração'!$C$56,7)=0,INT(('🌱 Configuração'!$B$56+26-'🌱 Configuração'!$C$56)/7)+1=5),"🔵 Calda Bordalesa (0.5%) — foliar",IF(AND('🌱 Configuração'!$B$56+26>='🌱 Configuração'!$C$56,'🌱 Configuração'!$B$56+26<'🌱 Configuração'!$D$56,MOD('🌱 Configuração'!$B$56+26-'🌱 Configuração'!$C$56,7)=0,INT(('🌱 Configuração'!$B$56+26-'🌱 Configuração'!$C$56)/7)+1=6),"🌿 Nim (2 mL/L) — ⚠️ ÚLTIMA foliar",IF(AND('🌱 Configuração'!$B$56+26>='🌱 Configuração'!$C$56,'🌱 Configuração'!$B$56+26<'🌱 Configuração'!$D$56,MOD('🌱 Configuração'!$B$56+26-'🌱 Configuração'!$C$56,7)=0,INT(('🌱 Configuração'!$B$56+26-'🌱 Configuração'!$C$56)/7)+1=7),"🦠 Trichoderma — solo",IF(AND('🌱 Configuração'!$B$56+26>='🌱 Configuração'!$C$56,'🌱 Configuração'!$B$56+26<'🌱 Configuração'!$D$56,MOD('🌱 Configuração'!$B$56+26-'🌱 Configuração'!$C$56,7)=0,INT(('🌱 Configuração'!$B$56+26-'🌱 Configuração'!$C$56)/7)+1=8),"🍄 Beauveria — solo","")))))))),IF('🌱 Configuração'!$B$56+26<'🌱 Configuração'!$E$56,IF(AND('🌱 Configuração'!$B$56+26>='🌱 Configuração'!$D$56,'🌱 Configuração'!$B$56+26<'🌱 Configuração'!$E$56,MOD('🌱 Configuração'!$B$56+26-'🌱 Configuração'!$D$56,7)=0,INT(('🌱 Configuração'!$B$56+26-'🌱 Configuração'!$D$56)/7)+1=1),"🍄 Beauveria bassiana — SOLO apenas",IF(AND('🌱 Configuração'!$B$56+26>='🌱 Configuração'!$D$56,'🌱 Configuração'!$B$56+26<'🌱 Configuração'!$E$56,MOD('🌱 Configuração'!$B$56+26-'🌱 Configuração'!$D$56,7)=0,INT(('🌱 Configuração'!$B$56+26-'🌱 Configuração'!$D$56)/7)+1=2),"🦠 Trichoderma (3 g/L) — solo",IF(AND('🌱 Configuração'!$B$56+26>='🌱 Configuração'!$D$56,'🌱 Configuração'!$B$56+26<'🌱 Configuração'!$E$56,MOD('🌱 Configuração'!$B$56+26-'🌱 Configuração'!$D$56,7)=0,INT(('🌱 Configuração'!$B$56+26-'🌱 Configuração'!$D$56)/7)+1=3),"🍄 Beauveria bassiana — solo | ⚠️ Umid <45%",IF(AND('🌱 Configuração'!$B$56+26>='🌱 Configuração'!$D$56,'🌱 Configuração'!$B$56+26<'🌱 Configuração'!$E$56,MOD('🌱 Configuração'!$B$56+26-'🌱 Configuração'!$D$56,7)=0,INT(('🌱 Configuração'!$B$56+26-'🌱 Configuração'!$D$56)/7)+1=4),"🦠 Trichoderma — solo | Inspecionar buds",IF(AND('🌱 Configuração'!$B$56+26>='🌱 Configuração'!$D$56,'🌱 Configuração'!$B$56+26<'🌱 Configuração'!$E$56,MOD('🌱 Configuração'!$B$56+26-'🌱 Configuração'!$D$56,7)=0,INT(('🌱 Configuração'!$B$56+26-'🌱 Configuração'!$D$56)/7)+1=5),"🍄 Beauveria + inspeção visual buds",IF(AND('🌱 Configuração'!$B$56+26>='🌱 Configuração'!$D$56,'🌱 Configuração'!$B$56+26<'🌱 Configuração'!$E$56,MOD('🌱 Configuração'!$B$56+26-'🌱 Configuração'!$D$56,7)=0,INT(('🌱 Configuração'!$B$56+26-'🌱 Configuração'!$D$56)/7)+1=6),"🦠 Trichoderma + ⚠️ Verificar mofo","")))))),IF(AND('🌱 Configuração'!$B$56+26>='🌱 Configuração'!$E$56,MOD('🌱 Configuração'!$B$56+26-'🌱 Configuração'!$E$56,7)=0),"🔬 Inspeção final — analisar tricomas","")))))
B33: =IF(28<='🌱 Configuração'!$F$55,28,"") -> 28 | C33: =IF(28<='🌱 Configuração'!$F$55,'🌱 Configuração'!$B$56+27,"") -> 27 | D33: =IF(28>'🌱 Configuração'!$F$55,"",IF('🌱 Configuração'!$B$56+27<'🌱 Configuração'!$C$56,"🌱 Clone",IF('🌱 Configuração'!$B$56+27<'🌱 Configuração'!$D$56,"🌿 Vegetativo",IF('🌱 Configuração'!$B$56+27<'🌱 Configuração'!$E$56,"🌸 Floração","🚿 Flush")))) -> 🌿 Vegetativo | E33: =IF(28>'🌱 Configuração'!$F$55,"",IF('🌱 Configuração'!$B$56+27<'🌱 Configuração'!$C$56,"Clone S"&INT((28-1)/7)+1,IF('🌱 Configuração'!$B$56+27<'🌱 Configuração'!$D$56,"Vega S"&INT(('🌱 Configuração'!$B$56+27-'🌱 Configuração'!$C$56)/7)+1,IF('🌱 Configuração'!$B$56+27<'🌱 Configuração'!$E$56,"Flora S"&INT(('🌱 Configuração'!$B$56+27-'🌱 Configuração'!$D$56)/7)+1,"Flush S"&INT(('🌱 Configuração'!$B$56+27-'🌱 Configuração'!$E$56)/7)+1)))) -> Vega S2 | F33: =IF(28>'🌱 Configuração'!$F$55,"",IF('🌱 Configuração'!$B$56+27='🌱 Configuração'!$C$56,"🌿 INÍCIO VEGA — luz 18h/dia",IF('🌱 Configuração'!$B$56+27='🌱 Configuração'!$D$56,"🌸 INÍCIO FLORAÇÃO — mudar 12/12 🔴",IF('🌱 Configuração'!$B$56+27='🌱 Configuração'!$E$56,"🚿 INÍCIO FLUSH — parar nutrição",IF('🌱 Configuração'!$B$56+27='🌱 Configuração'!$F$56-1,"🔬 Véspera da colheita — analisar tricomas",IF('🌱 Configuração'!$B$56+27='🌱 Configuração'!$F$56,"✂️ COLHEITA — Parabéns! 🎉","")))))) | H33: =IF(28>'🌱 Configuração'!$F$55,"",IF('🌱 Configuração'!$B$56+27<'🌱 Configuração'!$C$56,IF(28=1,"🌿 Nim (2 mL/L) — foliar leve",IF(28=8,"🍄 Beauveria bassiana — foliar + solo","")),IF('🌱 Configuração'!$B$56+27<'🌱 Configuração'!$D$56,IF(AND('🌱 Configuração'!$B$56+27>='🌱 Configuração'!$C$56,'🌱 Configuração'!$B$56+27<'🌱 Configuração'!$D$56,MOD('🌱 Configuração'!$B$56+27-'🌱 Configuração'!$C$56,7)=0,INT(('🌱 Configuração'!$B$56+27-'🌱 Configuração'!$C$56)/7)+1=1),"🌿 Nim (2 mL/L) — foliar preventivo",IF(AND('🌱 Configuração'!$B$56+27>='🌱 Configuração'!$C$56,'🌱 Configuração'!$B$56+27<'🌱 Configuração'!$D$56,MOD('🌱 Configuração'!$B$56+27-'🌱 Configuração'!$C$56,7)=0,INT(('🌱 Configuração'!$B$56+27-'🌱 Configuração'!$C$56)/7)+1=2),"🍄 Beauveria bassiana — foliar + solo",IF(AND('🌱 Configuração'!$B$56+27>='🌱 Configuração'!$C$56,'🌱 Configuração'!$B$56+27<'🌱 Configuração'!$D$56,MOD('🌱 Configuração'!$B$56+27-'🌱 Configuração'!$C$56,7)=0,INT(('🌱 Configuração'!$B$56+27-'🌱 Configuração'!$C$56)/7)+1=3),"🟡 Calda Sulfocálcica (1%) — foliar",IF(AND('🌱 Configuração'!$B$56+27>='🌱 Configuração'!$C$56,'🌱 Configuração'!$B$56+27<'🌱 Configuração'!$D$56,MOD('🌱 Configuração'!$B$56+27-'🌱 Configuração'!$C$56,7)=0,INT(('🌱 Configuração'!$B$56+27-'🌱 Configuração'!$C$56)/7)+1=4),"🦠 Trichoderma (3 g/L) — solo",IF(AND('🌱 Configuração'!$B$56+27>='🌱 Configuração'!$C$56,'🌱 Configuração'!$B$56+27<'🌱 Configuração'!$D$56,MOD('🌱 Configuração'!$B$56+27-'🌱 Configuração'!$C$56,7)=0,INT(('🌱 Configuração'!$B$56+27-'🌱 Configuração'!$C$56)/7)+1=5),"🔵 Calda Bordalesa (0.5%) — foliar",IF(AND('🌱 Configuração'!$B$56+27>='🌱 Configuração'!$C$56,'🌱 Configuração'!$B$56+27<'🌱 Configuração'!$D$56,MOD('🌱 Configuração'!$B$56+27-'🌱 Configuração'!$C$56,7)=0,INT(('🌱 Configuração'!$B$56+27-'🌱 Configuração'!$C$56)/7)+1=6),"🌿 Nim (2 mL/L) — ⚠️ ÚLTIMA foliar",IF(AND('🌱 Configuração'!$B$56+27>='🌱 Configuração'!$C$56,'🌱 Configuração'!$B$56+27<'🌱 Configuração'!$D$56,MOD('🌱 Configuração'!$B$56+27-'🌱 Configuração'!$C$56,7)=0,INT(('🌱 Configuração'!$B$56+27-'🌱 Configuração'!$C$56)/7)+1=7),"🦠 Trichoderma — solo",IF(AND('🌱 Configuração'!$B$56+27>='🌱 Configuração'!$C$56,'🌱 Configuração'!$B$56+27<'🌱 Configuração'!$D$56,MOD('🌱 Configuração'!$B$56+27-'🌱 Configuração'!$C$56,7)=0,INT(('🌱 Configuração'!$B$56+27-'🌱 Configuração'!$C$56)/7)+1=8),"🍄 Beauveria — solo","")))))))),IF('🌱 Configuração'!$B$56+27<'🌱 Configuração'!$E$56,IF(AND('🌱 Configuração'!$B$56+27>='🌱 Configuração'!$D$56,'🌱 Configuração'!$B$56+27<'🌱 Configuração'!$E$56,MOD('🌱 Configuração'!$B$56+27-'🌱 Configuração'!$D$56,7)=0,INT(('🌱 Configuração'!$B$56+27-'🌱 Configuração'!$D$56)/7)+1=1),"🍄 Beauveria bassiana — SOLO apenas",IF(AND('🌱 Configuração'!$B$56+27>='🌱 Configuração'!$D$56,'🌱 Configuração'!$B$56+27<'🌱 Configuração'!$E$56,MOD('🌱 Configuração'!$B$56+27-'🌱 Configuração'!$D$56,7)=0,INT(('🌱 Configuração'!$B$56+27-'🌱 Configuração'!$D$56)/7)+1=2),"🦠 Trichoderma (3 g/L) — solo",IF(AND('🌱 Configuração'!$B$56+27>='🌱 Configuração'!$D$56,'🌱 Configuração'!$B$56+27<'🌱 Configuração'!$E$56,MOD('🌱 Configuração'!$B$56+27-'🌱 Configuração'!$D$56,7)=0,INT(('🌱 Configuração'!$B$56+27-'🌱 Configuração'!$D$56)/7)+1=3),"🍄 Beauveria bassiana — solo | ⚠️ Umid <45%",IF(AND('🌱 Configuração'!$B$56+27>='🌱 Configuração'!$D$56,'🌱 Configuração'!$B$56+27<'🌱 Configuração'!$E$56,MOD('🌱 Configuração'!$B$56+27-'🌱 Configuração'!$D$56,7)=0,INT(('🌱 Configuração'!$B$56+27-'🌱 Configuração'!$D$56)/7)+1=4),"🦠 Trichoderma — solo | Inspecionar buds",IF(AND('🌱 Configuração'!$B$56+27>='🌱 Configuração'!$D$56,'🌱 Configuração'!$B$56+27<'🌱 Configuração'!$E$56,MOD('🌱 Configuração'!$B$56+27-'🌱 Configuração'!$D$56,7)=0,INT(('🌱 Configuração'!$B$56+27-'🌱 Configuração'!$D$56)/7)+1=5),"🍄 Beauveria + inspeção visual buds",IF(AND('🌱 Configuração'!$B$56+27>='🌱 Configuração'!$D$56,'🌱 Configuração'!$B$56+27<'🌱 Configuração'!$E$56,MOD('🌱 Configuração'!$B$56+27-'🌱 Configuração'!$D$56,7)=0,INT(('🌱 Configuração'!$B$56+27-'🌱 Configuração'!$D$56)/7)+1=6),"🦠 Trichoderma + ⚠️ Verificar mofo","")))))),IF(AND('🌱 Configuração'!$B$56+27>='🌱 Configuração'!$E$56,MOD('🌱 Configuração'!$B$56+27-'🌱 Configuração'!$E$56,7)=0),"🔬 Inspeção final — analisar tricomas","")))))
B34: =IF(29<='🌱 Configuração'!$F$55,29,"") -> 29 | C34: =IF(29<='🌱 Configuração'!$F$55,'🌱 Configuração'!$B$56+28,"") -> 28 | D34: =IF(29>'🌱 Configuração'!$F$55,"",IF('🌱 Configuração'!$B$56+28<'🌱 Configuração'!$C$56,"🌱 Clone",IF('🌱 Configuração'!$B$56+28<'🌱 Configuração'!$D$56,"🌿 Vegetativo",IF('🌱 Configuração'!$B$56+28<'🌱 Configuração'!$E$56,"🌸 Floração","🚿 Flush")))) -> 🌿 Vegetativo | E34: =IF(29>'🌱 Configuração'!$F$55,"",IF('🌱 Configuração'!$B$56+28<'🌱 Configuração'!$C$56,"Clone S"&INT((29-1)/7)+1,IF('🌱 Configuração'!$B$56+28<'🌱 Configuração'!$D$56,"Vega S"&INT(('🌱 Configuração'!$B$56+28-'🌱 Configuração'!$C$56)/7)+1,IF('🌱 Configuração'!$B$56+28<'🌱 Configuração'!$E$56,"Flora S"&INT(('🌱 Configuração'!$B$56+28-'🌱 Configuração'!$D$56)/7)+1,"Flush S"&INT(('🌱 Configuração'!$B$56+28-'🌱 Configuração'!$E$56)/7)+1)))) -> Vega S3 | F34: =IF(29>'🌱 Configuração'!$F$55,"",IF('🌱 Configuração'!$B$56+28='🌱 Configuração'!$C$56,"🌿 INÍCIO VEGA — luz 18h/dia",IF('🌱 Configuração'!$B$56+28='🌱 Configuração'!$D$56,"🌸 INÍCIO FLORAÇÃO — mudar 12/12 🔴",IF('🌱 Configuração'!$B$56+28='🌱 Configuração'!$E$56,"🚿 INÍCIO FLUSH — parar nutrição",IF('🌱 Configuração'!$B$56+28='🌱 Configuração'!$F$56-1,"🔬 Véspera da colheita — analisar tricomas",IF('🌱 Configuração'!$B$56+28='🌱 Configuração'!$F$56,"✂️ COLHEITA — Parabéns! 🎉","")))))) | G34: Bio·Grow 2 mL/L | Fish·Mix 2 mL/L + Alg·A·Mic 1mL | H34: =IF(29>'🌱 Configuração'!$F$55,"",IF('🌱 Configuração'!$B$56+28<'🌱 Configuração'!$C$56,IF(29=1,"🌿 Nim (2 mL/L) — foliar leve",IF(29=8,"🍄 Beauveria bassiana — foliar + solo","")),IF('🌱 Configuração'!$B$56+28<'🌱 Configuração'!$D$56,IF(AND('🌱 Configuração'!$B$56+28>='🌱 Configuração'!$C$56,'🌱 Configuração'!$B$56+28<'🌱 Configuração'!$D$56,MOD('🌱 Configuração'!$B$56+28-'🌱 Configuração'!$C$56,7)=0,INT(('🌱 Configuração'!$B$56+28-'🌱 Configuração'!$C$56)/7)+1=1),"🌿 Nim (2 mL/L) — foliar preventivo",IF(AND('🌱 Configuração'!$B$56+28>='🌱 Configuração'!$C$56,'🌱 Configuração'!$B$56+28<'🌱 Configuração'!$D$56,MOD('🌱 Configuração'!$B$56+28-'🌱 Configuração'!$C$56,7)=0,INT(('🌱 Configuração'!$B$56+28-'🌱 Configuração'!$C$56)/7)+1=2),"🍄 Beauveria bassiana — foliar + solo",IF(AND('🌱 Configuração'!$B$56+28>='🌱 Configuração'!$C$56,'🌱 Configuração'!$B$56+28<'🌱 Configuração'!$D$56,MOD('🌱 Configuração'!$B$56+28-'🌱 Configuração'!$C$56,7)=0,INT(('🌱 Configuração'!$B$56+28-'🌱 Configuração'!$C$56)/7)+1=3),"🟡 Calda Sulfocálcica (1%) — foliar",IF(AND('🌱 Configuração'!$B$56+28>='🌱 Configuração'!$C$56,'🌱 Configuração'!$B$56+28<'🌱 Configuração'!$D$56,MOD('🌱 Configuração'!$B$56+28-'🌱 Configuração'!$C$56,7)=0,INT(('🌱 Configuração'!$B$56+28-'🌱 Configuração'!$C$56)/7)+1=4),"🦠 Trichoderma (3 g/L) — solo",IF(AND('🌱 Configuração'!$B$56+28>='🌱 Configuração'!$C$56,'🌱 Configuração'!$B$56+28<'🌱 Configuração'!$D$56,MOD('🌱 Configuração'!$B$56+28-'🌱 Configuração'!$C$56,7)=0,INT(('🌱 Configuração'!$B$56+28-'🌱 Configuração'!$C$56)/7)+1=5),"🔵 Calda Bordalesa (0.5%) — foliar",IF(AND('🌱 Configuração'!$B$56+28>='🌱 Configuração'!$C$56,'🌱 Configuração'!$B$56+28<'🌱 Configuração'!$D$56,MOD('🌱 Configuração'!$B$56+28-'🌱 Configuração'!$C$56,7)=0,INT(('🌱 Configuração'!$B$56+28-'🌱 Configuração'!$C$56)/7)+1=6),"🌿 Nim (2 mL/L) — ⚠️ ÚLTIMA foliar",IF(AND('🌱 Configuração'!$B$56+28>='🌱 Configuração'!$C$56,'🌱 Configuração'!$B$56+28<'🌱 Configuração'!$D$56,MOD('🌱 Configuração'!$B$56+28-'🌱 Configuração'!$C$56,7)=0,INT(('🌱 Configuração'!$B$56+28-'🌱 Configuração'!$C$56)/7)+1=7),"🦠 Trichoderma — solo",IF(AND('🌱 Configuração'!$B$56+28>='🌱 Configuração'!$C$56,'🌱 Configuração'!$B$56+28<'🌱 Configuração'!$D$56,MOD('🌱 Configuração'!$B$56+28-'🌱 Configuração'!$C$56,7)=0,INT(('🌱 Configuração'!$B$56+28-'🌱 Configuração'!$C$56)/7)+1=8),"🍄 Beauveria — solo","")))))))),IF('🌱 Configuração'!$B$56+28<'🌱 Configuração'!$E$56,IF(AND('🌱 Configuração'!$B$56+28>='🌱 Configuração'!$D$56,'🌱 Configuração'!$B$56+28<'🌱 Configuração'!$E$56,MOD('🌱 Configuração'!$B$56+28-'🌱 Configuração'!$D$56,7)=0,INT(('🌱 Configuração'!$B$56+28-'🌱 Configuração'!$D$56)/7)+1=1),"🍄 Beauveria bassiana — SOLO apenas",IF(AND('🌱 Configuração'!$B$56+28>='🌱 Configuração'!$D$56,'🌱 Configuração'!$B$56+28<'🌱 Configuração'!$E$56,MOD('🌱 Configuração'!$B$56+28-'🌱 Configuração'!$D$56,7)=0,INT(('🌱 Configuração'!$B$56+28-'🌱 Configuração'!$D$56)/7)+1=2),"🦠 Trichoderma (3 g/L) — solo",IF(AND('🌱 Configuração'!$B$56+28>='🌱 Configuração'!$D$56,'🌱 Configuração'!$B$56+28<'🌱 Configuração'!$E$56,MOD('🌱 Configuração'!$B$56+28-'🌱 Configuração'!$D$56,7)=0,INT(('🌱 Configuração'!$B$56+28-'🌱 Configuração'!$D$56)/7)+1=3),"🍄 Beauveria bassiana — solo | ⚠️ Umid <45%",IF(AND('🌱 Configuração'!$B$56+28>='🌱 Configuração'!$D$56,'🌱 Configuração'!$B$56+28<'🌱 Configuração'!$E$56,MOD('🌱 Configuração'!$B$56+28-'🌱 Configuração'!$D$56,7)=0,INT(('🌱 Configuração'!$B$56+28-'🌱 Configuração'!$D$56)/7)+1=4),"🦠 Trichoderma — solo | Inspecionar buds",IF(AND('🌱 Configuração'!$B$56+28>='🌱 Configuração'!$D$56,'🌱 Configuração'!$B$56+28<'🌱 Configuração'!$E$56,MOD('🌱 Configuração'!$B$56+28-'🌱 Configuração'!$D$56,7)=0,INT(('🌱 Configuração'!$B$56+28-'🌱 Configuração'!$D$56)/7)+1=5),"🍄 Beauveria + inspeção visual buds",IF(AND('🌱 Configuração'!$B$56+28>='🌱 Configuração'!$D$56,'🌱 Configuração'!$B$56+28<'🌱 Configuração'!$E$56,MOD('🌱 Configuração'!$B$56+28-'🌱 Configuração'!$D$56,7)=0,INT(('🌱 Configuração'!$B$56+28-'🌱 Configuração'!$D$56)/7)+1=6),"🦠 Trichoderma + ⚠️ Verificar mofo","")))))),IF(AND('🌱 Configuração'!$B$56+28>='🌱 Configuração'!$E$56,MOD('🌱 Configuração'!$B$56+28-'🌱 Configuração'!$E$56,7)=0),"🔬 Inspeção final — analisar tricomas",""))))) -> 🟡 Calda Sulfocálcica (1%) — foliar
B35: =IF(30<='🌱 Configuração'!$F$55,30,"") -> 30 | C35: =IF(30<='🌱 Configuração'!$F$55,'🌱 Configuração'!$B$56+29,"") -> 29 | D35: =IF(30>'🌱 Configuração'!$F$55,"",IF('🌱 Configuração'!$B$56+29<'🌱 Configuração'!$C$56,"🌱 Clone",IF('🌱 Configuração'!$B$56+29<'🌱 Configuração'!$D$56,"🌿 Vegetativo",IF('🌱 Configuração'!$B$56+29<'🌱 Configuração'!$E$56,"🌸 Floração","🚿 Flush")))) -> 🌿 Vegetativo | E35: =IF(30>'🌱 Configuração'!$F$55,"",IF('🌱 Configuração'!$B$56+29<'🌱 Configuração'!$C$56,"Clone S"&INT((30-1)/7)+1,IF('🌱 Configuração'!$B$56+29<'🌱 Configuração'!$D$56,"Vega S"&INT(('🌱 Configuração'!$B$56+29-'🌱 Configuração'!$C$56)/7)+1,IF('🌱 Configuração'!$B$56+29<'🌱 Configuração'!$E$56,"Flora S"&INT(('🌱 Configuração'!$B$56+29-'🌱 Configuração'!$D$56)/7)+1,"Flush S"&INT(('🌱 Configuração'!$B$56+29-'🌱 Configuração'!$E$56)/7)+1)))) -> Vega S3 | F35: =IF(30>'🌱 Configuração'!$F$55,"",IF('🌱 Configuração'!$B$56+29='🌱 Configuração'!$C$56,"🌿 INÍCIO VEGA — luz 18h/dia",IF('🌱 Configuração'!$B$56+29='🌱 Configuração'!$D$56,"🌸 INÍCIO FLORAÇÃO — mudar 12/12 🔴",IF('🌱 Configuração'!$B$56+29='🌱 Configuração'!$E$56,"🚿 INÍCIO FLUSH — parar nutrição",IF('🌱 Configuração'!$B$56+29='🌱 Configuração'!$F$56-1,"🔬 Véspera da colheita — analisar tricomas",IF('🌱 Configuração'!$B$56+29='🌱 Configuração'!$F$56,"✂️ COLHEITA — Parabéns! 🎉","")))))) | H35: =IF(30>'🌱 Configuração'!$F$55,"",IF('🌱 Configuração'!$B$56+29<'🌱 Configuração'!$C$56,IF(30=1,"🌿 Nim (2 mL/L) — foliar leve",IF(30=8,"🍄 Beauveria bassiana — foliar + solo","")),IF('🌱 Configuração'!$B$56+29<'🌱 Configuração'!$D$56,IF(AND('🌱 Configuração'!$B$56+29>='🌱 Configuração'!$C$56,'🌱 Configuração'!$B$56+29<'🌱 Configuração'!$D$56,MOD('🌱 Configuração'!$B$56+29-'🌱 Configuração'!$C$56,7)=0,INT(('🌱 Configuração'!$B$56+29-'🌱 Configuração'!$C$56)/7)+1=1),"🌿 Nim (2 mL/L) — foliar preventivo",IF(AND('🌱 Configuração'!$B$56+29>='🌱 Configuração'!$C$56,'🌱 Configuração'!$B$56+29<'🌱 Configuração'!$D$56,MOD('🌱 Configuração'!$B$56+29-'🌱 Configuração'!$C$56,7)=0,INT(('🌱 Configuração'!$B$56+29-'🌱 Configuração'!$C$56)/7)+1=2),"🍄 Beauveria bassiana — foliar + solo",IF(AND('🌱 Configuração'!$B$56+29>='🌱 Configuração'!$C$56,'🌱 Configuração'!$B$56+29<'🌱 Configuração'!$D$56,MOD('🌱 Configuração'!$B$56+29-'🌱 Configuração'!$C$56,7)=0,INT(('🌱 Configuração'!$B$56+29-'🌱 Configuração'!$C$56)/7)+1=3),"🟡 Calda Sulfocálcica (1%) — foliar",IF(AND('🌱 Configuração'!$B$56+29>='🌱 Configuração'!$C$56,'🌱 Configuração'!$B$56+29<'🌱 Configuração'!$D$56,MOD('🌱 Configuração'!$B$56+29-'🌱 Configuração'!$C$56,7)=0,INT(('🌱 Configuração'!$B$56+29-'🌱 Configuração'!$C$56)/7)+1=4),"🦠 Trichoderma (3 g/L) — solo",IF(AND('🌱 Configuração'!$B$56+29>='🌱 Configuração'!$C$56,'🌱 Configuração'!$B$56+29<'🌱 Configuração'!$D$56,MOD('🌱 Configuração'!$B$56+29-'🌱 Configuração'!$C$56,7)=0,INT(('🌱 Configuração'!$B$56+29-'🌱 Configuração'!$C$56)/7)+1=5),"🔵 Calda Bordalesa (0.5%) — foliar",IF(AND('🌱 Configuração'!$B$56+29>='🌱 Configuração'!$C$56,'🌱 Configuração'!$B$56+29<'🌱 Configuração'!$D$56,MOD('🌱 Configuração'!$B$56+29-'🌱 Configuração'!$C$56,7)=0,INT(('🌱 Configuração'!$B$56+29-'🌱 Configuração'!$C$56)/7)+1=6),"🌿 Nim (2 mL/L) — ⚠️ ÚLTIMA foliar",IF(AND('🌱 Configuração'!$B$56+29>='🌱 Configuração'!$C$56,'🌱 Configuração'!$B$56+29<'🌱 Configuração'!$D$56,MOD('🌱 Configuração'!$B$56+29-'🌱 Configuração'!$C$56,7)=0,INT(('🌱 Configuração'!$B$56+29-'🌱 Configuração'!$C$56)/7)+1=7),"🦠 Trichoderma — solo",IF(AND('🌱 Configuração'!$B$56+29>='🌱 Configuração'!$C$56,'🌱 Configuração'!$B$56+29<'🌱 Configuração'!$D$56,MOD('🌱 Configuração'!$B$56+29-'🌱 Configuração'!$C$56,7)=0,INT(('🌱 Configuração'!$B$56+29-'🌱 Configuração'!$C$56)/7)+1=8),"🍄 Beauveria — solo","")))))))),IF('🌱 Configuração'!$B$56+29<'🌱 Configuração'!$E$56,IF(AND('🌱 Configuração'!$B$56+29>='🌱 Configuração'!$D$56,'🌱 Configuração'!$B$56+29<'🌱 Configuração'!$E$56,MOD('🌱 Configuração'!$B$56+29-'🌱 Configuração'!$D$56,7)=0,INT(('🌱 Configuração'!$B$56+29-'🌱 Configuração'!$D$56)/7)+1=1),"🍄 Beauveria bassiana — SOLO apenas",IF(AND('🌱 Configuração'!$B$56+29>='🌱 Configuração'!$D$56,'🌱 Configuração'!$B$56+29<'🌱 Configuração'!$E$56,MOD('🌱 Configuração'!$B$56+29-'🌱 Configuração'!$D$56,7)=0,INT(('🌱 Configuração'!$B$56+29-'🌱 Configuração'!$D$56)/7)+1=2),"🦠 Trichoderma (3 g/L) — solo",IF(AND('🌱 Configuração'!$B$56+29>='🌱 Configuração'!$D$56,'🌱 Configuração'!$B$56+29<'🌱 Configuração'!$E$56,MOD('🌱 Configuração'!$B$56+29-'🌱 Configuração'!$D$56,7)=0,INT(('🌱 Configuração'!$B$56+29-'🌱 Configuração'!$D$56)/7)+1=3),"🍄 Beauveria bassiana — solo | ⚠️ Umid <45%",IF(AND('🌱 Configuração'!$B$56+29>='🌱 Configuração'!$D$56,'🌱 Configuração'!$B$56+29<'🌱 Configuração'!$E$56,MOD('🌱 Configuração'!$B$56+29-'🌱 Configuração'!$D$56,7)=0,INT(('🌱 Configuração'!$B$56+29-'🌱 Configuração'!$D$56)/7)+1=4),"🦠 Trichoderma — solo | Inspecionar buds",IF(AND('🌱 Configuração'!$B$56+29>='🌱 Configuração'!$D$56,'🌱 Configuração'!$B$56+29<'🌱 Configuração'!$E$56,MOD('🌱 Configuração'!$B$56+29-'🌱 Configuração'!$D$56,7)=0,INT(('🌱 Configuração'!$B$56+29-'🌱 Configuração'!$D$56)/7)+1=5),"🍄 Beauveria + inspeção visual buds",IF(AND('🌱 Configuração'!$B$56+29>='🌱 Configuração'!$D$56,'🌱 Configuração'!$B$56+29<'🌱 Configuração'!$E$56,MOD('🌱 Configuração'!$B$56+29-'🌱 Configuração'!$D$56,7)=0,INT(('🌱 Configuração'!$B$56+29-'🌱 Configuração'!$D$56)/7)+1=6),"🦠 Trichoderma + ⚠️ Verificar mofo","")))))),IF(AND('🌱 Configuração'!$B$56+29>='🌱 Configuração'!$E$56,MOD('🌱 Configuração'!$B$56+29-'🌱 Configuração'!$E$56,7)=0),"🔬 Inspeção final — analisar tricomas","")))))
B36: =IF(31<='🌱 Configuração'!$F$55,31,"") -> 31 | C36: =IF(31<='🌱 Configuração'!$F$55,'🌱 Configuração'!$B$56+30,"") -> 30 | D36: =IF(31>'🌱 Configuração'!$F$55,"",IF('🌱 Configuração'!$B$56+30<'🌱 Configuração'!$C$56,"🌱 Clone",IF('🌱 Configuração'!$B$56+30<'🌱 Configuração'!$D$56,"🌿 Vegetativo",IF('🌱 Configuração'!$B$56+30<'🌱 Configuração'!$E$56,"🌸 Floração","🚿 Flush")))) -> 🌿 Vegetativo | E36: =IF(31>'🌱 Configuração'!$F$55,"",IF('🌱 Configuração'!$B$56+30<'🌱 Configuração'!$C$56,"Clone S"&INT((31-1)/7)+1,IF('🌱 Configuração'!$B$56+30<'🌱 Configuração'!$D$56,"Vega S"&INT(('🌱 Configuração'!$B$56+30-'🌱 Configuração'!$C$56)/7)+1,IF('🌱 Configuração'!$B$56+30<'🌱 Configuração'!$E$56,"Flora S"&INT(('🌱 Configuração'!$B$56+30-'🌱 Configuração'!$D$56)/7)+1,"Flush S"&INT(('🌱 Configuração'!$B$56+30-'🌱 Configuração'!$E$56)/7)+1)))) -> Vega S3 | F36: =IF(31>'🌱 Configuração'!$F$55,"",IF('🌱 Configuração'!$B$56+30='🌱 Configuração'!$C$56,"🌿 INÍCIO VEGA — luz 18h/dia",IF('🌱 Configuração'!$B$56+30='🌱 Configuração'!$D$56,"🌸 INÍCIO FLORAÇÃO — mudar 12/12 🔴",IF('🌱 Configuração'!$B$56+30='🌱 Configuração'!$E$56,"🚿 INÍCIO FLUSH — parar nutrição",IF('🌱 Configuração'!$B$56+30='🌱 Configuração'!$F$56-1,"🔬 Véspera da colheita — analisar tricomas",IF('🌱 Configuração'!$B$56+30='🌱 Configuração'!$F$56,"✂️ COLHEITA — Parabéns! 🎉","")))))) | H36: =IF(31>'🌱 Configuração'!$F$55,"",IF('🌱 Configuração'!$B$56+30<'🌱 Configuração'!$C$56,IF(31=1,"🌿 Nim (2 mL/L) — foliar leve",IF(31=8,"🍄 Beauveria bassiana — foliar + solo","")),IF('🌱 Configuração'!$B$56+30<'🌱 Configuração'!$D$56,IF(AND('🌱 Configuração'!$B$56+30>='🌱 Configuração'!$C$56,'🌱 Configuração'!$B$56+30<'🌱 Configuração'!$D$56,MOD('🌱 Configuração'!$B$56+30-'🌱 Configuração'!$C$56,7)=0,INT(('🌱 Configuração'!$B$56+30-'🌱 Configuração'!$C$56)/7)+1=1),"🌿 Nim (2 mL/L) — foliar preventivo",IF(AND('🌱 Configuração'!$B$56+30>='🌱 Configuração'!$C$56,'🌱 Configuração'!$B$56+30<'🌱 Configuração'!$D$56,MOD('🌱 Configuração'!$B$56+30-'🌱 Configuração'!$C$56,7)=0,INT(('🌱 Configuração'!$B$56+30-'🌱 Configuração'!$C$56)/7)+1=2),"🍄 Beauveria bassiana — foliar + solo",IF(AND('🌱 Configuração'!$B$56+30>='🌱 Configuração'!$C$56,'🌱 Configuração'!$B$56+30<'🌱 Configuração'!$D$56,MOD('🌱 Configuração'!$B$56+30-'🌱 Configuração'!$C$56,7)=0,INT(('🌱 Configuração'!$B$56+30-'🌱 Configuração'!$C$56)/7)+1=3),"🟡 Calda Sulfocálcica (1%) — foliar",IF(AND('🌱 Configuração'!$B$56+30>='🌱 Configuração'!$C$56,'🌱 Configuração'!$B$56+30<'🌱 Configuração'!$D$56,MOD('🌱 Configuração'!$B$56+30-'🌱 Configuração'!$C$56,7)=0,INT(('🌱 Configuração'!$B$56+30-'🌱 Configuração'!$C$56)/7)+1=4),"🦠 Trichoderma (3 g/L) — solo",IF(AND('🌱 Configuração'!$B$56+30>='🌱 Configuração'!$C$56,'🌱 Configuração'!$B$56+30<'🌱 Configuração'!$D$56,MOD('🌱 Configuração'!$B$56+30-'🌱 Configuração'!$C$56,7)=0,INT(('🌱 Configuração'!$B$56+30-'🌱 Configuração'!$C$56)/7)+1=5),"🔵 Calda Bordalesa (0.5%) — foliar",IF(AND('🌱 Configuração'!$B$56+30>='🌱 Configuração'!$C$56,'🌱 Configuração'!$B$56+30<'🌱 Configuração'!$D$56,MOD('🌱 Configuração'!$B$56+30-'🌱 Configuração'!$C$56,7)=0,INT(('🌱 Configuração'!$B$56+30-'🌱 Configuração'!$C$56)/7)+1=6),"🌿 Nim (2 mL/L) — ⚠️ ÚLTIMA foliar",IF(AND('🌱 Configuração'!$B$56+30>='🌱 Configuração'!$C$56,'🌱 Configuração'!$B$56+30<'🌱 Configuração'!$D$56,MOD('🌱 Configuração'!$B$56+30-'🌱 Configuração'!$C$56,7)=0,INT(('🌱 Configuração'!$B$56+30-'🌱 Configuração'!$C$56)/7)+1=7),"🦠 Trichoderma — solo",IF(AND('🌱 Configuração'!$B$56+30>='🌱 Configuração'!$C$56,'🌱 Configuração'!$B$56+30<'🌱 Configuração'!$D$56,MOD('🌱 Configuração'!$B$56+30-'🌱 Configuração'!$C$56,7)=0,INT(('🌱 Configuração'!$B$56+30-'🌱 Configuração'!$C$56)/7)+1=8),"🍄 Beauveria — solo","")))))))),IF('🌱 Configuração'!$B$56+30<'🌱 Configuração'!$E$56,IF(AND('🌱 Configuração'!$B$56+30>='🌱 Configuração'!$D$56,'🌱 Configuração'!$B$56+30<'🌱 Configuração'!$E$56,MOD('🌱 Configuração'!$B$56+30-'🌱 Configuração'!$D$56,7)=0,INT(('🌱 Configuração'!$B$56+30-'🌱 Configuração'!$D$56)/7)+1=1),"🍄 Beauveria bassiana — SOLO apenas",IF(AND('🌱 Configuração'!$B$56+30>='🌱 Configuração'!$D$56,'🌱 Configuração'!$B$56+30<'🌱 Configuração'!$E$56,MOD('🌱 Configuração'!$B$56+30-'🌱 Configuração'!$D$56,7)=0,INT(('🌱 Configuração'!$B$56+30-'🌱 Configuração'!$D$56)/7)+1=2),"🦠 Trichoderma (3 g/L) — solo",IF(AND('🌱 Configuração'!$B$56+30>='🌱 Configuração'!$D$56,'🌱 Configuração'!$B$56+30<'🌱 Configuração'!$E$56,MOD('🌱 Configuração'!$B$56+30-'🌱 Configuração'!$D$56,7)=0,INT(('🌱 Configuração'!$B$56+30-'🌱 Configuração'!$D$56)/7)+1=3),"🍄 Beauveria bassiana — solo | ⚠️ Umid <45%",IF(AND('🌱 Configuração'!$B$56+30>='🌱 Configuração'!$D$56,'🌱 Configuração'!$B$56+30<'🌱 Configuração'!$E$56,MOD('🌱 Configuração'!$B$56+30-'🌱 Configuração'!$D$56,7)=0,INT(('🌱 Configuração'!$B$56+30-'🌱 Configuração'!$D$56)/7)+1=4),"🦠 Trichoderma — solo | Inspecionar buds",IF(AND('🌱 Configuração'!$B$56+30>='🌱 Configuração'!$D$56,'🌱 Configuração'!$B$56+30<'🌱 Configuração'!$E$56,MOD('🌱 Configuração'!$B$56+30-'🌱 Configuração'!$D$56,7)=0,INT(('🌱 Configuração'!$B$56+30-'🌱 Configuração'!$D$56)/7)+1=5),"🍄 Beauveria + inspeção visual buds",IF(AND('🌱 Configuração'!$B$56+30>='🌱 Configuração'!$D$56,'🌱 Configuração'!$B$56+30<'🌱 Configuração'!$E$56,MOD('🌱 Configuração'!$B$56+30-'🌱 Configuração'!$D$56,7)=0,INT(('🌱 Configuração'!$B$56+30-'🌱 Configuração'!$D$56)/7)+1=6),"🦠 Trichoderma + ⚠️ Verificar mofo","")))))),IF(AND('🌱 Configuração'!$B$56+30>='🌱 Configuração'!$E$56,MOD('🌱 Configuração'!$B$56+30-'🌱 Configuração'!$E$56,7)=0),"🔬 Inspeção final — analisar tricomas","")))))
B37: =IF(32<='🌱 Configuração'!$F$55,32,"") -> 32 | C37: =IF(32<='🌱 Configuração'!$F$55,'🌱 Configuração'!$B$56+31,"") -> 31 | D37: =IF(32>'🌱 Configuração'!$F$55,"",IF('🌱 Configuração'!$B$56+31<'🌱 Configuração'!$C$56,"🌱 Clone",IF('🌱 Configuração'!$B$56+31<'🌱 Configuração'!$D$56,"🌿 Vegetativo",IF('🌱 Configuração'!$B$56+31<'🌱 Configuração'!$E$56,"🌸 Floração","🚿 Flush")))) -> 🌿 Vegetativo | E37: =IF(32>'🌱 Configuração'!$F$55,"",IF('🌱 Configuração'!$B$56+31<'🌱 Configuração'!$C$56,"Clone S"&INT((32-1)/7)+1,IF('🌱 Configuração'!$B$56+31<'🌱 Configuração'!$D$56,"Vega S"&INT(('🌱 Configuração'!$B$56+31-'🌱 Configuração'!$C$56)/7)+1,IF('🌱 Configuração'!$B$56+31<'🌱 Configuração'!$E$56,"Flora S"&INT(('🌱 Configuração'!$B$56+31-'🌱 Configuração'!$D$56)/7)+1,"Flush S"&INT(('🌱 Configuração'!$B$56+31-'🌱 Configuração'!$E$56)/7)+1)))) -> Vega S3 | F37: =IF(32>'🌱 Configuração'!$F$55,"",IF('🌱 Configuração'!$B$56+31='🌱 Configuração'!$C$56,"🌿 INÍCIO VEGA — luz 18h/dia",IF('🌱 Configuração'!$B$56+31='🌱 Configuração'!$D$56,"🌸 INÍCIO FLORAÇÃO — mudar 12/12 🔴",IF('🌱 Configuração'!$B$56+31='🌱 Configuração'!$E$56,"🚿 INÍCIO FLUSH — parar nutrição",IF('🌱 Configuração'!$B$56+31='🌱 Configuração'!$F$56-1,"🔬 Véspera da colheita — analisar tricomas",IF('🌱 Configuração'!$B$56+31='🌱 Configuração'!$F$56,"✂️ COLHEITA — Parabéns! 🎉","")))))) | H37: =IF(32>'🌱 Configuração'!$F$55,"",IF('🌱 Configuração'!$B$56+31<'🌱 Configuração'!$C$56,IF(32=1,"🌿 Nim (2 mL/L) — foliar leve",IF(32=8,"🍄 Beauveria bassiana — foliar + solo","")),IF('🌱 Configuração'!$B$56+31<'🌱 Configuração'!$D$56,IF(AND('🌱 Configuração'!$B$56+31>='🌱 Configuração'!$C$56,'🌱 Configuração'!$B$56+31<'🌱 Configuração'!$D$56,MOD('🌱 Configuração'!$B$56+31-'🌱 Configuração'!$C$56,7)=0,INT(('🌱 Configuração'!$B$56+31-'🌱 Configuração'!$C$56)/7)+1=1),"🌿 Nim (2 mL/L) — foliar preventivo",IF(AND('🌱 Configuração'!$B$56+31>='🌱 Configuração'!$C$56,'🌱 Configuração'!$B$56+31<'🌱 Configuração'!$D$56,MOD('🌱 Configuração'!$B$56+31-'🌱 Configuração'!$C$56,7)=0,INT(('🌱 Configuração'!$B$56+31-'🌱 Configuração'!$C$56)/7)+1=2),"🍄 Beauveria bassiana — foliar + solo",IF(AND('🌱 Configuração'!$B$56+31>='🌱 Configuração'!$C$56,'🌱 Configuração'!$B$56+31<'🌱 Configuração'!$D$56,MOD('🌱 Configuração'!$B$56+31-'🌱 Configuração'!$C$56,7)=0,INT(('🌱 Configuração'!$B$56+31-'🌱 Configuração'!$C$56)/7)+1=3),"🟡 Calda Sulfocálcica (1%) — foliar",IF(AND('🌱 Configuração'!$B$56+31>='🌱 Configuração'!$C$56,'🌱 Configuração'!$B$56+31<'🌱 Configuração'!$D$56,MOD('🌱 Configuração'!$B$56+31-'🌱 Configuração'!$C$56,7)=0,INT(('🌱 Configuração'!$B$56+31-'🌱 Configuração'!$C$56)/7)+1=4),"🦠 Trichoderma (3 g/L) — solo",IF(AND('🌱 Configuração'!$B$56+31>='🌱 Configuração'!$C$56,'🌱 Configuração'!$B$56+31<'🌱 Configuração'!$D$56,MOD('🌱 Configuração'!$B$56+31-'🌱 Configuração'!$C$56,7)=0,INT(('🌱 Configuração'!$B$56+31-'🌱 Configuração'!$C$56)/7)+1=5),"🔵 Calda Bordalesa (0.5%) — foliar",IF(AND('🌱 Configuração'!$B$56+31>='🌱 Configuração'!$C$56,'🌱 Configuração'!$B$56+31<'🌱 Configuração'!$D$56,MOD('🌱 Configuração'!$B$56+31-'🌱 Configuração'!$C$56,7)=0,INT(('🌱 Configuração'!$B$56+31-'🌱 Configuração'!$C$56)/7)+1=6),"🌿 Nim (2 mL/L) — ⚠️ ÚLTIMA foliar",IF(AND('🌱 Configuração'!$B$56+31>='🌱 Configuração'!$C$56,'🌱 Configuração'!$B$56+31<'🌱 Configuração'!$D$56,MOD('🌱 Configuração'!$B$56+31-'🌱 Configuração'!$C$56,7)=0,INT(('🌱 Configuração'!$B$56+31-'🌱 Configuração'!$C$56)/7)+1=7),"🦠 Trichoderma — solo",IF(AND('🌱 Configuração'!$B$56+31>='🌱 Configuração'!$C$56,'🌱 Configuração'!$B$56+31<'🌱 Configuração'!$D$56,MOD('🌱 Configuração'!$B$56+31-'🌱 Configuração'!$C$56,7)=0,INT(('🌱 Configuração'!$B$56+31-'🌱 Configuração'!$C$56)/7)+1=8),"🍄 Beauveria — solo","")))))))),IF('🌱 Configuração'!$B$56+31<'🌱 Configuração'!$E$56,IF(AND('🌱 Configuração'!$B$56+31>='🌱 Configuração'!$D$56,'🌱 Configuração'!$B$56+31<'🌱 Configuração'!$E$56,MOD('🌱 Configuração'!$B$56+31-'🌱 Configuração'!$D$56,7)=0,INT(('🌱 Configuração'!$B$56+31-'🌱 Configuração'!$D$56)/7)+1=1),"🍄 Beauveria bassiana — SOLO apenas",IF(AND('🌱 Configuração'!$B$56+31>='🌱 Configuração'!$D$56,'🌱 Configuração'!$B$56+31<'🌱 Configuração'!$E$56,MOD('🌱 Configuração'!$B$56+31-'🌱 Configuração'!$D$56,7)=0,INT(('🌱 Configuração'!$B$56+31-'🌱 Configuração'!$D$56)/7)+1=2),"🦠 Trichoderma (3 g/L) — solo",IF(AND('🌱 Configuração'!$B$56+31>='🌱 Configuração'!$D$56,'🌱 Configuração'!$B$56+31<'🌱 Configuração'!$E$56,MOD('🌱 Configuração'!$B$56+31-'🌱 Configuração'!$D$56,7)=0,INT(('🌱 Configuração'!$B$56+31-'🌱 Configuração'!$D$56)/7)+1=3),"🍄 Beauveria bassiana — solo | ⚠️ Umid <45%",IF(AND('🌱 Configuração'!$B$56+31>='🌱 Configuração'!$D$56,'🌱 Configuração'!$B$56+31<'🌱 Configuração'!$E$56,MOD('🌱 Configuração'!$B$56+31-'🌱 Configuração'!$D$56,7)=0,INT(('🌱 Configuração'!$B$56+31-'🌱 Configuração'!$D$56)/7)+1=4),"🦠 Trichoderma — solo | Inspecionar buds",IF(AND('🌱 Configuração'!$B$56+31>='🌱 Configuração'!$D$56,'🌱 Configuração'!$B$56+31<'🌱 Configuração'!$E$56,MOD('🌱 Configuração'!$B$56+31-'🌱 Configuração'!$D$56,7)=0,INT(('🌱 Configuração'!$B$56+31-'🌱 Configuração'!$D$56)/7)+1=5),"🍄 Beauveria + inspeção visual buds",IF(AND('🌱 Configuração'!$B$56+31>='🌱 Configuração'!$D$56,'🌱 Configuração'!$B$56+31<'🌱 Configuração'!$E$56,MOD('🌱 Configuração'!$B$56+31-'🌱 Configuração'!$D$56,7)=0,INT(('🌱 Configuração'!$B$56+31-'🌱 Configuração'!$D$56)/7)+1=6),"🦠 Trichoderma + ⚠️ Verificar mofo","")))))),IF(AND('🌱 Configuração'!$B$56+31>='🌱 Configuração'!$E$56,MOD('🌱 Configuração'!$B$56+31-'🌱 Configuração'!$E$56,7)=0),"🔬 Inspeção final — analisar tricomas","")))))
B38: =IF(33<='🌱 Configuração'!$F$55,33,"") -> 33 | C38: =IF(33<='🌱 Configuração'!$F$55,'🌱 Configuração'!$B$56+32,"") -> 32 | D38: =IF(33>'🌱 Configuração'!$F$55,"",IF('🌱 Configuração'!$B$56+32<'🌱 Configuração'!$C$56,"🌱 Clone",IF('🌱 Configuração'!$B$56+32<'🌱 Configuração'!$D$56,"🌿 Vegetativo",IF('🌱 Configuração'!$B$56+32<'🌱 Configuração'!$E$56,"🌸 Floração","🚿 Flush")))) -> 🌿 Vegetativo | E38: =IF(33>'🌱 Configuração'!$F$55,"",IF('🌱 Configuração'!$B$56+32<'🌱 Configuração'!$C$56,"Clone S"&INT((33-1)/7)+1,IF('🌱 Configuração'!$B$56+32<'🌱 Configuração'!$D$56,"Vega S"&INT(('🌱 Configuração'!$B$56+32-'🌱 Configuração'!$C$56)/7)+1,IF('🌱 Configuração'!$B$56+32<'🌱 Configuração'!$E$56,"Flora S"&INT(('🌱 Configuração'!$B$56+32-'🌱 Configuração'!$D$56)/7)+1,"Flush S"&INT(('🌱 Configuração'!$B$56+32-'🌱 Configuração'!$E$56)/7)+1)))) -> Vega S3 | F38: =IF(33>'🌱 Configuração'!$F$55,"",IF('🌱 Configuração'!$B$56+32='🌱 Configuração'!$C$56,"🌿 INÍCIO VEGA — luz 18h/dia",IF('🌱 Configuração'!$B$56+32='🌱 Configuração'!$D$56,"🌸 INÍCIO FLORAÇÃO — mudar 12/12 🔴",IF('🌱 Configuração'!$B$56+32='🌱 Configuração'!$E$56,"🚿 INÍCIO FLUSH — parar nutrição",IF('🌱 Configuração'!$B$56+32='🌱 Configuração'!$F$56-1,"🔬 Véspera da colheita — analisar tricomas",IF('🌱 Configuração'!$B$56+32='🌱 Configuração'!$F$56,"✂️ COLHEITA — Parabéns! 🎉","")))))) | H38: =IF(33>'🌱 Configuração'!$F$55,"",IF('🌱 Configuração'!$B$56+32<'🌱 Configuração'!$C$56,IF(33=1,"🌿 Nim (2 mL/L) — foliar leve",IF(33=8,"🍄 Beauveria bassiana — foliar + solo","")),IF('🌱 Configuração'!$B$56+32<'🌱 Configuração'!$D$56,IF(AND('🌱 Configuração'!$B$56+32>='🌱 Configuração'!$C$56,'🌱 Configuração'!$B$56+32<'🌱 Configuração'!$D$56,MOD('🌱 Configuração'!$B$56+32-'🌱 Configuração'!$C$56,7)=0,INT(('🌱 Configuração'!$B$56+32-'🌱 Configuração'!$C$56)/7)+1=1),"🌿 Nim (2 mL/L) — foliar preventivo",IF(AND('🌱 Configuração'!$B$56+32>='🌱 Configuração'!$C$56,'🌱 Configuração'!$B$56+32<'🌱 Configuração'!$D$56,MOD('🌱 Configuração'!$B$56+32-'🌱 Configuração'!$C$56,7)=0,INT(('🌱 Configuração'!$B$56+32-'🌱 Configuração'!$C$56)/7)+1=2),"🍄 Beauveria bassiana — foliar + solo",IF(AND('🌱 Configuração'!$B$56+32>='🌱 Configuração'!$C$56,'🌱 Configuração'!$B$56+32<'🌱 Configuração'!$D$56,MOD('🌱 Configuração'!$B$56+32-'🌱 Configuração'!$C$56,7)=0,INT(('🌱 Configuração'!$B$56+32-'🌱 Configuração'!$C$56)/7)+1=3),"🟡 Calda Sulfocálcica (1%) — foliar",IF(AND('🌱 Configuração'!$B$56+32>='🌱 Configuração'!$C$56,'🌱 Configuração'!$B$56+32<'🌱 Configuração'!$D$56,MOD('🌱 Configuração'!$B$56+32-'🌱 Configuração'!$C$56,7)=0,INT(('🌱 Configuração'!$B$56+32-'🌱 Configuração'!$C$56)/7)+1=4),"🦠 Trichoderma (3 g/L) — solo",IF(AND('🌱 Configuração'!$B$56+32>='🌱 Configuração'!$C$56,'🌱 Configuração'!$B$56+32<'🌱 Configuração'!$D$56,MOD('🌱 Configuração'!$B$56+32-'🌱 Configuração'!$C$56,7)=0,INT(('🌱 Configuração'!$B$56+32-'🌱 Configuração'!$C$56)/7)+1=5),"🔵 Calda Bordalesa (0.5%) — foliar",IF(AND('🌱 Configuração'!$B$56+32>='🌱 Configuração'!$C$56,'🌱 Configuração'!$B$56+32<'🌱 Configuração'!$D$56,MOD('🌱 Configuração'!$B$56+32-'🌱 Configuração'!$C$56,7)=0,INT(('🌱 Configuração'!$B$56+32-'🌱 Configuração'!$C$56)/7)+1=6),"🌿 Nim (2 mL/L) — ⚠️ ÚLTIMA foliar",IF(AND('🌱 Configuração'!$B$56+32>='🌱 Configuração'!$C$56,'🌱 Configuração'!$B$56+32<'🌱 Configuração'!$D$56,MOD('🌱 Configuração'!$B$56+32-'🌱 Configuração'!$C$56,7)=0,INT(('🌱 Configuração'!$B$56+32-'🌱 Configuração'!$C$56)/7)+1=7),"🦠 Trichoderma — solo",IF(AND('🌱 Configuração'!$B$56+32>='🌱 Configuração'!$C$56,'🌱 Configuração'!$B$56+32<'🌱 Configuração'!$D$56,MOD('🌱 Configuração'!$B$56+32-'🌱 Configuração'!$C$56,7)=0,INT(('🌱 Configuração'!$B$56+32-'🌱 Configuração'!$C$56)/7)+1=8),"🍄 Beauveria — solo","")))))))),IF('🌱 Configuração'!$B$56+32<'🌱 Configuração'!$E$56,IF(AND('🌱 Configuração'!$B$56+32>='🌱 Configuração'!$D$56,'🌱 Configuração'!$B$56+32<'🌱 Configuração'!$E$56,MOD('🌱 Configuração'!$B$56+32-'🌱 Configuração'!$D$56,7)=0,INT(('🌱 Configuração'!$B$56+32-'🌱 Configuração'!$D$56)/7)+1=1),"🍄 Beauveria bassiana — SOLO apenas",IF(AND('🌱 Configuração'!$B$56+32>='🌱 Configuração'!$D$56,'🌱 Configuração'!$B$56+32<'🌱 Configuração'!$E$56,MOD('🌱 Configuração'!$B$56+32-'🌱 Configuração'!$D$56,7)=0,INT(('🌱 Configuração'!$B$56+32-'🌱 Configuração'!$D$56)/7)+1=2),"🦠 Trichoderma (3 g/L) — solo",IF(AND('🌱 Configuração'!$B$56+32>='🌱 Configuração'!$D$56,'🌱 Configuração'!$B$56+32<'🌱 Configuração'!$E$56,MOD('🌱 Configuração'!$B$56+32-'🌱 Configuração'!$D$56,7)=0,INT(('🌱 Configuração'!$B$56+32-'🌱 Configuração'!$D$56)/7)+1=3),"🍄 Beauveria bassiana — solo | ⚠️ Umid <45%",IF(AND('🌱 Configuração'!$B$56+32>='🌱 Configuração'!$D$56,'🌱 Configuração'!$B$56+32<'🌱 Configuração'!$E$56,MOD('🌱 Configuração'!$B$56+32-'🌱 Configuração'!$D$56,7)=0,INT(('🌱 Configuração'!$B$56+32-'🌱 Configuração'!$D$56)/7)+1=4),"🦠 Trichoderma — solo | Inspecionar buds",IF(AND('🌱 Configuração'!$B$56+32>='🌱 Configuração'!$D$56,'🌱 Configuração'!$B$56+32<'🌱 Configuração'!$E$56,MOD('🌱 Configuração'!$B$56+32-'🌱 Configuração'!$D$56,7)=0,INT(('🌱 Configuração'!$B$56+32-'🌱 Configuração'!$D$56)/7)+1=5),"🍄 Beauveria + inspeção visual buds",IF(AND('🌱 Configuração'!$B$56+32>='🌱 Configuração'!$D$56,'🌱 Configuração'!$B$56+32<'🌱 Configuração'!$E$56,MOD('🌱 Configuração'!$B$56+32-'🌱 Configuração'!$D$56,7)=0,INT(('🌱 Configuração'!$B$56+32-'🌱 Configuração'!$D$56)/7)+1=6),"🦠 Trichoderma + ⚠️ Verificar mofo","")))))),IF(AND('🌱 Configuração'!$B$56+32>='🌱 Configuração'!$E$56,MOD('🌱 Configuração'!$B$56+32-'🌱 Configuração'!$E$56,7)=0),"🔬 Inspeção final — analisar tricomas","")))))
B39: =IF(34<='🌱 Configuração'!$F$55,34,"") -> 34 | C39: =IF(34<='🌱 Configuração'!$F$55,'🌱 Configuração'!$B$56+33,"") -> 33 | D39: =IF(34>'🌱 Configuração'!$F$55,"",IF('🌱 Configuração'!$B$56+33<'🌱 Configuração'!$C$56,"🌱 Clone",IF('🌱 Configuração'!$B$56+33<'🌱 Configuração'!$D$56,"🌿 Vegetativo",IF('🌱 Configuração'!$B$56+33<'🌱 Configuração'!$E$56,"🌸 Floração","🚿 Flush")))) -> 🌿 Vegetativo | E39: =IF(34>'🌱 Configuração'!$F$55,"",IF('🌱 Configuração'!$B$56+33<'🌱 Configuração'!$C$56,"Clone S"&INT((34-1)/7)+1,IF('🌱 Configuração'!$B$56+33<'🌱 Configuração'!$D$56,"Vega S"&INT(('🌱 Configuração'!$B$56+33-'🌱 Configuração'!$C$56)/7)+1,IF('🌱 Configuração'!$B$56+33<'🌱 Configuração'!$E$56,"Flora S"&INT(('🌱 Configuração'!$B$56+33-'🌱 Configuração'!$D$56)/7)+1,"Flush S"&INT(('🌱 Configuração'!$B$56+33-'🌱 Configuração'!$E$56)/7)+1)))) -> Vega S3 | F39: =IF(34>'🌱 Configuração'!$F$55,"",IF('🌱 Configuração'!$B$56+33='🌱 Configuração'!$C$56,"🌿 INÍCIO VEGA — luz 18h/dia",IF('🌱 Configuração'!$B$56+33='🌱 Configuração'!$D$56,"🌸 INÍCIO FLORAÇÃO — mudar 12/12 🔴",IF('🌱 Configuração'!$B$56+33='🌱 Configuração'!$E$56,"🚿 INÍCIO FLUSH — parar nutrição",IF('🌱 Configuração'!$B$56+33='🌱 Configuração'!$F$56-1,"🔬 Véspera da colheita — analisar tricomas",IF('🌱 Configuração'!$B$56+33='🌱 Configuração'!$F$56,"✂️ COLHEITA — Parabéns! 🎉","")))))) | H39: =IF(34>'🌱 Configuração'!$F$55,"",IF('🌱 Configuração'!$B$56+33<'🌱 Configuração'!$C$56,IF(34=1,"🌿 Nim (2 mL/L) — foliar leve",IF(34=8,"🍄 Beauveria bassiana — foliar + solo","")),IF('🌱 Configuração'!$B$56+33<'🌱 Configuração'!$D$56,IF(AND('🌱 Configuração'!$B$56+33>='🌱 Configuração'!$C$56,'🌱 Configuração'!$B$56+33<'🌱 Configuração'!$D$56,MOD('🌱 Configuração'!$B$56+33-'🌱 Configuração'!$C$56,7)=0,INT(('🌱 Configuração'!$B$56+33-'🌱 Configuração'!$C$56)/7)+1=1),"🌿 Nim (2 mL/L) — foliar preventivo",IF(AND('🌱 Configuração'!$B$56+33>='🌱 Configuração'!$C$56,'🌱 Configuração'!$B$56+33<'🌱 Configuração'!$D$56,MOD('🌱 Configuração'!$B$56+33-'🌱 Configuração'!$C$56,7)=0,INT(('🌱 Configuração'!$B$56+33-'🌱 Configuração'!$C$56)/7)+1=2),"🍄 Beauveria bassiana — foliar + solo",IF(AND('🌱 Configuração'!$B$56+33>='🌱 Configuração'!$C$56,'🌱 Configuração'!$B$56+33<'🌱 Configuração'!$D$56,MOD('🌱 Configuração'!$B$56+33-'🌱 Configuração'!$C$56,7)=0,INT(('🌱 Configuração'!$B$56+33-'🌱 Configuração'!$C$56)/7)+1=3),"🟡 Calda Sulfocálcica (1%) — foliar",IF(AND('🌱 Configuração'!$B$56+33>='🌱 Configuração'!$C$56,'🌱 Configuração'!$B$56+33<'🌱 Configuração'!$D$56,MOD('🌱 Configuração'!$B$56+33-'🌱 Configuração'!$C$56,7)=0,INT(('🌱 Configuração'!$B$56+33-'🌱 Configuração'!$C$56)/7)+1=4),"🦠 Trichoderma (3 g/L) — solo",IF(AND('🌱 Configuração'!$B$56+33>='🌱 Configuração'!$C$56,'🌱 Configuração'!$B$56+33<'🌱 Configuração'!$D$56,MOD('🌱 Configuração'!$B$56+33-'🌱 Configuração'!$C$56,7)=0,INT(('🌱 Configuração'!$B$56+33-'🌱 Configuração'!$C$56)/7)+1=5),"🔵 Calda Bordalesa (0.5%) — foliar",IF(AND('🌱 Configuração'!$B$56+33>='🌱 Configuração'!$C$56,'🌱 Configuração'!$B$56+33<'🌱 Configuração'!$D$56,MOD('🌱 Configuração'!$B$56+33-'🌱 Configuração'!$C$56,7)=0,INT(('🌱 Configuração'!$B$56+33-'🌱 Configuração'!$C$56)/7)+1=6),"🌿 Nim (2 mL/L) — ⚠️ ÚLTIMA foliar",IF(AND('🌱 Configuração'!$B$56+33>='🌱 Configuração'!$C$56,'🌱 Configuração'!$B$56+33<'🌱 Configuração'!$D$56,MOD('🌱 Configuração'!$B$56+33-'🌱 Configuração'!$C$56,7)=0,INT(('🌱 Configuração'!$B$56+33-'🌱 Configuração'!$C$56)/7)+1=7),"🦠 Trichoderma — solo",IF(AND('🌱 Configuração'!$B$56+33>='🌱 Configuração'!$C$56,'🌱 Configuração'!$B$56+33<'🌱 Configuração'!$D$56,MOD('🌱 Configuração'!$B$56+33-'🌱 Configuração'!$C$56,7)=0,INT(('🌱 Configuração'!$B$56+33-'🌱 Configuração'!$C$56)/7)+1=8),"🍄 Beauveria — solo","")))))))),IF('🌱 Configuração'!$B$56+33<'🌱 Configuração'!$E$56,IF(AND('🌱 Configuração'!$B$56+33>='🌱 Configuração'!$D$56,'🌱 Configuração'!$B$56+33<'🌱 Configuração'!$E$56,MOD('🌱 Configuração'!$B$56+33-'🌱 Configuração'!$D$56,7)=0,INT(('🌱 Configuração'!$B$56+33-'🌱 Configuração'!$D$56)/7)+1=1),"🍄 Beauveria bassiana — SOLO apenas",IF(AND('🌱 Configuração'!$B$56+33>='🌱 Configuração'!$D$56,'🌱 Configuração'!$B$56+33<'🌱 Configuração'!$E$56,MOD('🌱 Configuração'!$B$56+33-'🌱 Configuração'!$D$56,7)=0,INT(('🌱 Configuração'!$B$56+33-'🌱 Configuração'!$D$56)/7)+1=2),"🦠 Trichoderma (3 g/L) — solo",IF(AND('🌱 Configuração'!$B$56+33>='🌱 Configuração'!$D$56,'🌱 Configuração'!$B$56+33<'🌱 Configuração'!$E$56,MOD('🌱 Configuração'!$B$56+33-'🌱 Configuração'!$D$56,7)=0,INT(('🌱 Configuração'!$B$56+33-'🌱 Configuração'!$D$56)/7)+1=3),"🍄 Beauveria bassiana — solo | ⚠️ Umid <45%",IF(AND('🌱 Configuração'!$B$56+33>='🌱 Configuração'!$D$56,'🌱 Configuração'!$B$56+33<'🌱 Configuração'!$E$56,MOD('🌱 Configuração'!$B$56+33-'🌱 Configuração'!$D$56,7)=0,INT(('🌱 Configuração'!$B$56+33-'🌱 Configuração'!$D$56)/7)+1=4),"🦠 Trichoderma — solo | Inspecionar buds",IF(AND('🌱 Configuração'!$B$56+33>='🌱 Configuração'!$D$56,'🌱 Configuração'!$B$56+33<'🌱 Configuração'!$E$56,MOD('🌱 Configuração'!$B$56+33-'🌱 Configuração'!$D$56,7)=0,INT(('🌱 Configuração'!$B$56+33-'🌱 Configuração'!$D$56)/7)+1=5),"🍄 Beauveria + inspeção visual buds",IF(AND('🌱 Configuração'!$B$56+33>='🌱 Configuração'!$D$56,'🌱 Configuração'!$B$56+33<'🌱 Configuração'!$E$56,MOD('🌱 Configuração'!$B$56+33-'🌱 Configuração'!$D$56,7)=0,INT(('🌱 Configuração'!$B$56+33-'🌱 Configuração'!$D$56)/7)+1=6),"🦠 Trichoderma + ⚠️ Verificar mofo","")))))),IF(AND('🌱 Configuração'!$B$56+33>='🌱 Configuração'!$E$56,MOD('🌱 Configuração'!$B$56+33-'🌱 Configuração'!$E$56,7)=0),"🔬 Inspeção final — analisar tricomas","")))))
B40: =IF(35<='🌱 Configuração'!$F$55,35,"") -> 35 | C40: =IF(35<='🌱 Configuração'!$F$55,'🌱 Configuração'!$B$56+34,"") -> 34 | D40: =IF(35>'🌱 Configuração'!$F$55,"",IF('🌱 Configuração'!$B$56+34<'🌱 Configuração'!$C$56,"🌱 Clone",IF('🌱 Configuração'!$B$56+34<'🌱 Configuração'!$D$56,"🌿 Vegetativo",IF('🌱 Configuração'!$B$56+34<'🌱 Configuração'!$E$56,"🌸 Floração","🚿 Flush")))) -> 🌿 Vegetativo | E40: =IF(35>'🌱 Configuração'!$F$55,"",IF('🌱 Configuração'!$B$56+34<'🌱 Configuração'!$C$56,"Clone S"&INT((35-1)/7)+1,IF('🌱 Configuração'!$B$56+34<'🌱 Configuração'!$D$56,"Vega S"&INT(('🌱 Configuração'!$B$56+34-'🌱 Configuração'!$C$56)/7)+1,IF('🌱 Configuração'!$B$56+34<'🌱 Configuração'!$E$56,"Flora S"&INT(('🌱 Configuração'!$B$56+34-'🌱 Configuração'!$D$56)/7)+1,"Flush S"&INT(('🌱 Configuração'!$B$56+34-'🌱 Configuração'!$E$56)/7)+1)))) -> Vega S3 | F40: =IF(35>'🌱 Configuração'!$F$55,"",IF('🌱 Configuração'!$B$56+34='🌱 Configuração'!$C$56,"🌿 INÍCIO VEGA — luz 18h/dia",IF('🌱 Configuração'!$B$56+34='🌱 Configuração'!$D$56,"🌸 INÍCIO FLORAÇÃO — mudar 12/12 🔴",IF('🌱 Configuração'!$B$56+34='🌱 Configuração'!$E$56,"🚿 INÍCIO FLUSH — parar nutrição",IF('🌱 Configuração'!$B$56+34='🌱 Configuração'!$F$56-1,"🔬 Véspera da colheita — analisar tricomas",IF('🌱 Configuração'!$B$56+34='🌱 Configuração'!$F$56,"✂️ COLHEITA — Parabéns! 🎉","")))))) | H40: =IF(35>'🌱 Configuração'!$F$55,"",IF('🌱 Configuração'!$B$56+34<'🌱 Configuração'!$C$56,IF(35=1,"🌿 Nim (2 mL/L) — foliar leve",IF(35=8,"🍄 Beauveria bassiana — foliar + solo","")),IF('🌱 Configuração'!$B$56+34<'🌱 Configuração'!$D$56,IF(AND('🌱 Configuração'!$B$56+34>='🌱 Configuração'!$C$56,'🌱 Configuração'!$B$56+34<'🌱 Configuração'!$D$56,MOD('🌱 Configuração'!$B$56+34-'🌱 Configuração'!$C$56,7)=0,INT(('🌱 Configuração'!$B$56+34-'🌱 Configuração'!$C$56)/7)+1=1),"🌿 Nim (2 mL/L) — foliar preventivo",IF(AND('🌱 Configuração'!$B$56+34>='🌱 Configuração'!$C$56,'🌱 Configuração'!$B$56+34<'🌱 Configuração'!$D$56,MOD('🌱 Configuração'!$B$56+34-'🌱 Configuração'!$C$56,7)=0,INT(('🌱 Configuração'!$B$56+34-'🌱 Configuração'!$C$56)/7)+1=2),"🍄 Beauveria bassiana — foliar + solo",IF(AND('🌱 Configuração'!$B$56+34>='🌱 Configuração'!$C$56,'🌱 Configuração'!$B$56+34<'🌱 Configuração'!$D$56,MOD('🌱 Configuração'!$B$56+34-'🌱 Configuração'!$C$56,7)=0,INT(('🌱 Configuração'!$B$56+34-'🌱 Configuração'!$C$56)/7)+1=3),"🟡 Calda Sulfocálcica (1%) — foliar",IF(AND('🌱 Configuração'!$B$56+34>='🌱 Configuração'!$C$56,'🌱 Configuração'!$B$56+34<'🌱 Configuração'!$D$56,MOD('🌱 Configuração'!$B$56+34-'🌱 Configuração'!$C$56,7)=0,INT(('🌱 Configuração'!$B$56+34-'🌱 Configuração'!$C$56)/7)+1=4),"🦠 Trichoderma (3 g/L) — solo",IF(AND('🌱 Configuração'!$B$56+34>='🌱 Configuração'!$C$56,'🌱 Configuração'!$B$56+34<'🌱 Configuração'!$D$56,MOD('🌱 Configuração'!$B$56+34-'🌱 Configuração'!$C$56,7)=0,INT(('🌱 Configuração'!$B$56+34-'🌱 Configuração'!$C$56)/7)+1=5),"🔵 Calda Bordalesa (0.5%) — foliar",IF(AND('🌱 Configuração'!$B$56+34>='🌱 Configuração'!$C$56,'🌱 Configuração'!$B$56+34<'🌱 Configuração'!$D$56,MOD('🌱 Configuração'!$B$56+34-'🌱 Configuração'!$C$56,7)=0,INT(('🌱 Configuração'!$B$56+34-'🌱 Configuração'!$C$56)/7)+1=6),"🌿 Nim (2 mL/L) — ⚠️ ÚLTIMA foliar",IF(AND('🌱 Configuração'!$B$56+34>='🌱 Configuração'!$C$56,'🌱 Configuração'!$B$56+34<'🌱 Configuração'!$D$56,MOD('🌱 Configuração'!$B$56+34-'🌱 Configuração'!$C$56,7)=0,INT(('🌱 Configuração'!$B$56+34-'🌱 Configuração'!$C$56)/7)+1=7),"🦠 Trichoderma — solo",IF(AND('🌱 Configuração'!$B$56+34>='🌱 Configuração'!$C$56,'🌱 Configuração'!$B$56+34<'🌱 Configuração'!$D$56,MOD('🌱 Configuração'!$B$56+34-'🌱 Configuração'!$C$56,7)=0,INT(('🌱 Configuração'!$B$56+34-'🌱 Configuração'!$C$56)/7)+1=8),"🍄 Beauveria — solo","")))))))),IF('🌱 Configuração'!$B$56+34<'🌱 Configuração'!$E$56,IF(AND('🌱 Configuração'!$B$56+34>='🌱 Configuração'!$D$56,'🌱 Configuração'!$B$56+34<'🌱 Configuração'!$E$56,MOD('🌱 Configuração'!$B$56+34-'🌱 Configuração'!$D$56,7)=0,INT(('🌱 Configuração'!$B$56+34-'🌱 Configuração'!$D$56)/7)+1=1),"🍄 Beauveria bassiana — SOLO apenas",IF(AND('🌱 Configuração'!$B$56+34>='🌱 Configuração'!$D$56,'🌱 Configuração'!$B$56+34<'🌱 Configuração'!$E$56,MOD('🌱 Configuração'!$B$56+34-'🌱 Configuração'!$D$56,7)=0,INT(('🌱 Configuração'!$B$56+34-'🌱 Configuração'!$D$56)/7)+1=2),"🦠 Trichoderma (3 g/L) — solo",IF(AND('🌱 Configuração'!$B$56+34>='🌱 Configuração'!$D$56,'🌱 Configuração'!$B$56+34<'🌱 Configuração'!$E$56,MOD('🌱 Configuração'!$B$56+34-'🌱 Configuração'!$D$56,7)=0,INT(('🌱 Configuração'!$B$56+34-'🌱 Configuração'!$D$56)/7)+1=3),"🍄 Beauveria bassiana — solo | ⚠️ Umid <45%",IF(AND('🌱 Configuração'!$B$56+34>='🌱 Configuração'!$D$56,'🌱 Configuração'!$B$56+34<'🌱 Configuração'!$E$56,MOD('🌱 Configuração'!$B$56+34-'🌱 Configuração'!$D$56,7)=0,INT(('🌱 Configuração'!$B$56+34-'🌱 Configuração'!$D$56)/7)+1=4),"🦠 Trichoderma — solo | Inspecionar buds",IF(AND('🌱 Configuração'!$B$56+34>='🌱 Configuração'!$D$56,'🌱 Configuração'!$B$56+34<'🌱 Configuração'!$E$56,MOD('🌱 Configuração'!$B$56+34-'🌱 Configuração'!$D$56,7)=0,INT(('🌱 Configuração'!$B$56+34-'🌱 Configuração'!$D$56)/7)+1=5),"🍄 Beauveria + inspeção visual buds",IF(AND('🌱 Configuração'!$B$56+34>='🌱 Configuração'!$D$56,'🌱 Configuração'!$B$56+34<'🌱 Configuração'!$E$56,MOD('🌱 Configuração'!$B$56+34-'🌱 Configuração'!$D$56,7)=0,INT(('🌱 Configuração'!$B$56+34-'🌱 Configuração'!$D$56)/7)+1=6),"🦠 Trichoderma + ⚠️ Verificar mofo","")))))),IF(AND('🌱 Configuração'!$B$56+34>='🌱 Configuração'!$E$56,MOD('🌱 Configuração'!$B$56+34-'🌱 Configuração'!$E$56,7)=0),"🔬 Inspeção final — analisar tricomas","")))))
B41: =IF(36<='🌱 Configuração'!$F$55,36,"") -> 36 | C41: =IF(36<='🌱 Configuração'!$F$55,'🌱 Configuração'!$B$56+35,"") -> 35 | D41: =IF(36>'🌱 Configuração'!$F$55,"",IF('🌱 Configuração'!$B$56+35<'🌱 Configuração'!$C$56,"🌱 Clone",IF('🌱 Configuração'!$B$56+35<'🌱 Configuração'!$D$56,"🌿 Vegetativo",IF('🌱 Configuração'!$B$56+35<'🌱 Configuração'!$E$56,"🌸 Floração","🚿 Flush")))) -> 🌿 Vegetativo | E41: =IF(36>'🌱 Configuração'!$F$55,"",IF('🌱 Configuração'!$B$56+35<'🌱 Configuração'!$C$56,"Clone S"&INT((36-1)/7)+1,IF('🌱 Configuração'!$B$56+35<'🌱 Configuração'!$D$56,"Vega S"&INT(('🌱 Configuração'!$B$56+35-'🌱 Configuração'!$C$56)/7)+1,IF('🌱 Configuração'!$B$56+35<'🌱 Configuração'!$E$56,"Flora S"&INT(('🌱 Configuração'!$B$56+35-'🌱 Configuração'!$D$56)/7)+1,"Flush S"&INT(('🌱 Configuração'!$B$56+35-'🌱 Configuração'!$E$56)/7)+1)))) -> Vega S4 | F41: =IF(36>'🌱 Configuração'!$F$55,"",IF('🌱 Configuração'!$B$56+35='🌱 Configuração'!$C$56,"🌿 INÍCIO VEGA — luz 18h/dia",IF('🌱 Configuração'!$B$56+35='🌱 Configuração'!$D$56,"🌸 INÍCIO FLORAÇÃO — mudar 12/12 🔴",IF('🌱 Configuração'!$B$56+35='🌱 Configuração'!$E$56,"🚿 INÍCIO FLUSH — parar nutrição",IF('🌱 Configuração'!$B$56+35='🌱 Configuração'!$F$56-1,"🔬 Véspera da colheita — analisar tricomas",IF('🌱 Configuração'!$B$56+35='🌱 Configuração'!$F$56,"✂️ COLHEITA — Parabéns! 🎉","")))))) | G41: Bio·Grow 3 mL/L | Fish·Mix 3 mL/L | H41: =IF(36>'🌱 Configuração'!$F$55,"",IF('🌱 Configuração'!$B$56+35<'🌱 Configuração'!$C$56,IF(36=1,"🌿 Nim (2 mL/L) — foliar leve",IF(36=8,"🍄 Beauveria bassiana — foliar + solo","")),IF('🌱 Configuração'!$B$56+35<'🌱 Configuração'!$D$56,IF(AND('🌱 Configuração'!$B$56+35>='🌱 Configuração'!$C$56,'🌱 Configuração'!$B$56+35<'🌱 Configuração'!$D$56,MOD('🌱 Configuração'!$B$56+35-'🌱 Configuração'!$C$56,7)=0,INT(('🌱 Configuração'!$B$56+35-'🌱 Configuração'!$C$56)/7)+1=1),"🌿 Nim (2 mL/L) — foliar preventivo",IF(AND('🌱 Configuração'!$B$56+35>='🌱 Configuração'!$C$56,'🌱 Configuração'!$B$56+35<'🌱 Configuração'!$D$56,MOD('🌱 Configuração'!$B$56+35-'🌱 Configuração'!$C$56,7)=0,INT(('🌱 Configuração'!$B$56+35-'🌱 Configuração'!$C$56)/7)+1=2),"🍄 Beauveria bassiana — foliar + solo",IF(AND('🌱 Configuração'!$B$56+35>='🌱 Configuração'!$C$56,'🌱 Configuração'!$B$56+35<'🌱 Configuração'!$D$56,MOD('🌱 Configuração'!$B$56+35-'🌱 Configuração'!$C$56,7)=0,INT(('🌱 Configuração'!$B$56+35-'🌱 Configuração'!$C$56)/7)+1=3),"🟡 Calda Sulfocálcica (1%) — foliar",IF(AND('🌱 Configuração'!$B$56+35>='🌱 Configuração'!$C$56,'🌱 Configuração'!$B$56+35<'🌱 Configuração'!$D$56,MOD('🌱 Configuração'!$B$56+35-'🌱 Configuração'!$C$56,7)=0,INT(('🌱 Configuração'!$B$56+35-'🌱 Configuração'!$C$56)/7)+1=4),"🦠 Trichoderma (3 g/L) — solo",IF(AND('🌱 Configuração'!$B$56+35>='🌱 Configuração'!$C$56,'🌱 Configuração'!$B$56+35<'🌱 Configuração'!$D$56,MOD('🌱 Configuração'!$B$56+35-'🌱 Configuração'!$C$56,7)=0,INT(('🌱 Configuração'!$B$56+35-'🌱 Configuração'!$C$56)/7)+1=5),"🔵 Calda Bordalesa (0.5%) — foliar",IF(AND('🌱 Configuração'!$B$56+35>='🌱 Configuração'!$C$56,'🌱 Configuração'!$B$56+35<'🌱 Configuração'!$D$56,MOD('🌱 Configuração'!$B$56+35-'🌱 Configuração'!$C$56,7)=0,INT(('🌱 Configuração'!$B$56+35-'🌱 Configuração'!$C$56)/7)+1=6),"🌿 Nim (2 mL/L) — ⚠️ ÚLTIMA foliar",IF(AND('🌱 Configuração'!$B$56+35>='🌱 Configuração'!$C$56,'🌱 Configuração'!$B$56+35<'🌱 Configuração'!$D$56,MOD('🌱 Configuração'!$B$56+35-'🌱 Configuração'!$C$56,7)=0,INT(('🌱 Configuração'!$B$56+35-'🌱 Configuração'!$C$56)/7)+1=7),"🦠 Trichoderma — solo",IF(AND('🌱 Configuração'!$B$56+35>='🌱 Configuração'!$C$56,'🌱 Configuração'!$B$56+35<'🌱 Configuração'!$D$56,MOD('🌱 Configuração'!$B$56+35-'🌱 Configuração'!$C$56,7)=0,INT(('🌱 Configuração'!$B$56+35-'🌱 Configuração'!$C$56)/7)+1=8),"🍄 Beauveria — solo","")))))))),IF('🌱 Configuração'!$B$56+35<'🌱 Configuração'!$E$56,IF(AND('🌱 Configuração'!$B$56+35>='🌱 Configuração'!$D$56,'🌱 Configuração'!$B$56+35<'🌱 Configuração'!$E$56,MOD('🌱 Configuração'!$B$56+35-'🌱 Configuração'!$D$56,7)=0,INT(('🌱 Configuração'!$B$56+35-'🌱 Configuração'!$D$56)/7)+1=1),"🍄 Beauveria bassiana — SOLO apenas",IF(AND('🌱 Configuração'!$B$56+35>='🌱 Configuração'!$D$56,'🌱 Configuração'!$B$56+35<'🌱 Configuração'!$E$56,MOD('🌱 Configuração'!$B$56+35-'🌱 Configuração'!$D$56,7)=0,INT(('🌱 Configuração'!$B$56+35-'🌱 Configuração'!$D$56)/7)+1=2),"🦠 Trichoderma (3 g/L) — solo",IF(AND('🌱 Configuração'!$B$56+35>='🌱 Configuração'!$D$56,'🌱 Configuração'!$B$56+35<'🌱 Configuração'!$E$56,MOD('🌱 Configuração'!$B$56+35-'🌱 Configuração'!$D$56,7)=0,INT(('🌱 Configuração'!$B$56+35-'🌱 Configuração'!$D$56)/7)+1=3),"🍄 Beauveria bassiana — solo | ⚠️ Umid <45%",IF(AND('🌱 Configuração'!$B$56+35>='🌱 Configuração'!$D$56,'🌱 Configuração'!$B$56+35<'🌱 Configuração'!$E$56,MOD('🌱 Configuração'!$B$56+35-'🌱 Configuração'!$D$56,7)=0,INT(('🌱 Configuração'!$B$56+35-'🌱 Configuração'!$D$56)/7)+1=4),"🦠 Trichoderma — solo | Inspecionar buds",IF(AND('🌱 Configuração'!$B$56+35>='🌱 Configuração'!$D$56,'🌱 Configuração'!$B$56+35<'🌱 Configuração'!$E$56,MOD('🌱 Configuração'!$B$56+35-'🌱 Configuração'!$D$56,7)=0,INT(('🌱 Configuração'!$B$56+35-'🌱 Configuração'!$D$56)/7)+1=5),"🍄 Beauveria + inspeção visual buds",IF(AND('🌱 Configuração'!$B$56+35>='🌱 Configuração'!$D$56,'🌱 Configuração'!$B$56+35<'🌱 Configuração'!$E$56,MOD('🌱 Configuração'!$B$56+35-'🌱 Configuração'!$D$56,7)=0,INT(('🌱 Configuração'!$B$56+35-'🌱 Configuração'!$D$56)/7)+1=6),"🦠 Trichoderma + ⚠️ Verificar mofo","")))))),IF(AND('🌱 Configuração'!$B$56+35>='🌱 Configuração'!$E$56,MOD('🌱 Configuração'!$B$56+35-'🌱 Configuração'!$E$56,7)=0),"🔬 Inspeção final — analisar tricomas",""))))) -> 🦠 Trichoderma (3 g/L) — solo
