Workbook

Sheet Configuração Inicial
A1: PLANILHA MESTRA: CONFIGURAÇÃO
A3: Data de Início (Clone/Semente): | B3: 24/03/2026
A5: DURAÇÃO ESTIMADA (SEMANAS)
A6: Fase Clone/Plântula: | B6: 2
A7: Fase Vegetativa: | B7: 6
A8: Fase Floração: | B8: 8
A10: CRONOGRAMA AUTOMATIZADO
A11: Fim do Clone: | B11: =B3+(B6*7) -> 25568.875
A12: Fim da Vega: | B12: =B11+(B7*7) -> 25568.875
A13: Data Provável da Colheita: | B13: =B12+(B8*7) -> 25568.875

Sheet Diário Semanal
A1: Data Início | B1: Semana | C1: Fase | D1: Lembrete Nutrição/Ação | E1: Status
A2: ='Configuração Inicial'!$B$3+(1-1)*7 -> 25568.875 | B2: Semana 1 | C2: =IF(1<='Configuração Inicial'!$B$6, "Clone", IF(1<='Configuração Inicial'!$B$6+'Configuração Inicial'!$B$7, "Vegetativo", "Floração")) | D2: =IF(C2="Clone", "Umidade Alta (70%), Luz Suave", IF(C2="Vegetativo", "Nitrogênio Alto, LST/Poda", IF(C2="Floração", "Fósforo/Potássio, Reduzir Umidade", "Aguardar"))) | E2: Pendente
A3: ='Configuração Inicial'!$B$3+(2-1)*7 -> 25568.875 | B3: Semana 2 | C3: =IF(2<='Configuração Inicial'!$B$6, "Clone", IF(2<='Configuração Inicial'!$B$6+'Configuração Inicial'!$B$7, "Vegetativo", "Floração")) | D3: =IF(C3="Clone", "Umidade Alta (70%), Luz Suave", IF(C3="Vegetativo", "Nitrogênio Alto, LST/Poda", IF(C3="Floração", "Fósforo/Potássio, Reduzir Umidade", "Aguardar"))) | E3: Pendente
A4: ='Configuração Inicial'!$B$3+(3-1)*7 -> 25568.875 | B4: Semana 3 | C4: =IF(3<='Configuração Inicial'!$B$6, "Clone", IF(3<='Configuração Inicial'!$B$6+'Configuração Inicial'!$B$7, "Vegetativo", "Floração")) | D4: =IF(C4="Clone", "Umidade Alta (70%), Luz Suave", IF(C4="Vegetativo", "Nitrogênio Alto, LST/Poda", IF(C4="Floração", "Fósforo/Potássio, Reduzir Umidade", "Aguardar"))) | E4: Pendente
A5: ='Configuração Inicial'!$B$3+(4-1)*7 -> 25568.875 | B5: Semana 4 | C5: =IF(4<='Configuração Inicial'!$B$6, "Clone", IF(4<='Configuração Inicial'!$B$6+'Configuração Inicial'!$B$7, "Vegetativo", "Floração")) | D5: =IF(C5="Clone", "Umidade Alta (70%), Luz Suave", IF(C5="Vegetativo", "Nitrogênio Alto, LST/Poda", IF(C5="Floração", "Fósforo/Potássio, Reduzir Umidade", "Aguardar"))) | E5: Pendente
A6: ='Configuração Inicial'!$B$3+(5-1)*7 -> 25568.875 | B6: Semana 5 | C6: =IF(5<='Configuração Inicial'!$B$6, "Clone", IF(5<='Configuração Inicial'!$B$6+'Configuração Inicial'!$B$7, "Vegetativo", "Floração")) | D6: =IF(C6="Clone", "Umidade Alta (70%), Luz Suave", IF(C6="Vegetativo", "Nitrogênio Alto, LST/Poda", IF(C6="Floração", "Fósforo/Potássio, Reduzir Umidade", "Aguardar"))) | E6: Pendente
A7: ='Configuração Inicial'!$B$3+(6-1)*7 -> 25568.875 | B7: Semana 6 | C7: =IF(6<='Configuração Inicial'!$B$6, "Clone", IF(6<='Configuração Inicial'!$B$6+'Configuração Inicial'!$B$7, "Vegetativo", "Floração")) | D7: =IF(C7="Clone", "Umidade Alta (70%), Luz Suave", IF(C7="Vegetativo", "Nitrogênio Alto, LST/Poda", IF(C7="Floração", "Fósforo/Potássio, Reduzir Umidade", "Aguardar"))) | E7: Pendente
A8: ='Configuração Inicial'!$B$3+(7-1)*7 -> 25568.875 | B8: Semana 7 | C8: =IF(7<='Configuração Inicial'!$B$6, "Clone", IF(7<='Configuração Inicial'!$B$6+'Configuração Inicial'!$B$7, "Vegetativo", "Floração")) | D8: =IF(C8="Clone", "Umidade Alta (70%), Luz Suave", IF(C8="Vegetativo", "Nitrogênio Alto, LST/Poda", IF(C8="Floração", "Fósforo/Potássio, Reduzir Umidade", "Aguardar"))) | E8: Pendente
A9: ='Configuração Inicial'!$B$3+(8-1)*7 -> 25568.875 | B9: Semana 8 | C9: =IF(8<='Configuração Inicial'!$B$6, "Clone", IF(8<='Configuração Inicial'!$B$6+'Configuração Inicial'!$B$7, "Vegetativo", "Floração")) | D9: =IF(C9="Clone", "Umidade Alta (70%), Luz Suave", IF(C9="Vegetativo", "Nitrogênio Alto, LST/Poda", IF(C9="Floração", "Fósforo/Potássio, Reduzir Umidade", "Aguardar"))) | E9: Pendente
A10: ='Configuração Inicial'!$B$3+(9-1)*7 -> 25568.875 | B10: Semana 9 | C10: =IF(9<='Configuração Inicial'!$B$6, "Clone", IF(9<='Configuração Inicial'!$B$6+'Configuração Inicial'!$B$7, "Vegetativo", "Floração")) | D10: =IF(C10="Clone", "Umidade Alta (70%), Luz Suave", IF(C10="Vegetativo", "Nitrogênio Alto, LST/Poda", IF(C10="Floração", "Fósforo/Potássio, Reduzir Umidade", "Aguardar"))) | E10: Pendente
A11: ='Configuração Inicial'!$B$3+(10-1)*7 -> 25568.875 | B11: Semana 10 | C11: =IF(10<='Configuração Inicial'!$B$6, "Clone", IF(10<='Configuração Inicial'!$B$6+'Configuração Inicial'!$B$7, "Vegetativo", "Floração")) | D11: =IF(C11="Clone", "Umidade Alta (70%), Luz Suave", IF(C11="Vegetativo", "Nitrogênio Alto, LST/Poda", IF(C11="Floração", "Fósforo/Potássio, Reduzir Umidade", "Aguardar"))) | E11: Pendente
A12: ='Configuração Inicial'!$B$3+(11-1)*7 -> 25568.875 | B12: Semana 11 | C12: =IF(11<='Configuração Inicial'!$B$6, "Clone", IF(11<='Configuração Inicial'!$B$6+'Configuração Inicial'!$B$7, "Vegetativo", "Floração")) | D12: =IF(C12="Clone", "Umidade Alta (70%), Luz Suave", IF(C12="Vegetativo", "Nitrogênio Alto, LST/Poda", IF(C12="Floração", "Fósforo/Potássio, Reduzir Umidade", "Aguardar"))) | E12: Pendente
A13: ='Configuração Inicial'!$B$3+(12-1)*7 -> 25568.875 | B13: Semana 12 | C13: =IF(12<='Configuração Inicial'!$B$6, "Clone", IF(12<='Configuração Inicial'!$B$6+'Configuração Inicial'!$B$7, "Vegetativo", "Floração")) | D13: =IF(C13="Clone", "Umidade Alta (70%), Luz Suave", IF(C13="Vegetativo", "Nitrogênio Alto, LST/Poda", IF(C13="Floração", "Fósforo/Potássio, Reduzir Umidade", "Aguardar"))) | E13: Pendente
A14: ='Configuração Inicial'!$B$3+(13-1)*7 -> 25568.875 | B14: Semana 13 | C14: =IF(13<='Configuração Inicial'!$B$6, "Clone", IF(13<='Configuração Inicial'!$B$6+'Configuração Inicial'!$B$7, "Vegetativo", "Floração")) | D14: =IF(C14="Clone", "Umidade Alta (70%), Luz Suave", IF(C14="Vegetativo", "Nitrogênio Alto, LST/Poda", IF(C14="Floração", "Fósforo/Potássio, Reduzir Umidade", "Aguardar"))) | E14: Pendente
A15: ='Configuração Inicial'!$B$3+(14-1)*7 -> 25568.875 | B15: Semana 14 | C15: =IF(14<='Configuração Inicial'!$B$6, "Clone", IF(14<='Configuração Inicial'!$B$6+'Configuração Inicial'!$B$7, "Vegetativo", "Floração")) | D15: =IF(C15="Clone", "Umidade Alta (70%), Luz Suave", IF(C15="Vegetativo", "Nitrogênio Alto, LST/Poda", IF(C15="Floração", "Fósforo/Potássio, Reduzir Umidade", "Aguardar"))) | E15: Pendente
A16: ='Configuração Inicial'!$B$3+(15-1)*7 -> 25568.875 | B16: Semana 15 | C16: =IF(15<='Configuração Inicial'!$B$6, "Clone", IF(15<='Configuração Inicial'!$B$6+'Configuração Inicial'!$B$7, "Vegetativo", "Floração")) | D16: =IF(C16="Clone", "Umidade Alta (70%), Luz Suave", IF(C16="Vegetativo", "Nitrogênio Alto, LST/Poda", IF(C16="Floração", "Fósforo/Potássio, Reduzir Umidade", "Aguardar"))) | E16: Pendente
A17: ='Configuração Inicial'!$B$3+(16-1)*7 -> 25568.875 | B17: Semana 16 | C17: =IF(16<='Configuração Inicial'!$B$6, "Clone", IF(16<='Configuração Inicial'!$B$6+'Configuração Inicial'!$B$7, "Vegetativo", "Floração")) | D17: =IF(C17="Clone", "Umidade Alta (70%), Luz Suave", IF(C17="Vegetativo", "Nitrogênio Alto, LST/Poda", IF(C17="Floração", "Fósforo/Potássio, Reduzir Umidade", "Aguardar"))) | E17: Pendente
A18: ='Configuração Inicial'!$B$3+(17-1)*7 -> 25568.875 | B18: Semana 17 | C18: =IF(17<='Configuração Inicial'!$B$6, "Clone", IF(17<='Configuração Inicial'!$B$6+'Configuração Inicial'!$B$7, "Vegetativo", "Floração")) | D18: =IF(C18="Clone", "Umidade Alta (70%), Luz Suave", IF(C18="Vegetativo", "Nitrogênio Alto, LST/Poda", IF(C18="Floração", "Fósforo/Potássio, Reduzir Umidade", "Aguardar"))) | E18: Pendente
A19: ='Configuração Inicial'!$B$3+(18-1)*7 -> 25568.875 | B19: Semana 18 | C19: =IF(18<='Configuração Inicial'!$B$6, "Clone", IF(18<='Configuração Inicial'!$B$6+'Configuração Inicial'!$B$7, "Vegetativo", "Floração")) | D19: =IF(C19="Clone", "Umidade Alta (70%), Luz Suave", IF(C19="Vegetativo", "Nitrogênio Alto, LST/Poda", IF(C19="Floração", "Fósforo/Potássio, Reduzir Umidade", "Aguardar"))) | E19: Pendente
A20: ='Configuração Inicial'!$B$3+(19-1)*7 -> 25568.875 | B20: Semana 19 | C20: =IF(19<='Configuração Inicial'!$B$6, "Clone", IF(19<='Configuração Inicial'!$B$6+'Configuração Inicial'!$B$7, "Vegetativo", "Floração")) | D20: =IF(C20="Clone", "Umidade Alta (70%), Luz Suave", IF(C20="Vegetativo", "Nitrogênio Alto, LST/Poda", IF(C20="Floração", "Fósforo/Potássio, Reduzir Umidade", "Aguardar"))) | E20: Pendente
A21: ='Configuração Inicial'!$B$3+(20-1)*7 -> 25568.875 | B21: Semana 20 | C21: =IF(20<='Configuração Inicial'!$B$6, "Clone", IF(20<='Configuração Inicial'!$B$6+'Configuração Inicial'!$B$7, "Vegetativo", "Floração")) | D21: =IF(C21="Clone", "Umidade Alta (70%), Luz Suave", IF(C21="Vegetativo", "Nitrogênio Alto, LST/Poda", IF(C21="Floração", "Fósforo/Potássio, Reduzir Umidade", "Aguardar"))) | E21: Pendente

Sheet Manejo Orgânico (IPM)
A1: Data Incidência | B1: Praga Identificada | C1: Ação Sugerida (Automática) | D1: Status da Ação
B2: Nenhum | C2: =VLOOKUP(B2, Database!$A$1:$B$6, 2, FALSE) | D2: Em andamento
B3: Nenhum | C3: =VLOOKUP(B3, Database!$A$1:$B$6, 2, FALSE) | D3: Em andamento
B4: Nenhum | C4: =VLOOKUP(B4, Database!$A$1:$B$6, 2, FALSE) | D4: Em andamento
B5: Nenhum | C5: =VLOOKUP(B5, Database!$A$1:$B$6, 2, FALSE) | D5: Em andamento
B6: Nenhum | C6: =VLOOKUP(B6, Database!$A$1:$B$6, 2, FALSE) | D6: Em andamento
B7: Nenhum | C7: =VLOOKUP(B7, Database!$A$1:$B$6, 2, FALSE) | D7: Em andamento
B8: Nenhum | C8: =VLOOKUP(B8, Database!$A$1:$B$6, 2, FALSE) | D8: Em andamento
B9: Nenhum | C9: =VLOOKUP(B9, Database!$A$1:$B$6, 2, FALSE) | D9: Em andamento
B10: Nenhum | C10: =VLOOKUP(B10, Database!$A$1:$B$6, 2, FALSE) | D10: Em andamento
B11: Nenhum | C11: =VLOOKUP(B11, Database!$A$1:$B$6, 2, FALSE) | D11: Em andamento

Sheet Database
A1: Pulgão | B1: Óleo de Neem (1%), Sabão de Potássio
A2: Mosca Branca | B2: Armadilhas Amarelas, Sabão de Potássio
A3: Spider Mite | B3: Calda Sulfocálcica, Ácaros Predadores, Óleo de Neem
A4: Tripes | B4: Óleo de Neem, Armadilhas Azuis
A5: Fungos | B5: Calda Bordalesa, Bicarbonato de Sódio, Vinagre Diluído
A6: Nenhum | B6: Manter monitoramento preventivo
