Workbook

Sheet 🌱 Configuração
B2: 🌿 PLANILHA MESTRA DE CULTIVO — Cannabis Medicinal Indoor v3
B3: Configure abaixo. Toda a planilha se recalcula automaticamente.
B5: ⚙️ CONFIGURAÇÕES GERAIS
B6: 📅 Data Dia 1 (Clone) | F6: 🌱 Semanas de Clone | H6: 2 | J6: ← semanas
B7: 🌿 Strain / Cultivar | D7: Ex: OG Kush | F7: 🌿 Semanas de Vegetativo | H7: 6 | J7: ← semanas
B8: 💡 Ambiente | D8: Indoor LED | F8: 🌸 Semanas de Floração | H8: 9 | J8: ← semanas
B9: 📐 Área (m²) | D9: 1.2 | F9: 🚿 Semanas de Flush | H9: 1 | J9: ← semanas
B10: 🪴 Nº de Plantas | D10: 4
B11: 💊 PROTOCOLO DE NUTRIÇÃO — Escolha sua linha de produtos
B12: 🧪 Linha de Adubação | H12: BioBizz | J12: ← Escolha no dropdown
B13: BioBizz | D13: Orgânico certificado (Holanda). Solo. Produtos: Bio·Grow, Bio·Bloom, Top·Max, Fish·Mix, Root Juice, Alg·A·Mic. pH: 6.2–6.5
B14: Remo Nutrients | D14: Mineral/orgânico (Canadá). Solo, coco, hidro. Produtos: Micro, Grow, Bloom, Magnifical, Astroflower, Kelp, Roots. pH: 5.8–6.3
B15: General Organics | D15: GO Box da GH (EUA). Solo orgânico. Produtos: BioThrive Grow/Bloom, BioRoot, BioBud, BioWeed, CaMg+, BioMarine. pH: auto
B16: SuperSoil | D16: Solo vivo preparado. Coberturas secas: farinha de osso, torta de mamona, guano de morcego, farinha de alga, cinzas. pH: auto
B17: Genérico | D17: Campos em branco para você preencher com seus próprios produtos e doses. Totalmente personalizável.
B19: 📆 CALENDÁRIO DE FASES (automático)
B20: Fase | D20: Semanas | F20: Início | H20: Fim | J20: Total dias
B21: 🌱 CLONE | D21: =H6&" sem" -> 2 sem | F21: =B56 -> 0 | H21: =B56+B55-1 -> 13 | J21: =B55 -> 14
B22: 🌿 VEGETATIVO | D22: =H7&" sem" -> 6 sem | F22: =C56 -> 14 | H22: =C56+C55-1 -> 55 | J22: =C55 -> 42
B23: 🌸 FLORAÇÃO | D23: =H8&" sem" -> 9 sem | F23: =D56 -> 56 | H23: =D56+D55-1 -> 118 | J23: =D55 -> 63
B24: 🚿 FLUSH | D24: =H9&" sem" -> 1 sem | F24: =E56 -> 119 | H24: =E56+E55-1 -> 125 | J24: =E55 -> 7
B25: ✂️ COLHEITA | D25: "—" | F25: =F56 -> 126 | H25: =F56 -> 126 | J25: "1 dia"
B55: =H6*7 -> 14 | C55: =H7*7 -> 42 | D55: =H8*7 -> 63 | E55: =H9*7 -> 7 | F55: =B55+C55+D55+E55 -> 126
B56: =D6 -> 0 | C56: =B56+B55 -> 14 | D56: =C56+C55 -> 56 | E56: =D56+D55 -> 119 | F56: =E56+E55 -> 126

Sheet 💊 Adubação
B2: 💊 PROTOCOLO DE ADUBAÇÃO — Personalizado conforme linha escolhida na Configuração
B3: Protocolo ativo: veja célula H12 na aba Configuração | Altere lá para mudar todos os produtos e doses
B5: 🌱 CLONE
B6: Semana | C6: Data início | D6: Produto 1 | E6: Dose 1 | F6: Produto 2 | G6: Dose 2 | H6: Produto 3 | I6: Dose 3 | J6: Suplemento | K6: pH alvo | L6: EC alvo | M6: Observação
B7: =IF(1<='🌱 Configuração'!$H$6,"S1","—") -> S1 | C7: =IF(1<='🌱 Configuração'!$H$6,'🌱 Configuração'!$B$56+0,"") -> 0 | D7: =IF('🌱 Configuração'!$B$56="","",IF(1<1,"",IF(1>'🌱 Configuração'!$H$6,"",IF(IFERROR(MATCH('🌱 Configuração'!$H$12,{"BioBizz","Remo Nutrients","General Organics","SuperSoil","Genérico"},0),1)=1,IF(1=1,"Root Juice",IF(1=2,"Root Juice",IF(1=3,"Root Juice",IF(1=4,"Root Juice","")))),IF(IFERROR(MATCH('🌱 Configuração'!$H$12,{"BioBizz","Remo Nutrients","General Organics","SuperSoil","Genérico"},0),1)=2,IF(1=1,"Remo Roots",IF(1=2,"Remo Roots",IF(1=3,"Remo Roots",IF(1=4,"Remo Roots","")))),IF(IFERROR(MATCH('🌱 Configuração'!$H$12,{"BioBizz","Remo Nutrients","General Organics","SuperSoil","Genérico"},0),1)=3,IF(1=1,"BioRoot",IF(1=2,"BioRoot",IF(1=3,"BioRoot",IF(1=4,"BioRoot","")))),IF(IFERROR(MATCH('🌱 Configuração'!$H$12,{"BioBizz","Remo Nutrients","General Organics","SuperSoil","Genérico"},0),1)=4,IF(1=1,"Chá de compostagem",IF(1=2,"Chá de compostagem",IF(1=3,"Cobertura: farinha de alga",IF(1=4,"Molasses 2 mL/L","")))),IF(1=1,"← Preencha",IF(1=2,"← Preencha",IF(1=3,"← Preencha",IF(1=4,"← Preencha",""))))))))))) | E7: =IF('🌱 Configuração'!$B$56="","",IF(1<1,"",IF(1>'🌱 Configuração'!$H$6,"",IF(IFERROR(MATCH('🌱 Configuração'!$H$12,{"BioBizz","Remo Nutrients","General Organics","SuperSoil","Genérico"},0),1)=1,IF(1=1,"0.3 mL/L",IF(1=2,"0.3 mL/L",IF(1=3,"0.5 mL/L",IF(1=4,"0.5 mL/L","")))),IF(IFERROR(MATCH('🌱 Configuração'!$H$12,{"BioBizz","Remo Nutrients","General Organics","SuperSoil","Genérico"},0),1)=2,IF(1=1,"0.5 mL/L",IF(1=2,"1 mL/L",IF(1=3,"1 mL/L",IF(1=4,"1 mL/L","")))),IF(IFERROR(MATCH('🌱 Configuração'!$H$12,{"BioBizz","Remo Nutrients","General Organics","SuperSoil","Genérico"},0),1)=3,IF(1=1,"1.3 mL/L",IF(1=2,"1.3 mL/L",IF(1=3,"2.6 mL/L",IF(1=4,"2.6 mL/L","")))),IF(IFERROR(MATCH('🌱 Configuração'!$H$12,{"BioBizz","Remo Nutrients","General Organics","SuperSoil","Genérico"},0),1)=4,IF(1=1,"1–2L/planta",IF(1=2,"1–2L/planta",IF(1=3,"5g/L solo",IF(1=4,"—","")))),IF(1=1,"—",IF(1=2,"—",IF(1=3,"—",IF(1=4,"—",""))))))))))) | F7: =IF('🌱 Configuração'!$B$56="","",IF(1<1,"",IF(1>'🌱 Configuração'!$H$6,"",IF(IFERROR(MATCH('🌱 Configuração'!$H$12,{"BioBizz","Remo Nutrients","General Organics","SuperSoil","Genérico"},0),1)=1,IF(1=1,"—",IF(1=2,"Alg·A·Mic",IF(1=3,"Bio·Grow",IF(1=4,"Bio·Grow","")))),IF(IFERROR(MATCH('🌱 Configuração'!$H$12,{"BioBizz","Remo Nutrients","General Organics","SuperSoil","Genérico"},0),1)=2,IF(1=1,"Magnifical",IF(1=2,"Magnifical",IF(1=3,"Micro",IF(1=4,"Micro","")))),IF(IFERROR(MATCH('🌱 Configuração'!$H$12,{"BioBizz","Remo Nutrients","General Organics","SuperSoil","Genérico"},0),1)=3,IF(1=1,"CaMg+",IF(1=2,"CaMg+",IF(1=3,"CaMg+",IF(1=4,"CaMg+","")))),IF(IFERROR(MATCH('🌱 Configuração'!$H$12,{"BioBizz","Remo Nutrients","General Organics","SuperSoil","Genérico"},0),1)=4,IF(1=1,"—",IF(1=2,"—",IF(1=3,"—",IF(1=4,"—","")))),IF(1=1,"—",IF(1=2,"—",IF(1=3,"—",IF(1=4,"—",""))))))))))) | G7: =IF('🌱 Configuração'!$B$56="","",IF(1<1,"",IF(1>'🌱 Configuração'!$H$6,"",IF(IFERROR(MATCH('🌱 Configuração'!$H$12,{"BioBizz","Remo Nutrients","General Organics","SuperSoil","Genérico"},0),1)=1,IF(1=1,"—",IF(1=2,"0.5 mL/L",IF(1=3,"0.5 mL/L",IF(1=4,"1 mL/L","")))),IF(IFERROR(MATCH('🌱 Configuração'!$H$12,{"BioBizz","Remo Nutrients","General Organics","SuperSoil","Genérico"},0),1)=2,IF(1=1,"0.5 mL/L",IF(1=2,"0.5 mL/L",IF(1=3,"0.5 mL/L",IF(1=4,"1 mL/L","")))),IF(IFERROR(MATCH('🌱 Configuração'!$H$12,{"BioBizz","Remo Nutrients","General Organics","SuperSoil","Genérico"},0),1)=3,IF(1=1,"1.3 mL/L",IF(1=2,"1.3 mL/L",IF(1=3,"1.3 mL/L",IF(1=4,"1.3 mL/L","")))),IF(IFERROR(MATCH('🌱 Configuração'!$H$12,{"BioBizz","Remo Nutrients","General Organics","SuperSoil","Genérico"},0),1)=4,IF(1=1,"—",IF(1=2,"—",IF(1=3,"—",IF(1=4,"—","")))),IF(1=1,"—",IF(1=2,"—",IF(1=3,"—",IF(1=4,"—",""))))))))))) | H7: =IF('🌱 Configuração'!$B$56="","",IF(1<1,"",IF(1>'🌱 Configuração'!$H$6,"",IF(IFERROR(MATCH('🌱 Configuração'!$H$12,{"BioBizz","Remo Nutrients","General Organics","SuperSoil","Genérico"},0),1)=1,IF(1=1,"—",IF(1=2,"—",IF(1=3,"—",IF(1=4,"—","")))),IF(IFERROR(MATCH('🌱 Configuração'!$H$12,{"BioBizz","Remo Nutrients","General Organics","SuperSoil","Genérico"},0),1)=2,IF(1=1,"—",IF(1=2,"—",IF(1=3,"Grow",IF(1=4,"Grow","")))),IF(IFERROR(MATCH('🌱 Configuração'!$H$12,{"BioBizz","Remo Nutrients","General Organics","SuperSoil","Genérico"},0),1)=3,IF(1=1,"—",IF(1=2,"BioWeed",IF(1=3,"BioThrive G",IF(1=4,"BioThrive G","")))),IF(IFERROR(MATCH('🌱 Configuração'!$H$12,{"BioBizz","Remo Nutrients","General Organics","SuperSoil","Genérico"},0),1)=4,IF(1=1,"—",IF(1=2,"—",IF(1=3,"—",IF(1=4,"—","")))),IF(1=1,"—",IF(1=2,"—",IF(1=3,"—",IF(1=4,"—",""))))))))))) | I7: =IF('🌱 Configuração'!$B$56="","",IF(1<1,"",IF(1>'🌱 Configuração'!$H$6,"",IF(IFERROR(MATCH('🌱 Configuração'!$H$12,{"BioBizz","Remo Nutrients","General Organics","SuperSoil","Genérico"},0),1)=1,IF(1=1,"—",IF(1=2,"—",IF(1=3,"—",IF(1=4,"—","")))),IF(IFERROR(MATCH('🌱 Configuração'!$H$12,{"BioBizz","Remo Nutrients","General Organics","SuperSoil","Genérico"},0),1)=2,IF(1=1,"—",IF(1=2,"—",IF(1=3,"0.5 mL/L",IF(1=4,"1 mL/L","")))),IF(IFERROR(MATCH('🌱 Configuração'!$H$12,{"BioBizz","Remo Nutrients","General Organics","SuperSoil","Genérico"},0),1)=3,IF(1=1,"—",IF(1=2,"0.7 mL/L",IF(1=3,"1.3 mL/L",IF(1=4,"2.6 mL/L","")))),IF(IFERROR(MATCH('🌱 Configuração'!$H$12,{"BioBizz","Remo Nutrients","General Organics","SuperSoil","Genérico"},0),1)=4,IF(1=1,"—",IF(1=2,"—",IF(1=3,"—",IF(1=4,"—","")))),IF(1=1,"—",IF(1=2,"—",IF(1=3,"—",IF(1=4,"—",""))))))))))) | J7: =IF('🌱 Configuração'!$B$56="","",IF(1<1,"",IF(1>'🌱 Configuração'!$H$6,"",IF(IFERROR(MATCH('🌱 Configuração'!$H$12,{"BioBizz","Remo Nutrients","General Organics","SuperSoil","Genérico"},0),1)=1,IF(1=1,"—",IF(1=2,"—",IF(1=3,"—",IF(1=4,"—","")))),IF(IFERROR(MATCH('🌱 Configuração'!$H$12,{"BioBizz","Remo Nutrients","General Organics","SuperSoil","Genérico"},0),1)=2,IF(1=1,"—",IF(1=2,"—",IF(1=3,"—",IF(1=4,"—","")))),IF(IFERROR(MATCH('🌱 Configuração'!$H$12,{"BioBizz","Remo Nutrients","General Organics","SuperSoil","Genérico"},0),1)=3,IF(1=1,"—",IF(1=2,"—",IF(1=3,"—",IF(1=4,"—","")))),IF(IFERROR(MATCH('🌱 Configuração'!$H$12,{"BioBizz","Remo Nutrients","General Organics","SuperSoil","Genérico"},0),1)=4,IF(1=1,"Biorrizas",IF(1=2,"—",IF(1=3,"—",IF(1=4,"Biorrizas","")))),IF(1=1,"—",IF(1=2,"—",IF(1=3,"—",IF(1=4,"—",""))))))))))) | K7: =IF('🌱 Configuração'!$B$56="","",IF(1<1,"",IF(1>'🌱 Configuração'!$H$6,"",IF(IFERROR(MATCH('🌱 Configuração'!$H$12,{"BioBizz","Remo Nutrients","General Organics","SuperSoil","Genérico"},0),1)=1,IF(1=1,"6.2–6.5",IF(1=2,"6.2–6.5",IF(1=3,"6.2–6.5",IF(1=4,"6.2–6.5","")))),IF(IFERROR(MATCH('🌱 Configuração'!$H$12,{"BioBizz","Remo Nutrients","General Organics","SuperSoil","Genérico"},0),1)=2,IF(1=1,"5.8–6.0",IF(1=2,"5.8–6.0",IF(1=3,"5.8–6.2",IF(1=4,"5.8–6.2","")))),IF(IFERROR(MATCH('🌱 Configuração'!$H$12,{"BioBizz","Remo Nutrients","General Organics","SuperSoil","Genérico"},0),1)=3,IF(1=1,"6.2–7.0",IF(1=2,"6.2–7.0",IF(1=3,"6.2–7.0",IF(1=4,"6.2–7.0","")))),IF(IFERROR(MATCH('🌱 Configuração'!$H$12,{"BioBizz","Remo Nutrients","General Organics","SuperSoil","Genérico"},0),1)=4,IF(1=1,"auto",IF(1=2,"auto",IF(1=3,"auto",IF(1=4,"auto","")))),IF(1=1,"—",IF(1=2,"—",IF(1=3,"—",IF(1=4,"—",""))))))))))) | L7: =IF('🌱 Configuração'!$B$56="","",IF(1<1,"",IF(1>'🌱 Configuração'!$H$6,"",IF(IFERROR(MATCH('🌱 Configuração'!$H$12,{"BioBizz","Remo Nutrients","General Organics","SuperSoil","Genérico"},0),1)=1,IF(1=1,"baixo",IF(1=2,"baixo",IF(1=3,"baixo",IF(1=4,"baixo","")))),IF(IFERROR(MATCH('🌱 Configuração'!$H$12,{"BioBizz","Remo Nutrients","General Organics","SuperSoil","Genérico"},0),1)=2,IF(1=1,"baixo",IF(1=2,"baixo",IF(1=3,"0.4",IF(1=4,"0.6","")))),IF(IFERROR(MATCH('🌱 Configuração'!$H$12,{"BioBizz","Remo Nutrients","General Organics","SuperSoil","Genérico"},0),1)=3,IF(1=1,"baixo",IF(1=2,"baixo",IF(1=3,"baixo",IF(1=4,"baixo","")))),IF(IFERROR(MATCH('🌱 Configuração'!$H$12,{"BioBizz","Remo Nutrients","General Organics","SuperSoil","Genérico"},0),1)=4,IF(1=1,"auto",IF(1=2,"auto",IF(1=3,"auto",IF(1=4,"auto","")))),IF(1=1,"—",IF(1=2,"—",IF(1=3,"—",IF(1=4,"—",""))))))))))) | M7: =IF('🌱 Configuração'!$B$56="","",IF(1<1,"",IF(1>'🌱 Configuração'!$H$6,"",IF(IFERROR(MATCH('🌱 Configuração'!$H$12,{"BioBizz","Remo Nutrients","General Organics","SuperSoil","Genérico"},0),1)=1,IF(1=1,"Solo úmido — estimular raízes",IF(1=2,"Alg·A·Mic recupera e fortalece",IF(1=3,"Início suave de N antes da vega",IF(1=4,"Pronto para vegetativo","")))),IF(IFERROR(MATCH('🌱 Configuração'!$H$12,{"BioBizz","Remo Nutrients","General Organics","SuperSoil","Genérico"},0),1)=2,IF(1=1,"Roots = estimulador de raízes Remo",IF(1=2,"Magnifical = CalMag Remo",IF(1=3,"Introduzir base suave antes da vega",IF(1=4,"Pronto para vega — confirmar raízes","")))),IF(IFERROR(MATCH('🌱 Configuração'!$H$12,{"BioBizz","Remo Nutrients","General Organics","SuperSoil","Genérico"},0),1)=3,IF(1=1,"GO não precisa ajustar pH em solo",IF(1=2,"BioWeed = extrato de algas GO",IF(1=3,"Introduzir BioThrive Grow suave",IF(1=4,"Pronto para vega","")))),IF(IFERROR(MATCH('🌱 Configuração'!$H$12,{"BioBizz","Remo Nutrients","General Organics","SuperSoil","Genérico"},0),1)=4,IF(1=1,"Solo vivo — sem adubação química",IF(1=2,"Manter solo úmido e vivo",IF(1=3,"Farinha de alga = fósforo e K suave",IF(1=4,"Mel de cana alimenta microbioma","")))),IF(1=1,"Personalize suas doses",IF(1=2,"Personalize suas doses",IF(1=3,"Personalize suas doses",IF(1=4,"Personalize suas doses","")))))))))))
B8: =IF(2<='🌱 Configuração'!$H$6,"S2","—") -> S2 | C8: =IF(2<='🌱 Configuração'!$H$6,'🌱 Configuração'!$B$56+7,"") -> 7 | D8: =IF('🌱 Configuração'!$B$56="","",IF(2<1,"",IF(2>'🌱 Configuração'!$H$6,"",IF(IFERROR(MATCH('🌱 Configuração'!$H$12,{"BioBizz","Remo Nutrients","General Organics","SuperSoil","Genérico"},0),1)=1,IF(2=1,"Root Juice",IF(2=2,"Root Juice",IF(2=3,"Root Juice",IF(2=4,"Root Juice","")))),IF(IFERROR(MATCH('🌱 Configuração'!$H$12,{"BioBizz","Remo Nutrients","General Organics","SuperSoil","Genérico"},0),1)=2,IF(2=1,"Remo Roots",IF(2=2,"Remo Roots",IF(2=3,"Remo Roots",IF(2=4,"Remo Roots","")))),IF(IFERROR(MATCH('🌱 Configuração'!$H$12,{"BioBizz","Remo Nutrients","General Organics","SuperSoil","Genérico"},0),1)=3,IF(2=1,"BioRoot",IF(2=2,"BioRoot",IF(2=3,"BioRoot",IF(2=4,"BioRoot","")))),IF(IFERROR(MATCH('🌱 Configuração'!$H$12,{"BioBizz","Remo Nutrients","General Organics","SuperSoil","Genérico"},0),1)=4,IF(2=1,"Chá de compostagem",IF(2=2,"Chá de compostagem",IF(2=3,"Cobertura: farinha de alga",IF(2=4,"Molasses 2 mL/L","")))),IF(2=1,"← Preencha",IF(2=2,"← Preencha",IF(2=3,"← Preencha",IF(2=4,"← Preencha",""))))))))))) | E8: =IF('🌱 Configuração'!$B$56="","",IF(2<1,"",IF(2>'🌱 Configuração'!$H$6,"",IF(IFERROR(MATCH('🌱 Configuração'!$H$12,{"BioBizz","Remo Nutrients","General Organics","SuperSoil","Genérico"},0),1)=1,IF(2=1,"0.3 mL/L",IF(2=2,"0.3 mL/L",IF(2=3,"0.5 mL/L",IF(2=4,"0.5 mL/L","")))),IF(IFERROR(MATCH('🌱 Configuração'!$H$12,{"BioBizz","Remo Nutrients","General Organics","SuperSoil","Genérico"},0),1)=2,IF(2=1,"0.5 mL/L",IF(2=2,"1 mL/L",IF(2=3,"1 mL/L",IF(2=4,"1 mL/L","")))),IF(IFERROR(MATCH('🌱 Configuração'!$H$12,{"BioBizz","Remo Nutrients","General Organics","SuperSoil","Genérico"},0),1)=3,IF(2=1,"1.3 mL/L",IF(2=2,"1.3 mL/L",IF(2=3,"2.6 mL/L",IF(2=4,"2.6 mL/L","")))),IF(IFERROR(MATCH('🌱 Configuração'!$H$12,{"BioBizz","Remo Nutrients","General Organics","SuperSoil","Genérico"},0),1)=4,IF(2=1,"1–2L/planta",IF(2=2,"1–2L/planta",IF(2=3,"5g/L solo",IF(2=4,"—","")))),IF(2=1,"—",IF(2=2,"—",IF(2=3,"—",IF(2=4,"—",""))))))))))) | F8: =IF('🌱 Configuração'!$B$56="","",IF(2<1,"",IF(2>'🌱 Configuração'!$H$6,"",IF(IFERROR(MATCH('🌱 Configuração'!$H$12,{"BioBizz","Remo Nutrients","General Organics","SuperSoil","Genérico"},0),1)=1,IF(2=1,"—",IF(2=2,"Alg·A·Mic",IF(2=3,"Bio·Grow",IF(2=4,"Bio·Grow","")))),IF(IFERROR(MATCH('🌱 Configuração'!$H$12,{"BioBizz","Remo Nutrients","General Organics","SuperSoil","Genérico"},0),1)=2,IF(2=1,"Magnifical",IF(2=2,"Magnifical",IF(2=3,"Micro",IF(2=4,"Micro","")))),IF(IFERROR(MATCH('🌱 Configuração'!$H$12,{"BioBizz","Remo Nutrients","General Organics","SuperSoil","Genérico"},0),1)=3,IF(2=1,"CaMg+",IF(2=2,"CaMg+",IF(2=3,"CaMg+",IF(2=4,"CaMg+","")))),IF(IFERROR(MATCH('🌱 Configuração'!$H$12,{"BioBizz","Remo Nutrients","General Organics","SuperSoil","Genérico"},0),1)=4,IF(2=1,"—",IF(2=2,"—",IF(2=3,"—",IF(2=4,"—","")))),IF(2=1,"—",IF(2=2,"—",IF(2=3,"—",IF(2=4,"—",""))))))))))) | G8: =IF('🌱 Configuração'!$B$56="","",IF(2<1,"",IF(2>'🌱 Configuração'!$H$6,"",IF(IFERROR(MATCH('🌱 Configuração'!$H$12,{"BioBizz","Remo Nutrients","General Organics","SuperSoil","Genérico"},0),1)=1,IF(2=1,"—",IF(2=2,"0.5 mL/L",IF(2=3,"0.5 mL/L",IF(2=4,"1 mL/L","")))),IF(IFERROR(MATCH('🌱 Configuração'!$H$12,{"BioBizz","Remo Nutrients","General Organics","SuperSoil","Genérico"},0),1)=2,IF(2=1,"0.5 mL/L",IF(2=2,"0.5 mL/L",IF(2=3,"0.5 mL/L",IF(2=4,"1 mL/L","")))),IF(IFERROR(MATCH('🌱 Configuração'!$H$12,{"BioBizz","Remo Nutrients","General Organics","SuperSoil","Genérico"},0),1)=3,IF(2=1,"1.3 mL/L",IF(2=2,"1.3 mL/L",IF(2=3,"1.3 mL/L",IF(2=4,"1.3 mL/L","")))),IF(IFERROR(MATCH('🌱 Configuração'!$H$12,{"BioBizz","Remo Nutrients","General Organics","SuperSoil","Genérico"},0),1)=4,IF(2=1,"—",IF(2=2,"—",IF(2=3,"—",IF(2=4,"—","")))),IF(2=1,"—",IF(2=2,"—",IF(2=3,"—",IF(2=4,"—",""))))))))))) | H8: =IF('🌱 Configuração'!$B$56="","",IF(2<1,"",IF(2>'🌱 Configuração'!$H$6,"",IF(IFERROR(MATCH('🌱 Configuração'!$H$12,{"BioBizz","Remo Nutrients","General Organics","SuperSoil","Genérico"},0),1)=1,IF(2=1,"—",IF(2=2,"—",IF(2=3,"—",IF(2=4,"—","")))),IF(IFERROR(MATCH('🌱 Configuração'!$H$12,{"BioBizz","Remo Nutrients","General Organics","SuperSoil","Genérico"},0),1)=2,IF(2=1,"—",IF(2=2,"—",IF(2=3,"Grow",IF(2=4,"Grow","")))),IF(IFERROR(MATCH('🌱 Configuração'!$H$12,{"BioBizz","Remo Nutrients","General Organics","SuperSoil","Genérico"},0),1)=3,IF(2=1,"—",IF(2=2,"BioWeed",IF(2=3,"BioThrive G",IF(2=4,"BioThrive G","")))),IF(IFERROR(MATCH('🌱 Configuração'!$H$12,{"BioBizz","Remo Nutrients","General Organics","SuperSoil","Genérico"},0),1)=4,IF(2=1,"—",IF(2=2,"—",IF(2=3,"—",IF(2=4,"—","")))),IF(2=1,"—",IF(2=2,"—",IF(2=3,"—",IF(2=4,"—",""))))))))))) | I8: =IF('🌱 Configuração'!$B$56="","",IF(2<1,"",IF(2>'🌱 Configuração'!$H$6,"",IF(IFERROR(MATCH('🌱 Configuração'!$H$12,{"BioBizz","Remo Nutrients","General Organics","SuperSoil","Genérico"},0),1)=1,IF(2=1,"—",IF(2=2,"—",IF(2=3,"—",IF(2=4,"—","")))),IF(IFERROR(MATCH('🌱 Configuração'!$H$12,{"BioBizz","Remo Nutrients","General Organics","SuperSoil","Genérico"},0),1)=2,IF(2=1,"—",IF(2=2,"—",IF(2=3,"0.5 mL/L",IF(2=4,"1 mL/L","")))),IF(IFERROR(MATCH('🌱 Configuração'!$H$12,{"BioBizz","Remo Nutrients","General Organics","SuperSoil","Genérico"},0),1)=3,IF(2=1,"—",IF(2=2,"0.7 mL/L",IF(2=3,"1.3 mL/L",IF(2=4,"2.6 mL/L","")))),IF(IFERROR(MATCH('🌱 Configuração'!$H$12,{"BioBizz","Remo Nutrients","General Organics","SuperSoil","Genérico"},0),1)=4,IF(2=1,"—",IF(2=2,"—",IF(2=3,"—",IF(2=4,"—","")))),IF(2=1,"—",IF(2=2,"—",IF(2=3,"—",IF(2=4,"—",""))))))))))) | J8: =IF('🌱 Configuração'!$B$56="","",IF(2<1,"",IF(2>'🌱 Configuração'!$H$6,"",IF(IFERROR(MATCH('🌱 Configuração'!$H$12,{"BioBizz","Remo Nutrients","General Organics","SuperSoil","Genérico"},0),1)=1,IF(2=1,"—",IF(2=2,"—",IF(2=3,"—",IF(2=4,"—","")))),IF(IFERROR(MATCH('🌱 Configuração'!$H$12,{"BioBizz","Remo Nutrients","General Organics","SuperSoil","Genérico"},0),1)=2,IF(2=1,"—",IF(2=2,"—",IF(2=3,"—",IF(2=4,"—","")))),IF(IFERROR(MATCH('🌱 Configuração'!$H$12,{"BioBizz","Remo Nutrients","General Organics","SuperSoil","Genérico"},0),1)=3,IF(2=1,"—",IF(2=2,"—",IF(2=3,"—",IF(2=4,"—","")))),IF(IFERROR(MATCH('🌱 Configuração'!$H$12,{"BioBizz","Remo Nutrients","General Organics","SuperSoil","Genérico"},0),1)=4,IF(2=1,"Biorrizas",IF(2=2,"—",IF(2=3,"—",IF(2=4,"Biorrizas","")))),IF(2=1,"—",IF(2=2,"—",IF(2=3,"—",IF(2=4,"—",""))))))))))) | K8: =IF('🌱 Configuração'!$B$56="","",IF(2<1,"",IF(2>'🌱 Configuração'!$H$6,"",IF(IFERROR(MATCH('🌱 Configuração'!$H$12,{"BioBizz","Remo Nutrients","General Organics","SuperSoil","Genérico"},0),1)=1,IF(2=1,"6.2–6.5",IF(2=2,"6.2–6.5",IF(2=3,"6.2–6.5",IF(2=4,"6.2–6.5","")))),IF(IFERROR(MATCH('🌱 Configuração'!$H$12,{"BioBizz","Remo Nutrients","General Organics","SuperSoil","Genérico"},0),1)=2,IF(2=1,"5.8–6.0",IF(2=2,"5.8–6.0",IF(2=3,"5.8–6.2",IF(2=4,"5.8–6.2","")))),IF(IFERROR(MATCH('🌱 Configuração'!$H$12,{"BioBizz","Remo Nutrients","General Organics","SuperSoil","Genérico"},0),1)=3,IF(2=1,"6.2–7.0",IF(2=2,"6.2–7.0",IF(2=3,"6.2–7.0",IF(2=4,"6.2–7.0","")))),IF(IFERROR(MATCH('🌱 Configuração'!$H$12,{"BioBizz","Remo Nutrients","General Organics","SuperSoil","Genérico"},0),1)=4,IF(2=1,"auto",IF(2=2,"auto",IF(2=3,"auto",IF(2=4,"auto","")))),IF(2=1,"—",IF(2=2,"—",IF(2=3,"—",IF(2=4,"—",""))))))))))) | L8: =IF('🌱 Configuração'!$B$56="","",IF(2<1,"",IF(2>'🌱 Configuração'!$H$6,"",IF(IFERROR(MATCH('🌱 Configuração'!$H$12,{"BioBizz","Remo Nutrients","General Organics","SuperSoil","Genérico"},0),1)=1,IF(2=1,"baixo",IF(2=2,"baixo",IF(2=3,"baixo",IF(2=4,"baixo","")))),IF(IFERROR(MATCH('🌱 Configuração'!$H$12,{"BioBizz","Remo Nutrients","General Organics","SuperSoil","Genérico"},0),1)=2,IF(2=1,"baixo",IF(2=2,"baixo",IF(2=3,"0.4",IF(2=4,"0.6","")))),IF(IFERROR(MATCH('🌱 Configuração'!$H$12,{"BioBizz","Remo Nutrients","General Organics","SuperSoil","Genérico"},0),1)=3,IF(2=1,"baixo",IF(2=2,"baixo",IF(2=3,"baixo",IF(2=4,"baixo","")))),IF(IFERROR(MATCH('🌱 Configuração'!$H$12,{"BioBizz","Remo Nutrients","General Organics","SuperSoil","Genérico"},0),1)=4,IF(2=1,"auto",IF(2=2,"auto",IF(2=3,"auto",IF(2=4,"auto","")))),IF(2=1,"—",IF(2=2,"—",IF(2=3,"—",IF(2=4,"—",""))))))))))) | M8: =IF('🌱 Configuração'!$B$56="","",IF(2<1,"",IF(2>'🌱 Configuração'!$H$6,"",IF(IFERROR(MATCH('🌱 Configuração'!$H$12,{"BioBizz","Remo Nutrients","General Organics","SuperSoil","Genérico"},0),1)=1,IF(2=1,"Solo úmido — estimular raízes",IF(2=2,"Alg·A·Mic recupera e fortalece",IF(2=3,"Início suave de N antes da vega",IF(2=4,"Pronto para vegetativo","")))),IF(IFERROR(MATCH('🌱 Configuração'!$H$12,{"BioBizz","Remo Nutrients","General Organics","SuperSoil","Genérico"},0),1)=2,IF(2=1,"Roots = estimulador de raízes Remo",IF(2=2,"Magnifical = CalMag Remo",IF(2=3,"Introduzir base suave antes da vega",IF(2=4,"Pronto para vega — confirmar raízes","")))),IF(IFERROR(MATCH('🌱 Configuração'!$H$12,{"BioBizz","Remo Nutrients","General Organics","SuperSoil","Genérico"},0),1)=3,IF(2=1,"GO não precisa ajustar pH em solo",IF(2=2,"BioWeed = extrato de algas GO",IF(2=3,"Introduzir BioThrive Grow suave",IF(2=4,"Pronto para vega","")))),IF(IFERROR(MATCH('🌱 Configuração'!$H$12,{"BioBizz","Remo Nutrients","General Organics","SuperSoil","Genérico"},0),1)=4,IF(2=1,"Solo vivo — sem adubação química",IF(2=2,"Manter solo úmido e vivo",IF(2=3,"Farinha de alga = fósforo e K suave",IF(2=4,"Mel de cana alimenta microbioma","")))),IF(2=1,"Personalize suas doses",IF(2=2,"Personalize suas doses",IF(2=3,"Personalize suas doses",IF(2=4,"Personalize suas doses","")))))))))))
B9: =IF(3<='🌱 Configuração'!$H$6,"S3","—") -> — | C9: =IF(3<='🌱 Configuração'!$H$6,'🌱 Configuração'!$B$56+14,"") | D9: =IF('🌱 Configuração'!$B$56="","",IF(3<1,"",IF(3>'🌱 Configuração'!$H$6,"",IF(IFERROR(MATCH('🌱 Configuração'!$H$12,{"BioBizz","Remo Nutrients","General Organics","SuperSoil","Genérico"},0),1)=1,IF(3=1,"Root Juice",IF(3=2,"Root Juice",IF(3=3,"Root Juice",IF(3=4,"Root Juice","")))),IF(IFERROR(MATCH('🌱 Configuração'!$H$12,{"BioBizz","Remo Nutrients","General Organics","SuperSoil","Genérico"},0),1)=2,IF(3=1,"Remo Roots",IF(3=2,"Remo Roots",IF(3=3,"Remo Roots",IF(3=4,"Remo Roots","")))),IF(IFERROR(MATCH('🌱 Configuração'!$H$12,{"BioBizz","Remo Nutrients","General Organics","SuperSoil","Genérico"},0),1)=3,IF(3=1,"BioRoot",IF(3=2,"BioRoot",IF(3=3,"BioRoot",IF(3=4,"BioRoot","")))),IF(IFERROR(MATCH('🌱 Configuração'!$H$12,{"BioBizz","Remo Nutrients","General Organics","SuperSoil","Genérico"},0),1)=4,IF(3=1,"Chá de compostagem",IF(3=2,"Chá de compostagem",IF(3=3,"Cobertura: farinha de alga",IF(3=4,"Molasses 2 mL/L","")))),IF(3=1,"← Preencha",IF(3=2,"← Preencha",IF(3=3,"← Preencha",IF(3=4,"← Preencha",""))))))))))) | E9: =IF('🌱 Configuração'!$B$56="","",IF(3<1,"",IF(3>'🌱 Configuração'!$H$6,"",IF(IFERROR(MATCH('🌱 Configuração'!$H$12,{"BioBizz","Remo Nutrients","General Organics","SuperSoil","Genérico"},0),1)=1,IF(3=1,"0.3 mL/L",IF(3=2,"0.3 mL/L",IF(3=3,"0.5 mL/L",IF(3=4,"0.5 mL/L","")))),IF(IFERROR(MATCH('🌱 Configuração'!$H$12,{"BioBizz","Remo Nutrients","General Organics","SuperSoil","Genérico"},0),1)=2,IF(3=1,"0.5 mL/L",IF(3=2,"1 mL/L",IF(3=3,"1 mL/L",IF(3=4,"1 mL/L","")))),IF(IFERROR(MATCH('🌱 Configuração'!$H$12,{"BioBizz","Remo Nutrients","General Organics","SuperSoil","Genérico"},0),1)=3,IF(3=1,"1.3 mL/L",IF(3=2,"1.3 mL/L",IF(3=3,"2.6 mL/L",IF(3=4,"2.6 mL/L","")))),IF(IFERROR(MATCH('🌱 Configuração'!$H$12,{"BioBizz","Remo Nutrients","General Organics","SuperSoil","Genérico"},0),1)=4,IF(3=1,"1–2L/planta",IF(3=2,"1–2L/planta",IF(3=3,"5g/L solo",IF(3=4,"—","")))),IF(3=1,"—",IF(3=2,"—",IF(3=3,"—",IF(3=4,"—",""))))))))))) | F9: =IF('🌱 Configuração'!$B$56="","",IF(3<1,"",IF(3>'🌱 Configuração'!$H$6,"",IF(IFERROR(MATCH('🌱 Configuração'!$H$12,{"BioBizz","Remo Nutrients","General Organics","SuperSoil","Genérico"},0),1)=1,IF(3=1,"—",IF(3=2,"Alg·A·Mic",IF(3=3,"Bio·Grow",IF(3=4,"Bio·Grow","")))),IF(IFERROR(MATCH('🌱 Configuração'!$H$12,{"BioBizz","Remo Nutrients","General Organics","SuperSoil","Genérico"},0),1)=2,IF(3=1,"Magnifical",IF(3=2,"Magnifical",IF(3=3,"Micro",IF(3=4,"Micro","")))),IF(IFERROR(MATCH('🌱 Configuração'!$H$12,{"BioBizz","Remo Nutrients","General Organics","SuperSoil","Genérico"},0),1)=3,IF(3=1,"CaMg+",IF(3=2,"CaMg+",IF(3=3,"CaMg+",IF(3=4,"CaMg+","")))),IF(IFERROR(MATCH('🌱 Configuração'!$H$12,{"BioBizz","Remo Nutrients","General Organics","SuperSoil","Genérico"},0),1)=4,IF(3=1,"—",IF(3=2,"—",IF(3=3,"—",IF(3=4,"—","")))),IF(3=1,"—",IF(3=2,"—",IF(3=3,"—",IF(3=4,"—",""))))))))))) | G9: =IF('🌱 Configuração'!$B$56="","",IF(3<1,"",IF(3>'🌱 Configuração'!$H$6,"",IF(IFERROR(MATCH('🌱 Configuração'!$H$12,{"BioBizz","Remo Nutrients","General Organics","SuperSoil","Genérico"},0),1)=1,IF(3=1,"—",IF(3=2,"0.5 mL/L",IF(3=3,"0.5 mL/L",IF(3=4,"1 mL/L","")))),IF(IFERROR(MATCH('🌱 Configuração'!$H$12,{"BioBizz","Remo Nutrients","General Organics","SuperSoil","Genérico"},0),1)=2,IF(3=1,"0.5 mL/L",IF(3=2,"0.5 mL/L",IF(3=3,"0.5 mL/L",IF(3=4,"1 mL/L","")))),IF(IFERROR(MATCH('🌱 Configuração'!$H$12,{"BioBizz","Remo Nutrients","General Organics","SuperSoil","Genérico"},0),1)=3,IF(3=1,"1.3 mL/L",IF(3=2,"1.3 mL/L",IF(3=3,"1.3 mL/L",IF(3=4,"1.3 mL/L","")))),IF(IFERROR(MATCH('🌱 Configuração'!$H$12,{"BioBizz","Remo Nutrients","General Organics","SuperSoil","Genérico"},0),1)=4,IF(3=1,"—",IF(3=2,"—",IF(3=3,"—",IF(3=4,"—","")))),IF(3=1,"—",IF(3=2,"—",IF(3=3,"—",IF(3=4,"—",""))))))))))) | H9: =IF('🌱 Configuração'!$B$56="","",IF(3<1,"",IF(3>'🌱 Configuração'!$H$6,"",IF(IFERROR(MATCH('🌱 Configuração'!$H$12,{"BioBizz","Remo Nutrients","General Organics","SuperSoil","Genérico"},0),1)=1,IF(3=1,"—",IF(3=2,"—",IF(3=3,"—",IF(3=4,"—","")))),IF(IFERROR(MATCH('🌱 Configuração'!$H$12,{"BioBizz","Remo Nutrients","General Organics","SuperSoil","Genérico"},0),1)=2,IF(3=1,"—",IF(3=2,"—",IF(3=3,"Grow",IF(3=4,"Grow","")))),IF(IFERROR(MATCH('🌱 Configuração'!$H$12,{"BioBizz","Remo Nutrients","General Organics","SuperSoil","Genérico"},0),1)=3,IF(3=1,"—",IF(3=2,"BioWeed",IF(3=3,"BioThrive G",IF(3=4,"BioThrive G","")))),IF(IFERROR(MATCH('🌱 Configuração'!$H$12,{"BioBizz","Remo Nutrients","General Organics","SuperSoil","Genérico"},0),1)=4,IF(3=1,"—",IF(3=2,"—",IF(3=3,"—",IF(3=4,"—","")))),IF(3=1,"—",IF(3=2,"—",IF(3=3,"—",IF(3=4,"—",""))))))))))) | I9: =IF('🌱 Configuração'!$B$56="","",IF(3<1,"",IF(3>'🌱 Configuração'!$H$6,"",IF(IFERROR(MATCH('🌱 Configuração'!$H$12,{"BioBizz","Remo Nutrients","General Organics","SuperSoil","Genérico"},0),1)=1,IF(3=1,"—",IF(3=2,"—",IF(3=3,"—",IF(3=4,"—","")))),IF(IFERROR(MATCH('🌱 Configuração'!$H$12,{"BioBizz","Remo Nutrients","General Organics","SuperSoil","Genérico"},0),1)=2,IF(3=1,"—",IF(3=2,"—",IF(3=3,"0.5 mL/L",IF(3=4,"1 mL/L","")))),IF(IFERROR(MATCH('🌱 Configuração'!$H$12,{"BioBizz","Remo Nutrients","General Organics","SuperSoil","Genérico"},0),1)=3,IF(3=1,"—",IF(3=2,"0.7 mL/L",IF(3=3,"1.3 mL/L",IF(3=4,"2.6 mL/L","")))),IF(IFERROR(MATCH('🌱 Configuração'!$H$12,{"BioBizz","Remo Nutrients","General Organics","SuperSoil","Genérico"},0),1)=4,IF(3=1,"—",IF(3=2,"—",IF(3=3,"—",IF(3=4,"—","")))),IF(3=1,"—",IF(3=2,"—",IF(3=3,"—",IF(3=4,"—",""))))))))))) | J9: =IF('🌱 Configuração'!$B$56="","",IF(3<1,"",IF(3>'🌱 Configuração'!$H$6,"",IF(IFERROR(MATCH('🌱 Configuração'!$H$12,{"BioBizz","Remo Nutrients","General Organics","SuperSoil","Genérico"},0),1)=1,IF(3=1,"—",IF(3=2,"—",IF(3=3,"—",IF(3=4,"—","")))),IF(IFERROR(MATCH('🌱 Configuração'!$H$12,{"BioBizz","Remo Nutrients","General Organics","SuperSoil","Genérico"},0),1)=2,IF(3=1,"—",IF(3=2,"—",IF(3=3,"—",IF(3=4,"—","")))),IF(IFERROR(MATCH('🌱 Configuração'!$H$12,{"BioBizz","Remo Nutrients","General Organics","SuperSoil","Genérico"},0),1)=3,IF(3=1,"—",IF(3=2,"—",IF(3=3,"—",IF(3=4,"—","")))),IF(IFERROR(MATCH('🌱 Configuração'!$H$12,{"BioBizz","Remo Nutrients","General Organics","SuperSoil","Genérico"},0),1)=4,IF(3=1,"Biorrizas",IF(3=2,"—",IF(3=3,"—",IF(3=4,"Biorrizas","")))),IF(3=1,"—",IF(3=2,"—",IF(3=3,"—",IF(3=4,"—",""))))))))))) | K9: =IF('🌱 Configuração'!$B$56="","",IF(3<1,"",IF(3>'🌱 Configuração'!$H$6,"",IF(IFERROR(MATCH('🌱 Configuração'!$H$12,{"BioBizz","Remo Nutrients","General Organics","SuperSoil","Genérico"},0),1)=1,IF(3=1,"6.2–6.5",IF(3=2,"6.2–6.5",IF(3=3,"6.2–6.5",IF(3=4,"6.2–6.5","")))),IF(IFERROR(MATCH('🌱 Configuração'!$H$12,{"BioBizz","Remo Nutrients","General Organics","SuperSoil","Genérico"},0),1)=2,IF(3=1,"5.8–6.0",IF(3=2,"5.8–6.0",IF(3=3,"5.8–6.2",IF(3=4,"5.8–6.2","")))),IF(IFERROR(MATCH('🌱 Configuração'!$H$12,{"BioBizz","Remo Nutrients","General Organics","SuperSoil","Genérico"},0),1)=3,IF(3=1,"6.2–7.0",IF(3=2,"6.2–7.0",IF(3=3,"6.2–7.0",IF(3=4,"6.2–7.0","")))),IF(IFERROR(MATCH('🌱 Configuração'!$H$12,{"BioBizz","Remo Nutrients","General Organics","SuperSoil","Genérico"},0),1)=4,IF(3=1,"auto",IF(3=2,"auto",IF(3=3,"auto",IF(3=4,"auto","")))),IF(3=1,"—",IF(3=2,"—",IF(3=3,"—",IF(3=4,"—",""))))))))))) | L9: =IF('🌱 Configuração'!$B$56="","",IF(3<1,"",IF(3>'🌱 Configuração'!$H$6,"",IF(IFERROR(MATCH('🌱 Configuração'!$H$12,{"BioBizz","Remo Nutrients","General Organics","SuperSoil","Genérico"},0),1)=1,IF(3=1,"baixo",IF(3=2,"baixo",IF(3=3,"baixo",IF(3=4,"baixo","")))),IF(IFERROR(MATCH('🌱 Configuração'!$H$12,{"BioBizz","Remo Nutrients","General Organics","SuperSoil","Genérico"},0),1)=2,IF(3=1,"baixo",IF(3=2,"baixo",IF(3=3,"0.4",IF(3=4,"0.6","")))),IF(IFERROR(MATCH('🌱 Configuração'!$H$12,{"BioBizz","Remo Nutrients","General Organics","SuperSoil","Genérico"},0),1)=3,IF(3=1,"baixo",IF(3=2,"baixo",IF(3=3,"baixo",IF(3=4,"baixo","")))),IF(IFERROR(MATCH('🌱 Configuração'!$H$12,{"BioBizz","Remo Nutrients","General Organics","SuperSoil","Genérico"},0),1)=4,IF(3=1,"auto",IF(3=2,"auto",IF(3=3,"auto",IF(3=4,"auto","")))),IF(3=1,"—",IF(3=2,"—",IF(3=3,"—",IF(3=4,"—",""))))))))))) | M9: =IF('🌱 Configuração'!$B$56="","",IF(3<1,"",IF(3>'🌱 Configuração'!$H$6,"",IF(IFERROR(MATCH('🌱 Configuração'!$H$12,{"BioBizz","Remo Nutrients","General Organics","SuperSoil","Genérico"},0),1)=1,IF(3=1,"Solo úmido — estimular raízes",IF(3=2,"Alg·A·Mic recupera e fortalece",IF(3=3,"Início suave de N antes da vega",IF(3=4,"Pronto para vegetativo","")))),IF(IFERROR(MATCH('🌱 Configuração'!$H$12,{"BioBizz","Remo Nutrients","General Organics","SuperSoil","Genérico"},0),1)=2,IF(3=1,"Roots = estimulador de raízes Remo",IF(3=2,"Magnifical = CalMag Remo",IF(3=3,"Introduzir base suave antes da vega",IF(3=4,"Pronto para vega — confirmar raízes","")))),IF(IFERROR(MATCH('🌱 Configuração'!$H$12,{"BioBizz","Remo Nutrients","General Organics","SuperSoil","Genérico"},0),1)=3,IF(3=1,"GO não precisa ajustar pH em solo",IF(3=2,"BioWeed = extrato de algas GO",IF(3=3,"Introduzir BioThrive Grow suave",IF(3=4,"Pronto para vega","")))),IF(IFERROR(MATCH('🌱 Configuração'!$H$12,{"BioBizz","Remo Nutrients","General Organics","SuperSoil","Genérico"},0),1)=4,IF(3=1,"Solo vivo — sem adubação química",IF(3=2,"Manter solo úmido e vivo",IF(3=3,"Farinha de alga = fósforo e K suave",IF(3=4,"Mel de cana alimenta microbioma","")))),IF(3=1,"Personalize suas doses",IF(3=2,"Personalize suas doses",IF(3=3,"Personalize suas doses",IF(3=4,"Personalize suas doses","")))))))))))
B10: =IF(4<='🌱 Configuração'!$H$6,"S4","—") -> — | C10: =IF(4<='🌱 Configuração'!$H$6,'🌱 Configuração'!$B$56+21,"") | D10: =IF('🌱 Configuração'!$B$56="","",IF(4<1,"",IF(4>'🌱 Configuração'!$H$6,"",IF(IFERROR(MATCH('🌱 Configuração'!$H$12,{"BioBizz","Remo Nutrients","General Organics","SuperSoil","Genérico"},0),1)=1,IF(4=1,"Root Juice",IF(4=2,"Root Juice",IF(4=3,"Root Juice",IF(4=4,"Root Juice","")))),IF(IFERROR(MATCH('🌱 Configuração'!$H$12,{"BioBizz","Remo Nutrients","General Organics","SuperSoil","Genérico"},0),1)=2,IF(4=1,"Remo Roots",IF(4=2,"Remo Roots",IF(4=3,"Remo Roots",IF(4=4,"Remo Roots","")))),IF(IFERROR(MATCH('🌱 Configuração'!$H$12,{"BioBizz","Remo Nutrients","General Organics","SuperSoil","Genérico"},0),1)=3,IF(4=1,"BioRoot",IF(4=2,"BioRoot",IF(4=3,"BioRoot",IF(4=4,"BioRoot","")))),IF(IFERROR(MATCH('🌱 Configuração'!$H$12,{"BioBizz","Remo Nutrients","General Organics","SuperSoil","Genérico"},0),1)=4,IF(4=1,"Chá de compostagem",IF(4=2,"Chá de compostagem",IF(4=3,"Cobertura: farinha de alga",IF(4=4,"Molasses 2 mL/L","")))),IF(4=1,"← Preencha",IF(4=2,"← Preencha",IF(4=3,"← Preencha",IF(4=4,"← Preencha",""))))))))))) | E10: =IF('🌱 Configuração'!$B$56="","",IF(4<1,"",IF(4>'🌱 Configuração'!$H$6,"",IF(IFERROR(MATCH('🌱 Configuração'!$H$12,{"BioBizz","Remo Nutrients","General Organics","SuperSoil","Genérico"},0),1)=1,IF(4=1,"0.3 mL/L",IF(4=2,"0.3 mL/L",IF(4=3,"0.5 mL/L",IF(4=4,"0.5 mL/L","")))),IF(IFERROR(MATCH('🌱 Configuração'!$H$12,{"BioBizz","Remo Nutrients","General Organics","SuperSoil","Genérico"},0),1)=2,IF(4=1,"0.5 mL/L",IF(4=2,"1 mL/L",IF(4=3,"1 mL/L",IF(4=4,"1 mL/L","")))),IF(IFERROR(MATCH('🌱 Configuração'!$H$12,{"BioBizz","Remo Nutrients","General Organics","SuperSoil","Genérico"},0),1)=3,IF(4=1,"1.3 mL/L",IF(4=2,"1.3 mL/L",IF(4=3,"2.6 mL/L",IF(4=4,"2.6 mL/L","")))),IF(IFERROR(MATCH('🌱 Configuração'!$H$12,{"BioBizz","Remo Nutrients","General Organics","SuperSoil","Genérico"},0),1)=4,IF(4=1,"1–2L/planta",IF(4=2,"1–2L/planta",IF(4=3,"5g/L solo",IF(4=4,"—","")))),IF(4=1,"—",IF(4=2,"—",IF(4=3,"—",IF(4=4,"—",""))))))))))) | F10: =IF('🌱 Configuração'!$B$56="","",IF(4<1,"",IF(4>'🌱 Configuração'!$H$6,"",IF(IFERROR(MATCH('🌱 Configuração'!$H$12,{"BioBizz","Remo Nutrients","General Organics","SuperSoil","Genérico"},0),1)=1,IF(4=1,"—",IF(4=2,"Alg·A·Mic",IF(4=3,"Bio·Grow",IF(4=4,"Bio·Grow","")))),IF(IFERROR(MATCH('🌱 Configuração'!$H$12,{"BioBizz","Remo Nutrients","General Organics","SuperSoil","Genérico"},0),1)=2,IF(4=1,"Magnifical",IF(4=2,"Magnifical",IF(4=3,"Micro",IF(4=4,"Micro","")))),IF(IFERROR(MATCH('🌱 Configuração'!$H$12,{"BioBizz","Remo Nutrients","General Organics","SuperSoil","Genérico"},0),1)=3,IF(4=1,"CaMg+",IF(4=2,"CaMg+",IF(4=3,"CaMg+",IF(4=4,"CaMg+","")))),IF(IFERROR(MATCH('🌱 Configuração'!$H$12,{"BioBizz","Remo Nutrients","General Organics","SuperSoil","Genérico"},0),1)=4,IF(4=1,"—",IF(4=2,"—",IF(4=3,"—",IF(4=4,"—","")))),IF(4=1,"—",IF(4=2,"—",IF(4=3,"—",IF(4=4,"—",""))))))))))) | G10: =IF('🌱 Configuração'!$B$56="","",IF(4<1,"",IF(4>'🌱 Configuração'!$H$6,"",IF(IFERROR(MATCH('🌱 Configuração'!$H$12,{"BioBizz","Remo Nutrients","General Organics","SuperSoil","Genérico"},0),1)=1,IF(4=1,"—",IF(4=2,"0.5 mL/L",IF(4=3,"0.5 mL/L",IF(4=4,"1 mL/L","")))),IF(IFERROR(MATCH('🌱 Configuração'!$H$12,{"BioBizz","Remo Nutrients","General Organics","SuperSoil","Genérico"},0),1)=2,IF(4=1,"0.5 mL/L",IF(4=2,"0.5 mL/L",IF(4=3,"0.5 mL/L",IF(4=4,"1 mL/L","")))),IF(IFERROR(MATCH('🌱 Configuração'!$H$12,{"BioBizz","Remo Nutrients","General Organics","SuperSoil","Genérico"},0),1)=3,IF(4=1,"1.3 mL/L",IF(4=2,"1.3 mL/L",IF(4=3,"1.3 mL/L",IF(4=4,"1.3 mL/L","")))),IF(IFERROR(MATCH('🌱 Configuração'!$H$12,{"BioBizz","Remo Nutrients","General Organics","SuperSoil","Genérico"},0),1)=4,IF(4=1,"—",IF(4=2,"—",IF(4=3,"—",IF(4=4,"—","")))),IF(4=1,"—",IF(4=2,"—",IF(4=3,"—",IF(4=4,"—",""))))))))))) | H10: =IF('🌱 Configuração'!$B$56="","",IF(4<1,"",IF(4>'🌱 Configuração'!$H$6,"",IF(IFERROR(MATCH('🌱 Configuração'!$H$12,{"BioBizz","Remo Nutrients","General Organics","SuperSoil","Genérico"},0),1)=1,IF(4=1,"—",IF(4=2,"—",IF(4=3,"—",IF(4=4,"—","")))),IF(IFERROR(MATCH('🌱 Configuração'!$H$12,{"BioBizz","Remo Nutrients","General Organics","SuperSoil","Genérico"},0),1)=2,IF(4=1,"—",IF(4=2,"—",IF(4=3,"Grow",IF(4=4,"Grow","")))),IF(IFERROR(MATCH('🌱 Configuração'!$H$12,{"BioBizz","Remo Nutrients","General Organics","SuperSoil","Genérico"},0),1)=3,IF(4=1,"—",IF(4=2,"BioWeed",IF(4=3,"BioThrive G",IF(4=4,"BioThrive G","")))),IF(IFERROR(MATCH('🌱 Configuração'!$H$12,{"BioBizz","Remo Nutrients","General Organics","SuperSoil","Genérico"},0),1)=4,IF(4=1,"—",IF(4=2,"—",IF(4=3,"—",IF(4=4,"—","")))),IF(4=1,"—",IF(4=2,"—",IF(4=3,"—",IF(4=4,"—",""))))))))))) | I10: =IF('🌱 Configuração'!$B$56="","",IF(4<1,"",IF(4>'🌱 Configuração'!$H$6,"",IF(IFERROR(MATCH('🌱 Configuração'!$H$12,{"BioBizz","Remo Nutrients","General Organics","SuperSoil","Genérico"},0),1)=1,IF(4=1,"—",IF(4=2,"—",IF(4=3,"—",IF(4=4,"—","")))),IF(IFERROR(MATCH('🌱 Configuração'!$H$12,{"BioBizz","Remo Nutrients","General Organics","SuperSoil","Genérico"},0),1)=2,IF(4=1,"—",IF(4=2,"—",IF(4=3,"0.5 mL/L",IF(4=4,"1 mL/L","")))),IF(IFERROR(MATCH('🌱 Configuração'!$H$12,{"BioBizz","Remo Nutrients","General Organics","SuperSoil","Genérico"},0),1)=3,IF(4=1,"—",IF(4=2,"0.7 mL/L",IF(4=3,"1.3 mL/L",IF(4=4,"2.6 mL/L","")))),IF(IFERROR(MATCH('🌱 Configuração'!$H$12,{"BioBizz","Remo Nutrients","General Organics","SuperSoil","Genérico"},0),1)=4,IF(4=1,"—",IF(4=2,"—",IF(4=3,"—",IF(4=4,"—","")))),IF(4=1,"—",IF(4=2,"—",IF(4=3,"—",IF(4=4,"—",""))))))))))) | J10: =IF('🌱 Configuração'!$B$56="","",IF(4<1,"",IF(4>'🌱 Configuração'!$H$6,"",IF(IFERROR(MATCH('🌱 Configuração'!$H$12,{"BioBizz","Remo Nutrients","General Organics","SuperSoil","Genérico"},0),1)=1,IF(4=1,"—",IF(4=2,"—",IF(4=3,"—",IF(4=4,"—","")))),IF(IFERROR(MATCH('🌱 Configuração'!$H$12,{"BioBizz","Remo Nutrients","General Organics","SuperSoil","Genérico"},0),1)=2,IF(4=1,"—",IF(4=2,"—",IF(4=3,"—",IF(4=4,"—","")))),IF(IFERROR(MATCH('🌱 Configuração'!$H$12,{"BioBizz","Remo Nutrients","General Organics","SuperSoil","Genérico"},0),1)=3,IF(4=1,"—",IF(4=2,"—",IF(4=3,"—",IF(4=4,"—","")))),IF(IFERROR(MATCH('🌱 Configuração'!$H$12,{"BioBizz","Remo Nutrients","General Organics","SuperSoil","Genérico"},0),1)=4,IF(4=1,"Biorrizas",IF(4=2,"—",IF(4=3,"—",IF(4=4,"Biorrizas","")))),IF(4=1,"—",IF(4=2,"—",IF(4=3,"—",IF(4=4,"—",""))))))))))) | K10: =IF('🌱 Configuração'!$B$56="","",IF(4<1,"",IF(4>'🌱 Configuração'!$H$6,"",IF(IFERROR(MATCH('🌱 Configuração'!$H$12,{"BioBizz","Remo Nutrients","General Organics","SuperSoil","Genérico"},0),1)=1,IF(4=1,"6.2–6.5",IF(4=2,"6.2–6.5",IF(4=3,"6.2–6.5",IF(4=4,"6.2–6.5","")))),IF(IFERROR(MATCH('🌱 Configuração'!$H$12,{"BioBizz","Remo Nutrients","General Organics","SuperSoil","Genérico"},0),1)=2,IF(4=1,"5.8–6.0",IF(4=2,"5.8–6.0",IF(4=3,"5.8–6.2",IF(4=4,"5.8–6.2","")))),IF(IFERROR(MATCH('🌱 Configuração'!$H$12,{"BioBizz","Remo Nutrients","General Organics","SuperSoil","Genérico"},0),1)=3,IF(4=1,"6.2–7.0",IF(4=2,"6.2–7.0",IF(4=3,"6.2–7.0",IF(4=4,"6.2–7.0","")))),IF(IFERROR(MATCH('🌱 Configuração'!$H$12,{"BioBizz","Remo Nutrients","General Organics","SuperSoil","Genérico"},0),1)=4,IF(4=1,"auto",IF(4=2,"auto",IF(4=3,"auto",IF(4=4,"auto","")))),IF(4=1,"—",IF(4=2,"—",IF(4=3,"—",IF(4=4,"—",""))))))))))) | L10: =IF('🌱 Configuração'!$B$56="","",IF(4<1,"",IF(4>'🌱 Configuração'!$H$6,"",IF(IFERROR(MATCH('🌱 Configuração'!$H$12,{"BioBizz","Remo Nutrients","General Organics","SuperSoil","Genérico"},0),1)=1,IF(4=1,"baixo",IF(4=2,"baixo",IF(4=3,"baixo",IF(4=4,"baixo","")))),IF(IFERROR(MATCH('🌱 Configuração'!$H$12,{"BioBizz","Remo Nutrients","General Organics","SuperSoil","Genérico"},0),1)=2,IF(4=1,"baixo",IF(4=2,"baixo",IF(4=3,"0.4",IF(4=4,"0.6","")))),IF(IFERROR(MATCH('🌱 Configuração'!$H$12,{"BioBizz","Remo Nutrients","General Organics","SuperSoil","Genérico"},0),1)=3,IF(4=1,"baixo",IF(4=2,"baixo",IF(4=3,"baixo",IF(4=4,"baixo","")))),IF(IFERROR(MATCH('🌱 Configuração'!$H$12,{"BioBizz","Remo Nutrients","General Organics","SuperSoil","Genérico"},0),1)=4,IF(4=1,"auto",IF(4=2,"auto",IF(4=3,"auto",IF(4=4,"auto","")))),IF(4=1,"—",IF(4=2,"—",IF(4=3,"—",IF(4=4,"—",""))))))))))) | M10: =IF('🌱 Configuração'!$B$56="","",IF(4<1,"",IF(4>'🌱 Configuração'!$H$6,"",IF(IFERROR(MATCH('🌱 Configuração'!$H$12,{"BioBizz","Remo Nutrients","General Organics","SuperSoil","Genérico"},0),1)=1,IF(4=1,"Solo úmido — estimular raízes",IF(4=2,"Alg·A·Mic recupera e fortalece",IF(4=3,"Início suave de N antes da vega",IF(4=4,"Pronto para vegetativo","")))),IF(IFERROR(MATCH('🌱 Configuração'!$H$12,{"BioBizz","Remo Nutrients","General Organics","SuperSoil","Genérico"},0),1)=2,IF(4=1,"Roots = estimulador de raízes Remo",IF(4=2,"Magnifical = CalMag Remo",IF(4=3,"Introduzir base suave antes da vega",IF(4=4,"Pronto para vega — confirmar raízes","")))),IF(IFERROR(MATCH('🌱 Configuração'!$H$12,{"BioBizz","Remo Nutrients","General Organics","SuperSoil","Genérico"},0),1)=3,IF(4=1,"GO não precisa ajustar pH em solo",IF(4=2,"BioWeed = extrato de algas GO",IF(4=3,"Introduzir BioThrive Grow suave",IF(4=4,"Pronto para vega","")))),IF(IFERROR(MATCH('🌱 Configuração'!$H$12,{"BioBizz","Remo Nutrients","General Organics","SuperSoil","Genérico"},0),1)=4,IF(4=1,"Solo vivo — sem adubação química",IF(4=2,"Manter solo úmido e vivo",IF(4=3,"Farinha de alga = fósforo e K suave",IF(4=4,"Mel de cana alimenta microbioma","")))),IF(4=1,"Personalize suas doses",IF(4=2,"Personalize suas doses",IF(4=3,"Personalize suas doses",IF(4=4,"Personalize suas doses","")))))))))))
B12: 🌿 VEGETATIVO
B13: Semana | C13: Data início | D13: Produto 1 | E13: Dose 1 | F13: Produto 2 | G13: Dose 2 | H13: Produto 3 | I13: Dose 3 | J13: Suplemento | K13: pH alvo | L13: EC alvo | M13: Observação
B14: =IF(1<='🌱 Configuração'!$H$7,"S1","—") -> S1 | C14: =IF(1<='🌱 Configuração'!$H$7,'🌱 Configuração'!$C$56+0,"") -> 14 | D14: =IF('🌱 Configuração'!$C$56="","",IF(1<1,"",IF(1>'🌱 Configuração'!$H$7,"",IF(IFERROR(MATCH('🌱 Configuração'!$H$12,{"BioBizz","Remo Nutrients","General Organics","SuperSoil","Genérico"},0),1)=1,IF(1=1,"Bio·Grow",IF(1=2,"Bio·Grow",IF(1=3,"Bio·Grow",IF(1=4,"Bio·Grow",IF(1=5,"Bio·Grow",IF(1=6,"Bio·Grow",IF(1=7,"Bio·Grow",IF(1=8,"Bio·Grow","")))))))),IF(IFERROR(MATCH('🌱 Configuração'!$H$12,{"BioBizz","Remo Nutrients","General Organics","SuperSoil","Genérico"},0),1)=2,IF(1=1,"Micro",IF(1=2,"Micro",IF(1=3,"Micro",IF(1=4,"Micro",IF(1=5,"Micro",IF(1=6,"Micro",IF(1=7,"Micro",IF(1=8,"Micro","")))))))),IF(IFERROR(MATCH('🌱 Configuração'!$H$12,{"BioBizz","Remo Nutrients","General Organics","SuperSoil","Genérico"},0),1)=3,IF(1=1,"BioThrive G",IF(1=2,"BioThrive G",IF(1=3,"BioThrive G",IF(1=4,"BioThrive G",IF(1=5,"BioThrive G",IF(1=6,"BioThrive G",IF(1=7,"BioThrive G",IF(1=8,"BioThrive G","")))))))),IF(IFERROR(MATCH('🌱 Configuração'!$H$12,{"BioBizz","Remo Nutrients","General Organics","SuperSoil","Genérico"},0),1)=4,IF(1=1,"Chá de compostagem",IF(1=2,"Cobertura: torta de mamona",IF(1=3,"Molasses 2 mL/L",IF(1=4,"Chá de compostagem",IF(1=5,"Cobertura: farinha de alga",IF(1=6,"Molasses 2 mL/L",IF(1=7,"Cobertura: farinha de osso",IF(1=8,"Chá de compostagem","")))))))),IF(1=1,"← Preencha",IF(1=2,"← Preencha",IF(1=3,"← Preencha",IF(1=4,"← Preencha",IF(1=5,"← Preencha",IF(1=6,"← Preencha",IF(1=7,"← Preencha",IF(1=8,"← Preencha",""))))))))))))))) -> Bio·Grow | E14: =IF('🌱 Configuração'!$C$56="","",IF(1<1,"",IF(1>'🌱 Configuração'!$H$7,"",IF(IFERROR(MATCH('🌱 Configuração'!$H$12,{"BioBizz","Remo Nutrients","General Organics","SuperSoil","Genérico"},0),1)=1,IF(1=1,"1 mL/L",IF(1=2,"2 mL/L",IF(1=3,"2 mL/L",IF(1=4,"3 mL/L",IF(1=5,"4 mL/L",IF(1=6,"4 mL/L",IF(1=7,"4 mL/L",IF(1=8,"4 mL/L","")))))))),IF(IFERROR(MATCH('🌱 Configuração'!$H$12,{"BioBizz","Remo Nutrients","General Organics","SuperSoil","Genérico"},0),1)=2,IF(1=1,"1.3 mL/L",IF(1=2,"1.5 mL/L",IF(1=3,"1.8 mL/L",IF(1=4,"2.1 mL/L",IF(1=5,"2.1 mL/L",IF(1=6,"2.1 mL/L",IF(1=7,"2.1 mL/L",IF(1=8,"2.1 mL/L","")))))))),IF(IFERROR(MATCH('🌱 Configuração'!$H$12,{"BioBizz","Remo Nutrients","General Organics","SuperSoil","Genérico"},0),1)=3,IF(1=1,"1.3 mL/L",IF(1=2,"2.6 mL/L",IF(1=3,"2.6 mL/L",IF(1=4,"2.6 mL/L",IF(1=5,"2.6 mL/L",IF(1=6,"2.6 mL/L",IF(1=7,"1.3 mL/L",IF(1=8,"1.3 mL/L","")))))))),IF(IFERROR(MATCH('🌱 Configuração'!$H$12,{"BioBizz","Remo Nutrients","General Organics","SuperSoil","Genérico"},0),1)=4,IF(1=1,"2L/planta",IF(1=2,"10g/vaso",IF(1=3,"—",IF(1=4,"2L/planta",IF(1=5,"5g/L solo",IF(1=6,"—",IF(1=7,"10g/vaso",IF(1=8,"2L/planta","")))))))),IF(1=1,"—",IF(1=2,"—",IF(1=3,"—",IF(1=4,"—",IF(1=5,"—",IF(1=6,"—",IF(1=7,"—",IF(1=8,"—",""))))))))))))))) -> 1 mL/L | F14: =IF('🌱 Configuração'!$C$56="","",IF(1<1,"",IF(1>'🌱 Configuração'!$H$7,"",IF(IFERROR(MATCH('🌱 Configuração'!$H$12,{"BioBizz","Remo Nutrients","General Organics","SuperSoil","Genérico"},0),1)=1,IF(1=1,"Fish·Mix",IF(1=2,"Fish·Mix",IF(1=3,"Fish·Mix",IF(1=4,"Fish·Mix",IF(1=5,"Fish·Mix",IF(1=6,"—",IF(1=7,"Bio·Bloom",IF(1=8,"Bio·Bloom","")))))))),IF(IFERROR(MATCH('🌱 Configuração'!$H$12,{"BioBizz","Remo Nutrients","General Organics","SuperSoil","Genérico"},0),1)=2,IF(1=1,"Grow",IF(1=2,"Grow",IF(1=3,"Grow",IF(1=4,"Grow",IF(1=5,"Grow",IF(1=6,"Grow",IF(1=7,"Grow",IF(1=8,"Grow","")))))))),IF(IFERROR(MATCH('🌱 Configuração'!$H$12,{"BioBizz","Remo Nutrients","General Organics","SuperSoil","Genérico"},0),1)=3,IF(1=1,"BioRoot",IF(1=2,"BioRoot",IF(1=3,"BioRoot",IF(1=4,"BioRoot",IF(1=5,"CaMg+",IF(1=6,"BioThrive B",IF(1=7,"BioThrive B",IF(1=8,"BioThrive B","")))))))),IF(IFERROR(MATCH('🌱 Configuração'!$H$12,{"BioBizz","Remo Nutrients","General Organics","SuperSoil","Genérico"},0),1)=4,IF(1=1,"—",IF(1=2,"Cobertura: farinha de osso",IF(1=3,"—",IF(1=4,"—",IF(1=5,"Cobertura: cinzas de madeira",IF(1=6,"—",IF(1=7,"Cobertura: guano de morcego",IF(1=8,"—","")))))))),IF(1=1,"—",IF(1=2,"—",IF(1=3,"—",IF(1=4,"—",IF(1=5,"—",IF(1=6,"—",IF(1=7,"—",IF(1=8,"—",""))))))))))))))) -> Fish·Mix | G14: =IF('🌱 Configuração'!$C$56="","",IF(1<1,"",IF(1>'🌱 Configuração'!$H$7,"",IF(IFERROR(MATCH('🌱 Configuração'!$H$12,{"BioBizz","Remo Nutrients","General Organics","SuperSoil","Genérico"},0),1)=1,IF(1=1,"1 mL/L",IF(1=2,"2 mL/L",IF(1=3,"2 mL/L",IF(1=4,"3 mL/L",IF(1=5,"3 mL/L",IF(1=6,"—",IF(1=7,"1 mL/L",IF(1=8,"2 mL/L","")))))))),IF(IFERROR(MATCH('🌱 Configuração'!$H$12,{"BioBizz","Remo Nutrients","General Organics","SuperSoil","Genérico"},0),1)=2,IF(1=1,"1.3 mL/L",IF(1=2,"1.5 mL/L",IF(1=3,"1.8 mL/L",IF(1=4,"2.1 mL/L",IF(1=5,"2.1 mL/L",IF(1=6,"2.1 mL/L",IF(1=7,"1.0 mL/L",IF(1=8,"0.5 mL/L","")))))))),IF(IFERROR(MATCH('🌱 Configuração'!$H$12,{"BioBizz","Remo Nutrients","General Organics","SuperSoil","Genérico"},0),1)=3,IF(1=1,"2.6 mL/L",IF(1=2,"2.6 mL/L",IF(1=3,"2.6 mL/L",IF(1=4,"1.3 mL/L",IF(1=5,"1.3 mL/L",IF(1=6,"1.3 mL/L",IF(1=7,"2.6 mL/L",IF(1=8,"2.6 mL/L","")))))))),IF(IFERROR(MATCH('🌱 Configuração'!$H$12,{"BioBizz","Remo Nutrients","General Organics","SuperSoil","Genérico"},0),1)=4,IF(1=1,"—",IF(1=2,"10g/vaso",IF(1=3,"—",IF(1=4,"—",IF(1=5,"3g/L",IF(1=6,"—",IF(1=7,"5g/L",IF(1=8,"—","")))))))),IF(1=1,"—",IF(1=2,"—",IF(1=3,"—",IF(1=4,"—",IF(1=5,"—",IF(1=6,"—",IF(1=7,"—",IF(1=8,"—",""))))))))))))))) -> 1 mL/L | H14: =IF('🌱 Configuração'!$C$56="","",IF(1<1,"",IF(1>'🌱 Configuração'!$H$7,"",IF(IFERROR(MATCH('🌱 Configuração'!$H$12,{"BioBizz","Remo Nutrients","General Organics","SuperSoil","Genérico"},0),1)=1,IF(1=1,"—",IF(1=2,"—",IF(1=3,"—",IF(1=4,"—",IF(1=5,"—",IF(1=6,"—",IF(1=7,"—",IF(1=8,"—","")))))))),IF(IFERROR(MATCH('🌱 Configuração'!$H$12,{"BioBizz","Remo Nutrients","General Organics","SuperSoil","Genérico"},0),1)=2,IF(1=1,"—",IF(1=2,"—",IF(1=3,"—",IF(1=4,"—",IF(1=5,"—",IF(1=6,"Bloom",IF(1=7,"Bloom",IF(1=8,"Bloom","")))))))),IF(IFERROR(MATCH('🌱 Configuração'!$H$12,{"BioBizz","Remo Nutrients","General Organics","SuperSoil","Genérico"},0),1)=3,IF(1=1,"CaMg+",IF(1=2,"CaMg+",IF(1=3,"CaMg+",IF(1=4,"CaMg+",IF(1=5,"—",IF(1=6,"CaMg+",IF(1=7,"CaMg+",IF(1=8,"CaMg+","")))))))),IF(IFERROR(MATCH('🌱 Configuração'!$H$12,{"BioBizz","Remo Nutrients","General Organics","SuperSoil","Genérico"},0),1)=4,IF(1=1,"—",IF(1=2,"—",IF(1=3,"—",IF(1=4,"—",IF(1=5,"—",IF(1=6,"—",IF(1=7,"—",IF(1=8,"—","")))))))),IF(1=1,"—",IF(1=2,"—",IF(1=3,"—",IF(1=4,"—",IF(1=5,"—",IF(1=6,"—",IF(1=7,"—",IF(1=8,"—",""))))))))))))))) -> — | I14: =IF('🌱 Configuração'!$C$56="","",IF(1<1,"",IF(1>'🌱 Configuração'!$H$7,"",IF(IFERROR(MATCH('🌱 Configuração'!$H$12,{"BioBizz","Remo Nutrients","General Organics","SuperSoil","Genérico"},0),1)=1,IF(1=1,"—",IF(1=2,"—",IF(1=3,"—",IF(1=4,"—",IF(1=5,"—",IF(1=6,"—",IF(1=7,"—",IF(1=8,"—","")))))))),IF(IFERROR(MATCH('🌱 Configuração'!$H$12,{"BioBizz","Remo Nutrients","General Organics","SuperSoil","Genérico"},0),1)=2,IF(1=1,"—",IF(1=2,"—",IF(1=3,"—",IF(1=4,"—",IF(1=5,"—",IF(1=6,"1.0 mL/L",IF(1=7,"2.1 mL/L",IF(1=8,"2.1 mL/L","")))))))),IF(IFERROR(MATCH('🌱 Configuração'!$H$12,{"BioBizz","Remo Nutrients","General Organics","SuperSoil","Genérico"},0),1)=3,IF(1=1,"1.3 mL/L",IF(1=2,"1.3 mL/L",IF(1=3,"1.3 mL/L",IF(1=4,"1.3 mL/L",IF(1=5,"—",IF(1=6,"1.3 mL/L",IF(1=7,"1.3 mL/L",IF(1=8,"1.3 mL/L","")))))))),IF(IFERROR(MATCH('🌱 Configuração'!$H$12,{"BioBizz","Remo Nutrients","General Organics","SuperSoil","Genérico"},0),1)=4,IF(1=1,"—",IF(1=2,"—",IF(1=3,"—",IF(1=4,"—",IF(1=5,"—",IF(1=6,"—",IF(1=7,"—",IF(1=8,"—","")))))))),IF(1=1,"—",IF(1=2,"—",IF(1=3,"—",IF(1=4,"—",IF(1=5,"—",IF(1=6,"—",IF(1=7,"—",IF(1=8,"—",""))))))))))))))) -> — | J14: =IF('🌱 Configuração'!$C$56="","",IF(1<1,"",IF(1>'🌱 Configuração'!$H$7,"",IF(IFERROR(MATCH('🌱 Configuração'!$H$12,{"BioBizz","Remo Nutrients","General Organics","SuperSoil","Genérico"},0),1)=1,IF(1=1,"Alg·A·Mic 1mL",IF(1=2,"—",IF(1=3,"Alg·A·Mic 1mL",IF(1=4,"—",IF(1=5,"Alg·A·Mic 1mL",IF(1=6,"—",IF(1=7,"—",IF(1=8,"—","")))))))),IF(IFERROR(MATCH('🌱 Configuração'!$H$12,{"BioBizz","Remo Nutrients","General Organics","SuperSoil","Genérico"},0),1)=2,IF(1=1,"Magnifical 0.5",IF(1=2,"Magnifical 0.5",IF(1=3,"Magnifical 1.0",IF(1=4,"Magnifical 1.0",IF(1=5,"Magnifical 1.0",IF(1=6,"Magnifical 1.0",IF(1=7,"—",IF(1=8,"—","")))))))),IF(IFERROR(MATCH('🌱 Configuração'!$H$12,{"BioBizz","Remo Nutrients","General Organics","SuperSoil","Genérico"},0),1)=3,IF(1=1,"BioWeed 0.7",IF(1=2,"BioWeed 0.7",IF(1=3,"—",IF(1=4,"—",IF(1=5,"—",IF(1=6,"—",IF(1=7,"—",IF(1=8,"—","")))))))),IF(IFERROR(MATCH('🌱 Configuração'!$H$12,{"BioBizz","Remo Nutrients","General Organics","SuperSoil","Genérico"},0),1)=4,IF(1=1,"Vermicomposto",IF(1=2,"—",IF(1=3,"—",IF(1=4,"—",IF(1=5,"—",IF(1=6,"Microrganismos",IF(1=7,"—",IF(1=8,"—","")))))))),IF(1=1,"—",IF(1=2,"—",IF(1=3,"—",IF(1=4,"—",IF(1=5,"—",IF(1=6,"—",IF(1=7,"—",IF(1=8,"—",""))))))))))))))) -> Alg·A·Mic 1mL | K14: =IF('🌱 Configuração'!$C$56="","",IF(1<1,"",IF(1>'🌱 Configuração'!$H$7,"",IF(IFERROR(MATCH('🌱 Configuração'!$H$12,{"BioBizz","Remo Nutrients","General Organics","SuperSoil","Genérico"},0),1)=1,IF(1=1,"6.2–6.5",IF(1=2,"6.2–6.5",IF(1=3,"6.2–6.5",IF(1=4,"6.2–6.5",IF(1=5,"6.2–6.5",IF(1=6,"6.2–6.5",IF(1=7,"6.2–6.5",IF(1=8,"6.2–6.5","")))))))),IF(IFERROR(MATCH('🌱 Configuração'!$H$12,{"BioBizz","Remo Nutrients","General Organics","SuperSoil","Genérico"},0),1)=2,IF(1=1,"6.0–6.3",IF(1=2,"6.0–6.3",IF(1=3,"6.0–6.3",IF(1=4,"6.0–6.3",IF(1=5,"6.0–6.3",IF(1=6,"6.0–6.3",IF(1=7,"6.0–6.3",IF(1=8,"6.0–6.3","")))))))),IF(IFERROR(MATCH('🌱 Configuração'!$H$12,{"BioBizz","Remo Nutrients","General Organics","SuperSoil","Genérico"},0),1)=3,IF(1=1,"6.2–7.0",IF(1=2,"6.2–7.0",IF(1=3,"6.2–7.0",IF(1=4,"6.2–7.0",IF(1=5,"6.2–7.0",IF(1=6,"6.2–7.0",IF(1=7,"6.2–7.0",IF(1=8,"6.2–7.0","")))))))),IF(IFERROR(MATCH('🌱 Configuração'!$H$12,{"BioBizz","Remo Nutrients","General Organics","SuperSoil","Genérico"},0),1)=4,IF(1=1,"auto",IF(1=2,"auto",IF(1=3,"auto",IF(1=4,"auto",IF(1=5,"auto",IF(1=6,"auto",IF(1=7,"auto",IF(1=8,"auto","")))))))),IF(1=1,"—",IF(1=2,"—",IF(1=3,"—",IF(1=4,"—",IF(1=5,"—",IF(1=6,"—",IF(1=7,"—",IF(1=8,"—",""))))))))))))))) -> 6.2–6.5 | L14: =IF('🌱 Configuração'!$C$56="","",IF(1<1,"",IF(1>'🌱 Configuração'!$H$7,"",IF(IFERROR(MATCH('🌱 Configuração'!$H$12,{"BioBizz","Remo Nutrients","General Organics","SuperSoil","Genérico"},0),1)=1,IF(1=1,"0.8",IF(1=2,"1.0",IF(1=3,"1.2",IF(1=4,"1.4",IF(1=5,"1.5",IF(1=6,"1.4",IF(1=7,"1.4",IF(1=8,"1.4","")))))))),IF(IFERROR(MATCH('🌱 Configuração'!$H$12,{"BioBizz","Remo Nutrients","General Organics","SuperSoil","Genérico"},0),1)=2,IF(1=1,"0.8",IF(1=2,"1.0",IF(1=3,"1.2",IF(1=4,"1.4",IF(1=5,"1.5",IF(1=6,"1.5",IF(1=7,"1.4",IF(1=8,"1.4","")))))))),IF(IFERROR(MATCH('🌱 Configuração'!$H$12,{"BioBizz","Remo Nutrients","General Organics","SuperSoil","Genérico"},0),1)=3,IF(1=1,"N/A",IF(1=2,"N/A",IF(1=3,"N/A",IF(1=4,"N/A",IF(1=5,"N/A",IF(1=6,"N/A",IF(1=7,"N/A",IF(1=8,"N/A","")))))))),IF(IFERROR(MATCH('🌱 Configuração'!$H$12,{"BioBizz","Remo Nutrients","General Organics","SuperSoil","Genérico"},0),1)=4,IF(1=1,"auto",IF(1=2,"auto",IF(1=3,"auto",IF(1=4,"auto",IF(1=5,"auto",IF(1=6,"auto",IF(1=7,"auto",IF(1=8,"auto","")))))))),IF(1=1,"—",IF(1=2,"—",IF(1=3,"—",IF(1=4,"—",IF(1=5,"—",IF(1=6,"—",IF(1=7,"—",IF(1=8,"—",""))))))))))))))) -> 0.8 | M14: =IF('🌱 Configuração'!$C$56="","",IF(1<1,"",IF(1>'🌱 Configuração'!$H$7,"",IF(IFERROR(MATCH('🌱 Configuração'!$H$12,{"BioBizz","Remo Nutrients","General Organics","SuperSoil","Genérico"},0),1)=1,IF(1=1,"Fish·Mix em veg = mais N orgânico",IF(1=2,"Aumentar progressivamente",IF(1=3,"Foliar: Fish·Mix + Alg·A·Mic 1mL/L",IF(1=4,"LST / estrutura vegetativa",IF(1=5,"Pré-floração — reduzir Fish·Mix",IF(1=6,"Substituir Fish·Mix por Bio·Grow antes da flora",IF(1=7,"Semana de transição — introduzir Bloom",IF(1=8,"Semana extra de vega","")))))))),IF(IFERROR(MATCH('🌱 Configuração'!$H$12,{"BioBizz","Remo Nutrients","General Organics","SuperSoil","Genérico"},0),1)=2,IF(1=1,"Micro+Grow = base Remo para vega",IF(1=2,"Aumentar conforme tabela oficial",IF(1=3,"Semana 3 da tabela Remo",IF(1=4,"Semana 4 da tabela Remo — pico vega",IF(1=5,"Manter se continuar vega",IF(1=6,"Introduzir Bloom — transição",IF(1=7,"Reduzir Grow, aumentar Bloom",IF(1=8,"Semana extra de vega","")))))))),IF(IFERROR(MATCH('🌱 Configuração'!$H$12,{"BioBizz","Remo Nutrients","General Organics","SuperSoil","Genérico"},0),1)=3,IF(1=1,"GO não requer EC — pH auto-regula",IF(1=2,"Sem necessidade de ajuste pH em solo",IF(1=3,"Semana 3 veg GO",IF(1=4,"Reduzir BioRoot gradualmente",IF(1=5,"Manter Grow puro na vega",IF(1=6,"Semana transição — introduzir Bloom",IF(1=7,"Transição flora — reduzir Grow",IF(1=8,"Semana extra de vega GO","")))))))),IF(IFERROR(MATCH('🌱 Configuração'!$H$12,{"BioBizz","Remo Nutrients","General Organics","SuperSoil","Genérico"},0),1)=4,IF(1=1,"SuperSoil já contém todos os nutrientes",IF(1=2,"Torta de mamona = N lento | Osso = P",IF(1=3,"Mel de cana alimenta fungos e bactérias",IF(1=4,"Observar vigor — solo vivo trabalha",IF(1=5,"Alga = micro. | Cinzas = K e Ca",IF(1=6,"Pré-flora — ativar P e K no solo",IF(1=7,"Guano P alto = preparo para flora",IF(1=8,"Semana extra de vega SuperSoil","")))))))),IF(1=1,"Personalize suas doses",IF(1=2,"Personalize suas doses",IF(1=3,"Personalize suas doses",IF(1=4,"Personalize suas doses",IF(1=5,"Personalize suas doses",IF(1=6,"Personalize suas doses",IF(1=7,"Personalize suas doses",IF(1=8,"Personalize suas doses",""))))))))))))))) -> Fish·Mix em veg = mais N orgânico
B15: =IF(2<='🌱 Configuração'!$H$7,"S2","—") -> S2 | C15: =IF(2<='🌱 Configuração'!$H$7,'🌱 Configuração'!$C$56+7,"") -> 21 | D15: =IF('🌱 Configuração'!$C$56="","",IF(2<1,"",IF(2>'🌱 Configuração'!$H$7,"",IF(IFERROR(MATCH('🌱 Configuração'!$H$12,{"BioBizz","Remo Nutrients","General Organics","SuperSoil","Genérico"},0),1)=1,IF(2=1,"Bio·Grow",IF(2=2,"Bio·Grow",IF(2=3,"Bio·Grow",IF(2=4,"Bio·Grow",IF(2=5,"Bio·Grow",IF(2=6,"Bio·Grow",IF(2=7,"Bio·Grow",IF(2=8,"Bio·Grow","")))))))),IF(IFERROR(MATCH('🌱 Configuração'!$H$12,{"BioBizz","Remo Nutrients","General Organics","SuperSoil","Genérico"},0),1)=2,IF(2=1,"Micro",IF(2=2,"Micro",IF(2=3,"Micro",IF(2=4,"Micro",IF(2=5,"Micro",IF(2=6,"Micro",IF(2=7,"Micro",IF(2=8,"Micro","")))))))),IF(IFERROR(MATCH('🌱 Configuração'!$H$12,{"BioBizz","Remo Nutrients","General Organics","SuperSoil","Genérico"},0),1)=3,IF(2=1,"BioThrive G",IF(2=2,"BioThrive G",IF(2=3,"BioThrive G",IF(2=4,"BioThrive G",IF(2=5,"BioThrive G",IF(2=6,"BioThrive G",IF(2=7,"BioThrive G",IF(2=8,"BioThrive G","")))))))),IF(IFERROR(MATCH('🌱 Configuração'!$H$12,{"BioBizz","Remo Nutrients","General Organics","SuperSoil","Genérico"},0),1)=4,IF(2=1,"Chá de compostagem",IF(2=2,"Cobertura: torta de mamona",IF(2=3,"Molasses 2 mL/L",IF(2=4,"Chá de compostagem",IF(2=5,"Cobertura: farinha de alga",IF(2=6,"Molasses 2 mL/L",IF(2=7,"Cobertura: farinha de osso",IF(2=8,"Chá de compostagem","")))))))),IF(2=1,"← Preencha",IF(2=2,"← Preencha",IF(2=3,"← Preencha",IF(2=4,"← Preencha",IF(2=5,"← Preencha",IF(2=6,"← Preencha",IF(2=7,"← Preencha",IF(2=8,"← Preencha",""))))))))))))))) -> Bio·Grow | E15: =IF('🌱 Configuração'!$C$56="","",IF(2<1,"",IF(2>'🌱 Configuração'!$H$7,"",IF(IFERROR(MATCH('🌱 Configuração'!$H$12,{"BioBizz","Remo Nutrients","General Organics","SuperSoil","Genérico"},0),1)=1,IF(2=1,"1 mL/L",IF(2=2,"2 mL/L",IF(2=3,"2 mL/L",IF(2=4,"3 mL/L",IF(2=5,"4 mL/L",IF(2=6,"4 mL/L",IF(2=7,"4 mL/L",IF(2=8,"4 mL/L","")))))))),IF(IFERROR(MATCH('🌱 Configuração'!$H$12,{"BioBizz","Remo Nutrients","General Organics","SuperSoil","Genérico"},0),1)=2,IF(2=1,"1.3 mL/L",IF(2=2,"1.5 mL/L",IF(2=3,"1.8 mL/L",IF(2=4,"2.1 mL/L",IF(2=5,"2.1 mL/L",IF(2=6,"2.1 mL/L",IF(2=7,"2.1 mL/L",IF(2=8,"2.1 mL/L","")))))))),IF(IFERROR(MATCH('🌱 Configuração'!$H$12,{"BioBizz","Remo Nutrients","General Organics","SuperSoil","Genérico"},0),1)=3,IF(2=1,"1.3 mL/L",IF(2=2,"2.6 mL/L",IF(2=3,"2.6 mL/L",IF(2=4,"2.6 mL/L",IF(2=5,"2.6 mL/L",IF(2=6,"2.6 mL/L",IF(2=7,"1.3 mL/L",IF(2=8,"1.3 mL/L","")))))))),IF(IFERROR(MATCH('🌱 Configuração'!$H$12,{"BioBizz","Remo Nutrients","General Organics","SuperSoil","Genérico"},0),1)=4,IF(2=1,"2L/planta",IF(2=2,"10g/vaso",IF(2=3,"—",IF(2=4,"2L/planta",IF(2=5,"5g/L solo",IF(2=6,"—",IF(2=7,"10g/vaso",IF(2=8,"2L/planta","")))))))),IF(2=1,"—",IF(2=2,"—",IF(2=3,"—",IF(2=4,"—",IF(2=5,"—",IF(2=6,"—",IF(2=7,"—",IF(2=8,"—",""))))))))))))))) -> 2 mL/L | F15: =IF('🌱 Configuração'!$C$56="","",IF(2<1,"",IF(2>'🌱 Configuração'!$H$7,"",IF(IFERROR(MATCH('🌱 Configuração'!$H$12,{"BioBizz","Remo Nutrients","General Organics","SuperSoil","Genérico"},0),1)=1,IF(2=1,"Fish·Mix",IF(2=2,"Fish·Mix",IF(2=3,"Fish·Mix",IF(2=4,"Fish·Mix",IF(2=5,"Fish·Mix",IF(2=6,"—",IF(2=7,"Bio·Bloom",IF(2=8,"Bio·Bloom","")))))))),IF(IFERROR(MATCH('🌱 Configuração'!$H$12,{"BioBizz","Remo Nutrients","General Organics","SuperSoil","Genérico"},0),1)=2,IF(2=1,"Grow",IF(2=2,"Grow",IF(2=3,"Grow",IF(2=4,"Grow",IF(2=5,"Grow",IF(2=6,"Grow",IF(2=7,"Grow",IF(2=8,"Grow","")))))))),IF(IFERROR(MATCH('🌱 Configuração'!$H$12,{"BioBizz","Remo Nutrients","General Organics","SuperSoil","Genérico"},0),1)=3,IF(2=1,"BioRoot",IF(2=2,"BioRoot",IF(2=3,"BioRoot",IF(2=4,"BioRoot",IF(2=5,"CaMg+",IF(2=6,"BioThrive B",IF(2=7,"BioThrive B",IF(2=8,"BioThrive B","")))))))),IF(IFERROR(MATCH('🌱 Configuração'!$H$12,{"BioBizz","Remo Nutrients","General Organics","SuperSoil","Genérico"},0),1)=4,IF(2=1,"—",IF(2=2,"Cobertura: farinha de osso",IF(2=3,"—",IF(2=4,"—",IF(2=5,"Cobertura: cinzas de madeira",IF(2=6,"—",IF(2=7,"Cobertura: guano de morcego",IF(2=8,"—","")))))))),IF(2=1,"—",IF(2=2,"—",IF(2=3,"—",IF(2=4,"—",IF(2=5,"—",IF(2=6,"—",IF(2=7,"—",IF(2=8,"—",""))))))))))))))) -> Fish·Mix | G15: =IF('🌱 Configuração'!$C$56="","",IF(2<1,"",IF(2>'🌱 Configuração'!$H$7,"",IF(IFERROR(MATCH('🌱 Configuração'!$H$12,{"BioBizz","Remo Nutrients","General Organics","SuperSoil","Genérico"},0),1)=1,IF(2=1,"1 mL/L",IF(2=2,"2 mL/L",IF(2=3,"2 mL/L",IF(2=4,"3 mL/L",IF(2=5,"3 mL/L",IF(2=6,"—",IF(2=7,"1 mL/L",IF(2=8,"2 mL/L","")))))))),IF(IFERROR(MATCH('🌱 Configuração'!$H$12,{"BioBizz","Remo Nutrients","General Organics","SuperSoil","Genérico"},0),1)=2,IF(2=1,"1.3 mL/L",IF(2=2,"1.5 mL/L",IF(2=3,"1.8 mL/L",IF(2=4,"2.1 mL/L",IF(2=5,"2.1 mL/L",IF(2=6,"2.1 mL/L",IF(2=7,"1.0 mL/L",IF(2=8,"0.5 mL/L","")))))))),IF(IFERROR(MATCH('🌱 Configuração'!$H$12,{"BioBizz","Remo Nutrients","General Organics","SuperSoil","Genérico"},0),1)=3,IF(2=1,"2.6 mL/L",IF(2=2,"2.6 mL/L",IF(2=3,"2.6 mL/L",IF(2=4,"1.3 mL/L",IF(2=5,"1.3 mL/L",IF(2=6,"1.3 mL/L",IF(2=7,"2.6 mL/L",IF(2=8,"2.6 mL/L","")))))))),IF(IFERROR(MATCH('🌱 Configuração'!$H$12,{"BioBizz","Remo Nutrients","General Organics","SuperSoil","Genérico"},0),1)=4,IF(2=1,"—",IF(2=2,"10g/vaso",IF(2=3,"—",IF(2=4,"—",IF(2=5,"3g/L",IF(2=6,"—",IF(2=7,"5g/L",IF(2=8,"—","")))))))),IF(2=1,"—",IF(2=2,"—",IF(2=3,"—",IF(2=4,"—",IF(2=5,"—",IF(2=6,"—",IF(2=7,"—",IF(2=8,"—",""))))))))))))))) -> 2 mL/L | H15: =IF('🌱 Configuração'!$C$56="","",IF(2<1,"",IF(2>'🌱 Configuração'!$H$7,"",IF(IFERROR(MATCH('🌱 Configuração'!$H$12,{"BioBizz","Remo Nutrients","General Organics","SuperSoil","Genérico"},0),1)=1,IF(2=1,"—",IF(2=2,"—",IF(2=3,"—",IF(2=4,"—",IF(2=5,"—",IF(2=6,"—",IF(2=7,"—",IF(2=8,"—","")))))))),IF(IFERROR(MATCH('🌱 Configuração'!$H$12,{"BioBizz","Remo Nutrients","General Organics","SuperSoil","Genérico"},0),1)=2,IF(2=1,"—",IF(2=2,"—",IF(2=3,"—",IF(2=4,"—",IF(2=5,"—",IF(2=6,"Bloom",IF(2=7,"Bloom",IF(2=8,"Bloom","")))))))),IF(IFERROR(MATCH('🌱 Configuração'!$H$12,{"BioBizz","Remo Nutrients","General Organics","SuperSoil","Genérico"},0),1)=3,IF(2=1,"CaMg+",IF(2=2,"CaMg+",IF(2=3,"CaMg+",IF(2=4,"CaMg+",IF(2=5,"—",IF(2=6,"CaMg+",IF(2=7,"CaMg+",IF(2=8,"CaMg+","")))))))),IF(IFERROR(MATCH('🌱 Configuração'!$H$12,{"BioBizz","Remo Nutrients","General Organics","SuperSoil","Genérico"},0),1)=4,IF(2=1,"—",IF(2=2,"—",IF(2=3,"—",IF(2=4,"—",IF(2=5,"—",IF(2=6,"—",IF(2=7,"—",IF(2=8,"—","")))))))),IF(2=1,"—",IF(2=2,"—",IF(2=3,"—",IF(2=4,"—",IF(2=5,"—",IF(2=6,"—",IF(2=7,"—",IF(2=8,"—",""))))))))))))))) -> — | I15: =IF('🌱 Configuração'!$C$56="","",IF(2<1,"",IF(2>'🌱 Configuração'!$H$7,"",IF(IFERROR(MATCH('🌱 Configuração'!$H$12,{"BioBizz","Remo Nutrients","General Organics","SuperSoil","Genérico"},0),1)=1,IF(2=1,"—",IF(2=2,"—",IF(2=3,"—",IF(2=4,"—",IF(2=5,"—",IF(2=6,"—",IF(2=7,"—",IF(2=8,"—","")))))))),IF(IFERROR(MATCH('🌱 Configuração'!$H$12,{"BioBizz","Remo Nutrients","General Organics","SuperSoil","Genérico"},0),1)=2,IF(2=1,"—",IF(2=2,"—",IF(2=3,"—",IF(2=4,"—",IF(2=5,"—",IF(2=6,"1.0 mL/L",IF(2=7,"2.1 mL/L",IF(2=8,"2.1 mL/L","")))))))),IF(IFERROR(MATCH('🌱 Configuração'!$H$12,{"BioBizz","Remo Nutrients","General Organics","SuperSoil","Genérico"},0),1)=3,IF(2=1,"1.3 mL/L",IF(2=2,"1.3 mL/L",IF(2=3,"1.3 mL/L",IF(2=4,"1.3 mL/L",IF(2=5,"—",IF(2=6,"1.3 mL/L",IF(2=7,"1.3 mL/L",IF(2=8,"1.3 mL/L","")))))))),IF(IFERROR(MATCH('🌱 Configuração'!$H$12,{"BioBizz","Remo Nutrients","General Organics","SuperSoil","Genérico"},0),1)=4,IF(2=1,"—",IF(2=2,"—",IF(2=3,"—",IF(2=4,"—",IF(2=5,"—",IF(2=6,"—",IF(2=7,"—",IF(2=8,"—","")))))))),IF(2=1,"—",IF(2=2,"—",IF(2=3,"—",IF(2=4,"—",IF(2=5,"—",IF(2=6,"—",IF(2=7,"—",IF(2=8,"—",""))))))))))))))) -> — | J15: =IF('🌱 Configuração'!$C$56="","",IF(2<1,"",IF(2>'🌱 Configuração'!$H$7,"",IF(IFERROR(MATCH('🌱 Configuração'!$H$12,{"BioBizz","Remo Nutrients","General Organics","SuperSoil","Genérico"},0),1)=1,IF(2=1,"Alg·A·Mic 1mL",IF(2=2,"—",IF(2=3,"Alg·A·Mic 1mL",IF(2=4,"—",IF(2=5,"Alg·A·Mic 1mL",IF(2=6,"—",IF(2=7,"—",IF(2=8,"—","")))))))),IF(IFERROR(MATCH('🌱 Configuração'!$H$12,{"BioBizz","Remo Nutrients","General Organics","SuperSoil","Genérico"},0),1)=2,IF(2=1,"Magnifical 0.5",IF(2=2,"Magnifical 0.5",IF(2=3,"Magnifical 1.0",IF(2=4,"Magnifical 1.0",IF(2=5,"Magnifical 1.0",IF(2=6,"Magnifical 1.0",IF(2=7,"—",IF(2=8,"—","")))))))),IF(IFERROR(MATCH('🌱 Configuração'!$H$12,{"BioBizz","Remo Nutrients","General Organics","SuperSoil","Genérico"},0),1)=3,IF(2=1,"BioWeed 0.7",IF(2=2,"BioWeed 0.7",IF(2=3,"—",IF(2=4,"—",IF(2=5,"—",IF(2=6,"—",IF(2=7,"—",IF(2=8,"—","")))))))),IF(IFERROR(MATCH('🌱 Configuração'!$H$12,{"BioBizz","Remo Nutrients","General Organics","SuperSoil","Genérico"},0),1)=4,IF(2=1,"Vermicomposto",IF(2=2,"—",IF(2=3,"—",IF(2=4,"—",IF(2=5,"—",IF(2=6,"Microrganismos",IF(2=7,"—",IF(2=8,"—","")))))))),IF(2=1,"—",IF(2=2,"—",IF(2=3,"—",IF(2=4,"—",IF(2=5,"—",IF(2=6,"—",IF(2=7,"—",IF(2=8,"—",""))))))))))))))) -> — | K15: =IF('🌱 Configuração'!$C$56="","",IF(2<1,"",IF(2>'🌱 Configuração'!$H$7,"",IF(IFERROR(MATCH('🌱 Configuração'!$H$12,{"BioBizz","Remo Nutrients","General Organics","SuperSoil","Genérico"},0),1)=1,IF(2=1,"6.2–6.5",IF(2=2,"6.2–6.5",IF(2=3,"6.2–6.5",IF(2=4,"6.2–6.5",IF(2=5,"6.2–6.5",IF(2=6,"6.2–6.5",IF(2=7,"6.2–6.5",IF(2=8,"6.2–6.5","")))))))),IF(IFERROR(MATCH('🌱 Configuração'!$H$12,{"BioBizz","Remo Nutrients","General Organics","SuperSoil","Genérico"},0),1)=2,IF(2=1,"6.0–6.3",IF(2=2,"6.0–6.3",IF(2=3,"6.0–6.3",IF(2=4,"6.0–6.3",IF(2=5,"6.0–6.3",IF(2=6,"6.0–6.3",IF(2=7,"6.0–6.3",IF(2=8,"6.0–6.3","")))))))),IF(IFERROR(MATCH('🌱 Configuração'!$H$12,{"BioBizz","Remo Nutrients","General Organics","SuperSoil","Genérico"},0),1)=3,IF(2=1,"6.2–7.0",IF(2=2,"6.2–7.0",IF(2=3,"6.2–7.0",IF(2=4,"6.2–7.0",IF(2=5,"6.2–7.0",IF(2=6,"6.2–7.0",IF(2=7,"6.2–7.0",IF(2=8,"6.2–7.0","")))))))),IF(IFERROR(MATCH('🌱 Configuração'!$H$12,{"BioBizz","Remo Nutrients","General Organics","SuperSoil","Genérico"},0),1)=4,IF(2=1,"auto",IF(2=2,"auto",IF(2=3,"auto",IF(2=4,"auto",IF(2=5,"auto",IF(2=6,"auto",IF(2=7,"auto",IF(2=8,"auto","")))))))),IF(2=1,"—",IF(2=2,"—",IF(2=3,"—",IF(2=4,"—",IF(2=5,"—",IF(2=6,"—",IF(2=7,"—",IF(2=8,"—",""))))))))))))))) -> 6.2–6.5 | L15: =IF('🌱 Configuração'!$C$56="","",IF(2<1,"",IF(2>'🌱 Configuração'!$H$7,"",IF(IFERROR(MATCH('🌱 Configuração'!$H$12,{"BioBizz","Remo Nutrients","General Organics","SuperSoil","Genérico"},0),1)=1,IF(2=1,"0.8",IF(2=2,"1.0",IF(2=3,"1.2",IF(2=4,"1.4",IF(2=5,"1.5",IF(2=6,"1.4",IF(2=7,"1.4",IF(2=8,"1.4","")))))))),IF(IFERROR(MATCH('🌱 Configuração'!$H$12,{"BioBizz","Remo Nutrients","General Organics","SuperSoil","Genérico"},0),1)=2,IF(2=1,"0.8",IF(2=2,"1.0",IF(2=3,"1.2",IF(2=4,"1.4",IF(2=5,"1.5",IF(2=6,"1.5",IF(2=7,"1.4",IF(2=8,"1.4","")))))))),IF(IFERROR(MATCH('🌱 Configuração'!$H$12,{"BioBizz","Remo Nutrients","General Organics","SuperSoil","Genérico"},0),1)=3,IF(2=1,"N/A",IF(2=2,"N/A",IF(2=3,"N/A",IF(2=4,"N/A",IF(2=5,"N/A",IF(2=6,"N/A",IF(2=7,"N/A",IF(2=8,"N/A","")))))))),IF(IFERROR(MATCH('🌱 Configuração'!$H$12,{"BioBizz","Remo Nutrients","General Organics","SuperSoil","Genérico"},0),1)=4,IF(2=1,"auto",IF(2=2,"auto",IF(2=3,"auto",IF(2=4,"auto",IF(2=5,"auto",IF(2=6,"auto",IF(2=7,"auto",IF(2=8,"auto","")))))))),IF(2=1,"—",IF(2=2,"—",IF(2=3,"—",IF(2=4,"—",IF(2=5,"—",IF(2=6,"—",IF(2=7,"—",IF(2=8,"—",""))))))))))))))) -> 1.0 | M15: =IF('🌱 Configuração'!$C$56="","",IF(2<1,"",IF(2>'🌱 Configuração'!$H$7,"",IF(IFERROR(MATCH('🌱 Configuração'!$H$12,{"BioBizz","Remo Nutrients","General Organics","SuperSoil","Genérico"},0),1)=1,IF(2=1,"Fish·Mix em veg = mais N orgânico",IF(2=2,"Aumentar progressivamente",IF(2=3,"Foliar: Fish·Mix + Alg·A·Mic 1mL/L",IF(2=4,"LST / estrutura vegetativa",IF(2=5,"Pré-floração — reduzir Fish·Mix",IF(2=6,"Substituir Fish·Mix por Bio·Grow antes da flora",IF(2=7,"Semana de transição — introduzir Bloom",IF(2=8,"Semana extra de vega","")))))))),IF(IFERROR(MATCH('🌱 Configuração'!$H$12,{"BioBizz","Remo Nutrients","General Organics","SuperSoil","Genérico"},0),1)=2,IF(2=1,"Micro+Grow = base Remo para vega",IF(2=2,"Aumentar conforme tabela oficial",IF(2=3,"Semana 3 da tabela Remo",IF(2=4,"Semana 4 da tabela Remo — pico vega",IF(2=5,"Manter se continuar vega",IF(2=6,"Introduzir Bloom — transição",IF(2=7,"Reduzir Grow, aumentar Bloom",IF(2=8,"Semana extra de vega","")))))))),IF(IFERROR(MATCH('🌱 Configuração'!$H$12,{"BioBizz","Remo Nutrients","General Organics","SuperSoil","Genérico"},0),1)=3,IF(2=1,"GO não requer EC — pH auto-regula",IF(2=2,"Sem necessidade de ajuste pH em solo",IF(2=3,"Semana 3 veg GO",IF(2=4,"Reduzir BioRoot gradualmente",IF(2=5,"Manter Grow puro na vega",IF(2=6,"Semana transição — introduzir Bloom",IF(2=7,"Transição flora — reduzir Grow",IF(2=8,"Semana extra de vega GO","")))))))),IF(IFERROR(MATCH('🌱 Configuração'!$H$12,{"BioBizz","Remo Nutrients","General Organics","SuperSoil","Genérico"},0),1)=4,IF(2=1,"SuperSoil já contém todos os nutrientes",IF(2=2,"Torta de mamona = N lento | Osso = P",IF(2=3,"Mel de cana alimenta fungos e bactérias",IF(2=4,"Observar vigor — solo vivo trabalha",IF(2=5,"Alga = micro. | Cinzas = K e Ca",IF(2=6,"Pré-flora — ativar P e K no solo",IF(2=7,"Guano P alto = preparo para flora",IF(2=8,"Semana extra de vega SuperSoil","")))))))),IF(2=1,"Personalize suas doses",IF(2=2,"Personalize suas doses",IF(2=3,"Personalize suas doses",IF(2=4,"Personalize suas doses",IF(2=5,"Personalize suas doses",IF(2=6,"Personalize suas doses",IF(2=7,"Personalize suas doses",IF(2=8,"Personalize suas doses",""))))))))))))))) -> Aumentar progressivamente
B16: =IF(3<='🌱 Configuração'!$H$7,"S3","—") -> S3 | C16: =IF(3<='🌱 Configuração'!$H$7,'🌱 Configuração'!$C$56+14,"") -> 28 | D16: =IF('🌱 Configuração'!$C$56="","",IF(3<1,"",IF(3>'🌱 Configuração'!$H$7,"",IF(IFERROR(MATCH('🌱 Configuração'!$H$12,{"BioBizz","Remo Nutrients","General Organics","SuperSoil","Genérico"},0),1)=1,IF(3=1,"Bio·Grow",IF(3=2,"Bio·Grow",IF(3=3,"Bio·Grow",IF(3=4,"Bio·Grow",IF(3=5,"Bio·Grow",IF(3=6,"Bio·Grow",IF(3=7,"Bio·Grow",IF(3=8,"Bio·Grow","")))))))),IF(IFERROR(MATCH('🌱 Configuração'!$H$12,{"BioBizz","Remo Nutrients","General Organics","SuperSoil","Genérico"},0),1)=2,IF(3=1,"Micro",IF(3=2,"Micro",IF(3=3,"Micro",IF(3=4,"Micro",IF(3=5,"Micro",IF(3=6,"Micro",IF(3=7,"Micro",IF(3=8,"Micro","")))))))),IF(IFERROR(MATCH('🌱 Configuração'!$H$12,{"BioBizz","Remo Nutrients","General Organics","SuperSoil","Genérico"},0),1)=3,IF(3=1,"BioThrive G",IF(3=2,"BioThrive G",IF(3=3,"BioThrive G",IF(3=4,"BioThrive G",IF(3=5,"BioThrive G",IF(3=6,"BioThrive G",IF(3=7,"BioThrive G",IF(3=8,"BioThrive G","")))))))),IF(IFERROR(MATCH('🌱 Configuração'!$H$12,{"BioBizz","Remo Nutrients","General Organics","SuperSoil","Genérico"},0),1)=4,IF(3=1,"Chá de compostagem",IF(3=2,"Cobertura: torta de mamona",IF(3=3,"Molasses 2 mL/L",IF(3=4,"Chá de compostagem",IF(3=5,"Cobertura: farinha de alga",IF(3=6,"Molasses 2 mL/L",IF(3=7,"Cobertura: farinha de osso",IF(3=8,"Chá de compostagem","")))))))),IF(3=1,"← Preencha",IF(3=2,"← Preencha",IF(3=3,"← Preencha",IF(3=4,"← Preencha",IF(3=5,"← Preencha",IF(3=6,"← Preencha",IF(3=7,"← Preencha",IF(3=8,"← Preencha",""))))))))))))))) -> Bio·Grow | E16: =IF('🌱 Configuração'!$C$56="","",IF(3<1,"",IF(3>'🌱 Configuração'!$H$7,"",IF(IFERROR(MATCH('🌱 Configuração'!$H$12,{"BioBizz","Remo Nutrients","General Organics","SuperSoil","Genérico"},0),1)=1,IF(3=1,"1 mL/L",IF(3=2,"2 mL/L",IF(3=3,"2 mL/L",IF(3=4,"3 mL/L",IF(3=5,"4 mL/L",IF(3=6,"4 mL/L",IF(3=7,"4 mL/L",IF(3=8,"4 mL/L","")))))))),IF(IFERROR(MATCH('🌱 Configuração'!$H$12,{"BioBizz","Remo Nutrients","General Organics","SuperSoil","Genérico"},0),1)=2,IF(3=1,"1.3 mL/L",IF(3=2,"1.5 mL/L",IF(3=3,"1.8 mL/L",IF(3=4,"2.1 mL/L",IF(3=5,"2.1 mL/L",IF(3=6,"2.1 mL/L",IF(3=7,"2.1 mL/L",IF(3=8,"2.1 mL/L","")))))))),IF(IFERROR(MATCH('🌱 Configuração'!$H$12,{"BioBizz","Remo Nutrients","General Organics","SuperSoil","Genérico"},0),1)=3,IF(3=1,"1.3 mL/L",IF(3=2,"2.6 mL/L",IF(3=3,"2.6 mL/L",IF(3=4,"2.6 mL/L",IF(3=5,"2.6 mL/L",IF(3=6,"2.6 mL/L",IF(3=7,"1.3 mL/L",IF(3=8,"1.3 mL/L","")))))))),IF(IFERROR(MATCH('🌱 Configuração'!$H$12,{"BioBizz","Remo Nutrients","General Organics","SuperSoil","Genérico"},0),1)=4,IF(3=1,"2L/planta",IF(3=2,"10g/vaso",IF(3=3,"—",IF(3=4,"2L/planta",IF(3=5,"5g/L solo",IF(3=6,"—",IF(3=7,"10g/vaso",IF(3=8,"2L/planta","")))))))),IF(3=1,"—",IF(3=2,"—",IF(3=3,"—",IF(3=4,"—",IF(3=5,"—",IF(3=6,"—",IF(3=7,"—",IF(3=8,"—",""))))))))))))))) -> 2 mL/L | F16: =IF('🌱 Configuração'!$C$56="","",IF(3<1,"",IF(3>'🌱 Configuração'!$H$7,"",IF(IFERROR(MATCH('🌱 Configuração'!$H$12,{"BioBizz","Remo Nutrients","General Organics","SuperSoil","Genérico"},0),1)=1,IF(3=1,"Fish·Mix",IF(3=2,"Fish·Mix",IF(3=3,"Fish·Mix",IF(3=4,"Fish·Mix",IF(3=5,"Fish·Mix",IF(3=6,"—",IF(3=7,"Bio·Bloom",IF(3=8,"Bio·Bloom","")))))))),IF(IFERROR(MATCH('🌱 Configuração'!$H$12,{"BioBizz","Remo Nutrients","General Organics","SuperSoil","Genérico"},0),1)=2,IF(3=1,"Grow",IF(3=2,"Grow",IF(3=3,"Grow",IF(3=4,"Grow",IF(3=5,"Grow",IF(3=6,"Grow",IF(3=7,"Grow",IF(3=8,"Grow","")))))))),IF(IFERROR(MATCH('🌱 Configuração'!$H$12,{"BioBizz","Remo Nutrients","General Organics","SuperSoil","Genérico"},0),1)=3,IF(3=1,"BioRoot",IF(3=2,"BioRoot",IF(3=3,"BioRoot",IF(3=4,"BioRoot",IF(3=5,"CaMg+",IF(3=6,"BioThrive B",IF(3=7,"BioThrive B",IF(3=8,"BioThrive B","")))))))),IF(IFERROR(MATCH('🌱 Configuração'!$H$12,{"BioBizz","Remo Nutrients","General Organics","SuperSoil","Genérico"},0),1)=4,IF(3=1,"—",IF(3=2,"Cobertura: farinha de osso",IF(3=3,"—",IF(3=4,"—",IF(3=5,"Cobertura: cinzas de madeira",IF(3=6,"—",IF(3=7,"Cobertura: guano de morcego",IF(3=8,"—","")))))))),IF(3=1,"—",IF(3=2,"—",IF(3=3,"—",IF(3=4,"—",IF(3=5,"—",IF(3=6,"—",IF(3=7,"—",IF(3=8,"—",""))))))))))))))) -> Fish·Mix | G16: =IF('🌱 Configuração'!$C$56="","",IF(3<1,"",IF(3>'🌱 Configuração'!$H$7,"",IF(IFERROR(MATCH('🌱 Configuração'!$H$12,{"BioBizz","Remo Nutrients","General Organics","SuperSoil","Genérico"},0),1)=1,IF(3=1,"1 mL/L",IF(3=2,"2 mL/L",IF(3=3,"2 mL/L",IF(3=4,"3 mL/L",IF(3=5,"3 mL/L",IF(3=6,"—",IF(3=7,"1 mL/L",IF(3=8,"2 mL/L","")))))))),IF(IFERROR(MATCH('🌱 Configuração'!$H$12,{"BioBizz","Remo Nutrients","General Organics","SuperSoil","Genérico"},0),1)=2,IF(3=1,"1.3 mL/L",IF(3=2,"1.5 mL/L",IF(3=3,"1.8 mL/L",IF(3=4,"2.1 mL/L",IF(3=5,"2.1 mL/L",IF(3=6,"2.1 mL/L",IF(3=7,"1.0 mL/L",IF(3=8,"0.5 mL/L","")))))))),IF(IFERROR(MATCH('🌱 Configuração'!$H$12,{"BioBizz","Remo Nutrients","General Organics","SuperSoil","Genérico"},0),1)=3,IF(3=1,"2.6 mL/L",IF(3=2,"2.6 mL/L",IF(3=3,"2.6 mL/L",IF(3=4,"1.3 mL/L",IF(3=5,"1.3 mL/L",IF(3=6,"1.3 mL/L",IF(3=7,"2.6 mL/L",IF(3=8,"2.6 mL/L","")))))))),IF(IFERROR(MATCH('🌱 Configuração'!$H$12,{"BioBizz","Remo Nutrients","General Organics","SuperSoil","Genérico"},0),1)=4,IF(3=1,"—",IF(3=2,"10g/vaso",IF(3=3,"—",IF(3=4,"—",IF(3=5,"3g/L",IF(3=6,"—",IF(3=7,"5g/L",IF(3=8,"—","")))))))),IF(3=1,"—",IF(3=2,"—",IF(3=3,"—",IF(3=4,"—",IF(3=5,"—",IF(3=6,"—",IF(3=7,"—",IF(3=8,"—",""))))))))))))))) -> 2 mL/L | H16: =IF('🌱 Configuração'!$C$56="","",IF(3<1,"",IF(3>'🌱 Configuração'!$H$7,"",IF(IFERROR(MATCH('🌱 Configuração'!$H$12,{"BioBizz","Remo Nutrients","General Organics","SuperSoil","Genérico"},0),1)=1,IF(3=1,"—",IF(3=2,"—",IF(3=3,"—",IF(3=4,"—",IF(3=5,"—",IF(3=6,"—",IF(3=7,"—",IF(3=8,"—","")))))))),IF(IFERROR(MATCH('🌱 Configuração'!$H$12,{"BioBizz","Remo Nutrients","General Organics","SuperSoil","Genérico"},0),1)=2,IF(3=1,"—",IF(3=2,"—",IF(3=3,"—",IF(3=4,"—",IF(3=5,"—",IF(3=6,"Bloom",IF(3=7,"Bloom",IF(3=8,"Bloom","")))))))),IF(IFERROR(MATCH('🌱 Configuração'!$H$12,{"BioBizz","Remo Nutrients","General Organics","SuperSoil","Genérico"},0),1)=3,IF(3=1,"CaMg+",IF(3=2,"CaMg+",IF(3=3,"CaMg+",IF(3=4,"CaMg+",IF(3=5,"—",IF(3=6,"CaMg+",IF(3=7,"CaMg+",IF(3=8,"CaMg+","")))))))),IF(IFERROR(MATCH('🌱 Configuração'!$H$12,{"BioBizz","Remo Nutrients","General Organics","SuperSoil","Genérico"},0),1)=4,IF(3=1,"—",IF(3=2,"—",IF(3=3,"—",IF(3=4,"—",IF(3=5,"—",IF(3=6,"—",IF(3=7,"—",IF(3=8,"—","")))))))),IF(3=1,"—",IF(3=2,"—",IF(3=3,"—",IF(3=4,"—",IF(3=5,"—",IF(3=6,"—",IF(3=7,"—",IF(3=8,"—",""))))))))))))))) -> — | I16: =IF('🌱 Configuração'!$C$56="","",IF(3<1,"",IF(3>'🌱 Configuração'!$H$7,"",IF(IFERROR(MATCH('🌱 Configuração'!$H$12,{"BioBizz","Remo Nutrients","General Organics","SuperSoil","Genérico"},0),1)=1,IF(3=1,"—",IF(3=2,"—",IF(3=3,"—",IF(3=4,"—",IF(3=5,"—",IF(3=6,"—",IF(3=7,"—",IF(3=8,"—","")))))))),IF(IFERROR(MATCH('🌱 Configuração'!$H$12,{"BioBizz","Remo Nutrients","General Organics","SuperSoil","Genérico"},0),1)=2,IF(3=1,"—",IF(3=2,"—",IF(3=3,"—",IF(3=4,"—",IF(3=5,"—",IF(3=6,"1.0 mL/L",IF(3=7,"2.1 mL/L",IF(3=8,"2.1 mL/L","")))))))),IF(IFERROR(MATCH('🌱 Configuração'!$H$12,{"BioBizz","Remo Nutrients","General Organics","SuperSoil","Genérico"},0),1)=3,IF(3=1,"1.3 mL/L",IF(3=2,"1.3 mL/L",IF(3=3,"1.3 mL/L",IF(3=4,"1.3 mL/L",IF(3=5,"—",IF(3=6,"1.3 mL/L",IF(3=7,"1.3 mL/L",IF(3=8,"1.3 mL/L","")))))))),IF(IFERROR(MATCH('🌱 Configuração'!$H$12,{"BioBizz","Remo Nutrients","General Organics","SuperSoil","Genérico"},0),1)=4,IF(3=1,"—",IF(3=2,"—",IF(3=3,"—",IF(3=4,"—",IF(3=5,"—",IF(3=6,"—",IF(3=7,"—",IF(3=8,"—","")))))))),IF(3=1,"—",IF(3=2,"—",IF(3=3,"—",IF(3=4,"—",IF(3=5,"—",IF(3=6,"—",IF(3=7,"—",IF(3=8,"—",""))))))))))))))) -> — | J16: =IF('🌱 Configuração'!$C$56="","",IF(3<1,"",IF(3>'🌱 Configuração'!$H$7,"",IF(IFERROR(MATCH('🌱 Configuração'!$H$12,{"BioBizz","Remo Nutrients","General Organics","SuperSoil","Genérico"},0),1)=1,IF(3=1,"Alg·A·Mic 1mL",IF(3=2,"—",IF(3=3,"Alg·A·Mic 1mL",IF(3=4,"—",IF(3=5,"Alg·A·Mic 1mL",IF(3=6,"—",IF(3=7,"—",IF(3=8,"—","")))))))),IF(IFERROR(MATCH('🌱 Configuração'!$H$12,{"BioBizz","Remo Nutrients","General Organics","SuperSoil","Genérico"},0),1)=2,IF(3=1,"Magnifical 0.5",IF(3=2,"Magnifical 0.5",IF(3=3,"Magnifical 1.0",IF(3=4,"Magnifical 1.0",IF(3=5,"Magnifical 1.0",IF(3=6,"Magnifical 1.0",IF(3=7,"—",IF(3=8,"—","")))))))),IF(IFERROR(MATCH('🌱 Configuração'!$H$12,{"BioBizz","Remo Nutrients","General Organics","SuperSoil","Genérico"},0),1)=3,IF(3=1,"BioWeed 0.7",IF(3=2,"BioWeed 0.7",IF(3=3,"—",IF(3=4,"—",IF(3=5,"—",IF(3=6,"—",IF(3=7,"—",IF(3=8,"—","")))))))),IF(IFERROR(MATCH('🌱 Configuração'!$H$12,{"BioBizz","Remo Nutrients","General Organics","SuperSoil","Genérico"},0),1)=4,IF(3=1,"Vermicomposto",IF(3=2,"—",IF(3=3,"—",IF(3=4,"—",IF(3=5,"—",IF(3=6,"Microrganismos",IF(3=7,"—",IF(3=8,"—","")))))))),IF(3=1,"—",IF(3=2,"—",IF(3=3,"—",IF(3=4,"—",IF(3=5,"—",IF(3=6,"—",IF(3=7,"—",IF(3=8,"—",""))))))))))))))) -> Alg·A·Mic 1mL | K16: =IF('🌱 Configuração'!$C$56="","",IF(3<1,"",IF(3>'🌱 Configuração'!$H$7,"",IF(IFERROR(MATCH('🌱 Configuração'!$H$12,{"BioBizz","Remo Nutrients","General Organics","SuperSoil","Genérico"},0),1)=1,IF(3=1,"6.2–6.5",IF(3=2,"6.2–6.5",IF(3=3,"6.2–6.5",IF(3=4,"6.2–6.5",IF(3=5,"6.2–6.5",IF(3=6,"6.2–6.5",IF(3=7,"6.2–6.5",IF(3=8,"6.2–6.5","")))))))),IF(IFERROR(MATCH('🌱 Configuração'!$H$12,{"BioBizz","Remo Nutrients","General Organics","SuperSoil","Genérico"},0),1)=2,IF(3=1,"6.0–6.3",IF(3=2,"6.0–6.3",IF(3=3,"6.0–6.3",IF(3=4,"6.0–6.3",IF(3=5,"6.0–6.3",IF(3=6,"6.0–6.3",IF(3=7,"6.0–6.3",IF(3=8,"6.0–6.3","")))))))),IF(IFERROR(MATCH('🌱 Configuração'!$H$12,{"BioBizz","Remo Nutrients","General Organics","SuperSoil","Genérico"},0),1)=3,IF(3=1,"6.2–7.0",IF(3=2,"6.2–7.0",IF(3=3,"6.2–7.0",IF(3=4,"6.2–7.0",IF(3=5,"6.2–7.0",IF(3=6,"6.2–7.0",IF(3=7,"6.2–7.0",IF(3=8,"6.2–7.0","")))))))),IF(IFERROR(MATCH('🌱 Configuração'!$H$12,{"BioBizz","Remo Nutrients","General Organics","SuperSoil","Genérico"},0),1)=4,IF(3=1,"auto",IF(3=2,"auto",IF(3=3,"auto",IF(3=4,"auto",IF(3=5,"auto",IF(3=6,"auto",IF(3=7,"auto",IF(3=8,"auto","")))))))),IF(3=1,"—",IF(3=2,"—",IF(3=3,"—",IF(3=4,"—",IF(3=5,"—",IF(3=6,"—",IF(3=7,"—",IF(3=8,"—",""))))))))))))))) -> 6.2–6.5 | L16: =IF('🌱 Configuração'!$C$56="","",IF(3<1,"",IF(3>'🌱 Configuração'!$H$7,"",IF(IFERROR(MATCH('🌱 Configuração'!$H$12,{"BioBizz","Remo Nutrients","General Organics","SuperSoil","Genérico"},0),1)=1,IF(3=1,"0.8",IF(3=2,"1.0",IF(3=3,"1.2",IF(3=4,"1.4",IF(3=5,"1.5",IF(3=6,"1.4",IF(3=7,"1.4",IF(3=8,"1.4","")))))))),IF(IFERROR(MATCH('🌱 Configuração'!$H$12,{"BioBizz","Remo Nutrients","General Organics","SuperSoil","Genérico"},0),1)=2,IF(3=1,"0.8",IF(3=2,"1.0",IF(3=3,"1.2",IF(3=4,"1.4",IF(3=5,"1.5",IF(3=6,"1.5",IF(3=7,"1.4",IF(3=8,"1.4","")))))))),IF(IFERROR(MATCH('🌱 Configuração'!$H$12,{"BioBizz","Remo Nutrients","General Organics","SuperSoil","Genérico"},0),1)=3,IF(3=1,"N/A",IF(3=2,"N/A",IF(3=3,"N/A",IF(3=4,"N/A",IF(3=5,"N/A",IF(3=6,"N/A",IF(3=7,"N/A",IF(3=8,"N/A","")))))))),IF(IFERROR(MATCH('🌱 Configuração'!$H$12,{"BioBizz","Remo Nutrients","General Organics","SuperSoil","Genérico"},0),1)=4,IF(3=1,"auto",IF(3=2,"auto",IF(3=3,"auto",IF(3=4,"auto",IF(3=5,"auto",IF(3=6,"auto",IF(3=7,"auto",IF(3=8,"auto","")))))))),IF(3=1,"—",IF(3=2,"—",IF(3=3,"—",IF(3=4,"—",IF(3=5,"—",IF(3=6,"—",IF(3=7,"—",IF(3=8,"—",""))))))))))))))) -> 1.2 | M16: =IF('🌱 Configuração'!$C$56="","",IF(3<1,"",IF(3>'🌱 Configuração'!$H$7,"",IF(IFERROR(MATCH('🌱 Configuração'!$H$12,{"BioBizz","Remo Nutrients","General Organics","SuperSoil","Genérico"},0),1)=1,IF(3=1,"Fish·Mix em veg = mais N orgânico",IF(3=2,"Aumentar progressivamente",IF(3=3,"Foliar: Fish·Mix + Alg·A·Mic 1mL/L",IF(3=4,"LST / estrutura vegetativa",IF(3=5,"Pré-floração — reduzir Fish·Mix",IF(3=6,"Substituir Fish·Mix por Bio·Grow antes da flora",IF(3=7,"Semana de transição — introduzir Bloom",IF(3=8,"Semana extra de vega","")))))))),IF(IFERROR(MATCH('🌱 Configuração'!$H$12,{"BioBizz","Remo Nutrients","General Organics","SuperSoil","Genérico"},0),1)=2,IF(3=1,"Micro+Grow = base Remo para vega",IF(3=2,"Aumentar conforme tabela oficial",IF(3=3,"Semana 3 da tabela Remo",IF(3=4,"Semana 4 da tabela Remo — pico vega",IF(3=5,"Manter se continuar vega",IF(3=6,"Introduzir Bloom — transição",IF(3=7,"Reduzir Grow, aumentar Bloom",IF(3=8,"Semana extra de vega","")))))))),IF(IFERROR(MATCH('🌱 Configuração'!$H$12,{"BioBizz","Remo Nutrients","General Organics","SuperSoil","Genérico"},0),1)=3,IF(3=1,"GO não requer EC — pH auto-regula",IF(3=2,"Sem necessidade de ajuste pH em solo",IF(3=3,"Semana 3 veg GO",IF(3=4,"Reduzir BioRoot gradualmente",IF(3=5,"Manter Grow puro na vega",IF(3=6,"Semana transição — introduzir Bloom",IF(3=7,"Transição flora — reduzir Grow",IF(3=8,"Semana extra de vega GO","")))))))),IF(IFERROR(MATCH('🌱 Configuração'!$H$12,{"BioBizz","Remo Nutrients","General Organics","SuperSoil","Genérico"},0),1)=4,IF(3=1,"SuperSoil já contém todos os nutrientes",IF(3=2,"Torta de mamona = N lento | Osso = P",IF(3=3,"Mel de cana alimenta fungos e bactérias",IF(3=4,"Observar vigor — solo vivo trabalha",IF(3=5,"Alga = micro. | Cinzas = K e Ca",IF(3=6,"Pré-flora — ativar P e K no solo",IF(3=7,"Guano P alto = preparo para flora",IF(3=8,"Semana extra de vega SuperSoil","")))))))),IF(3=1,"Personalize suas doses",IF(3=2,"Personalize suas doses",IF(3=3,"Personalize suas doses",IF(3=4,"Personalize suas doses",IF(3=5,"Personalize suas doses",IF(3=6,"Personalize suas doses",IF(3=7,"Personalize suas doses",IF(3=8,"Personalize suas doses",""))))))))))))))) -> Foliar: Fish·Mix + Alg·A·Mic 1mL/L
B17: =IF(4<='🌱 Configuração'!$H$7,"S4","—") -> S4 | C17: =IF(4<='🌱 Configuração'!$H$7,'🌱 Configuração'!$C$56+21,"") -> 35 | D17: =IF('🌱 Configuração'!$C$56="","",IF(4<1,"",IF(4>'🌱 Configuração'!$H$7,"",IF(IFERROR(MATCH('🌱 Configuração'!$H$12,{"BioBizz","Remo Nutrients","General Organics","SuperSoil","Genérico"},0),1)=1,IF(4=1,"Bio·Grow",IF(4=2,"Bio·Grow",IF(4=3,"Bio·Grow",IF(4=4,"Bio·Grow",IF(4=5,"Bio·Grow",IF(4=6,"Bio·Grow",IF(4=7,"Bio·Grow",IF(4=8,"Bio·Grow","")))))))),IF(IFERROR(MATCH('🌱 Configuração'!$H$12,{"BioBizz","Remo Nutrients","General Organics","SuperSoil","Genérico"},0),1)=2,IF(4=1,"Micro",IF(4=2,"Micro",IF(4=3,"Micro",IF(4=4,"Micro",IF(4=5,"Micro",IF(4=6,"Micro",IF(4=7,"Micro",IF(4=8,"Micro","")))))))),IF(IFERROR(MATCH('🌱 Configuração'!$H$12,{"BioBizz","Remo Nutrients","General Organics","SuperSoil","Genérico"},0),1)=3,IF(4=1,"BioThrive G",IF(4=2,"BioThrive G",IF(4=3,"BioThrive G",IF(4=4,"BioThrive G",IF(4=5,"BioThrive G",IF(4=6,"BioThrive G",IF(4=7,"BioThrive G",IF(4=8,"BioThrive G","")))))))),IF(IFERROR(MATCH('🌱 Configuração'!$H$12,{"BioBizz","Remo Nutrients","General Organics","SuperSoil","Genérico"},0),1)=4,IF(4=1,"Chá de compostagem",IF(4=2,"Cobertura: torta de mamona",IF(4=3,"Molasses 2 mL/L",IF(4=4,"Chá de compostagem",IF(4=5,"Cobertura: farinha de alga",IF(4=6,"Molasses 2 mL/L",IF(4=7,"Cobertura: farinha de osso",IF(4=8,"Chá de compostagem","")))))))),IF(4=1,"← Preencha",IF(4=2,"← Preencha",IF(4=3,"← Preencha",IF(4=4,"← Preencha",IF(4=5,"← Preencha",IF(4=6,"← Preencha",IF(4=7,"← Preencha",IF(4=8,"← Preencha",""))))))))))))))) -> Bio·Grow | E17: =IF('🌱 Configuração'!$C$56="","",IF(4<1,"",IF(4>'🌱 Configuração'!$H$7,"",IF(IFERROR(MATCH('🌱 Configuração'!$H$12,{"BioBizz","Remo Nutrients","General Organics","SuperSoil","Genérico"},0),1)=1,IF(4=1,"1 mL/L",IF(4=2,"2 mL/L",IF(4=3,"2 mL/L",IF(4=4,"3 mL/L",IF(4=5,"4 mL/L",IF(4=6,"4 mL/L",IF(4=7,"4 mL/L",IF(4=8,"4 mL/L","")))))))),IF(IFERROR(MATCH('🌱 Configuração'!$H$12,{"BioBizz","Remo Nutrients","General Organics","SuperSoil","Genérico"},0),1)=2,IF(4=1,"1.3 mL/L",IF(4=2,"1.5 mL/L",IF(4=3,"1.8 mL/L",IF(4=4,"2.1 mL/L",IF(4=5,"2.1 mL/L",IF(4=6,"2.1 mL/L",IF(4=7,"2.1 mL/L",IF(4=8,"2.1 mL/L","")))))))),IF(IFERROR(MATCH('🌱 Configuração'!$H$12,{"BioBizz","Remo Nutrients","General Organics","SuperSoil","Genérico"},0),1)=3,IF(4=1,"1.3 mL/L",IF(4=2,"2.6 mL/L",IF(4=3,"2.6 mL/L",IF(4=4,"2.6 mL/L",IF(4=5,"2.6 mL/L",IF(4=6,"2.6 mL/L",IF(4=7,"1.3 mL/L",IF(4=8,"1.3 mL/L","")))))))),IF(IFERROR(MATCH('🌱 Configuração'!$H$12,{"BioBizz","Remo Nutrients","General Organics","SuperSoil","Genérico"},0),1)=4,IF(4=1,"2L/planta",IF(4=2,"10g/vaso",IF(4=3,"—",IF(4=4,"2L/planta",IF(4=5,"5g/L solo",IF(4=6,"—",IF(4=7,"10g/vaso",IF(4=8,"2L/planta","")))))))),IF(4=1,"—",IF(4=2,"—",IF(4=3,"—",IF(4=4,"—",IF(4=5,"—",IF(4=6,"—",IF(4=7,"—",IF(4=8,"—",""))))))))))))))) -> 3 mL/L | F17: =IF('🌱 Configuração'!$C$56="","",IF(4<1,"",IF(4>'🌱 Configuração'!$H$7,"",IF(IFERROR(MATCH('🌱 Configuração'!$H$12,{"BioBizz","Remo Nutrients","General Organics","SuperSoil","Genérico"},0),1)=1,IF(4=1,"Fish·Mix",IF(4=2,"Fish·Mix",IF(4=3,"Fish·Mix",IF(4=4,"Fish·Mix",IF(4=5,"Fish·Mix",IF(4=6,"—",IF(4=7,"Bio·Bloom",IF(4=8,"Bio·Bloom","")))))))),IF(IFERROR(MATCH('🌱 Configuração'!$H$12,{"BioBizz","Remo Nutrients","General Organics","SuperSoil","Genérico"},0),1)=2,IF(4=1,"Grow",IF(4=2,"Grow",IF(4=3,"Grow",IF(4=4,"Grow",IF(4=5,"Grow",IF(4=6,"Grow",IF(4=7,"Grow",IF(4=8,"Grow","")))))))),IF(IFERROR(MATCH('🌱 Configuração'!$H$12,{"BioBizz","Remo Nutrients","General Organics","SuperSoil","Genérico"},0),1)=3,IF(4=1,"BioRoot",IF(4=2,"BioRoot",IF(4=3,"BioRoot",IF(4=4,"BioRoot",IF(4=5,"CaMg+",IF(4=6,"BioThrive B",IF(4=7,"BioThrive B",IF(4=8,"BioThrive B","")))))))),IF(IFERROR(MATCH('🌱 Configuração'!$H$12,{"BioBizz","Remo Nutrients","General Organics","SuperSoil","Genérico"},0),1)=4,IF(4=1,"—",IF(4=2,"Cobertura: farinha de osso",IF(4=3,"—",IF(4=4,"—",IF(4=5,"Cobertura: cinzas de madeira",IF(4=6,"—",IF(4=7,"Cobertura: guano de morcego",IF(4=8,"—","")))))))),IF(4=1,"—",IF(4=2,"—",IF(4=3,"—",IF(4=4,"—",IF(4=5,"—",IF(4=6,"—",IF(4=7,"—",IF(4=8,"—",""))))))))))))))) -> Fish·Mix | G17: =IF('🌱 Configuração'!$C$56="","",IF(4<1,"",IF(4>'🌱 Configuração'!$H$7,"",IF(IFERROR(MATCH('🌱 Configuração'!$H$12,{"BioBizz","Remo Nutrients","General Organics","SuperSoil","Genérico"},0),1)=1,IF(4=1,"1 mL/L",IF(4=2,"2 mL/L",IF(4=3,"2 mL/L",IF(4=4,"3 mL/L",IF(4=5,"3 mL/L",IF(4=6,"—",IF(4=7,"1 mL/L",IF(4=8,"2 mL/L","")))))))),IF(IFERROR(MATCH('🌱 Configuração'!$H$12,{"BioBizz","Remo Nutrients","General Organics","SuperSoil","Genérico"},0),1)=2,IF(4=1,"1.3 mL/L",IF(4=2,"1.5 mL/L",IF(4=3,"1.8 mL/L",IF(4=4,"2.1 mL/L",IF(4=5,"2.1 mL/L",IF(4=6,"2.1 mL/L",IF(4=7,"1.0 mL/L",IF(4=8,"0.5 mL/L","")))))))),IF(IFERROR(MATCH('🌱 Configuração'!$H$12,{"BioBizz","Remo Nutrients","General Organics","SuperSoil","Genérico"},0),1)=3,IF(4=1,"2.6 mL/L",IF(4=2,"2.6 mL/L",IF(4=3,"2.6 mL/L",IF(4=4,"1.3 mL/L",IF(4=5,"1.3 mL/L",IF(4=6,"1.3 mL/L",IF(4=7,"2.6 mL/L",IF(4=8,"2.6 mL/L","")))))))),IF(IFERROR(MATCH('🌱 Configuração'!$H$12,{"BioBizz","Remo Nutrients","General Organics","SuperSoil","Genérico"},0),1)=4,IF(4=1,"—",IF(4=2,"10g/vaso",IF(4=3,"—",IF(4=4,"—",IF(4=5,"3g/L",IF(4=6,"—",IF(4=7,"5g/L",IF(4=8,"—","")))))))),IF(4=1,"—",IF(4=2,"—",IF(4=3,"—",IF(4=4,"—",IF(4=5,"—",IF(4=6,"—",IF(4=7,"—",IF(4=8,"—",""))))))))))))))) -> 3 mL/L | H17: =IF('🌱 Configuração'!$C$56="","",IF(4<1,"",IF(4>'🌱 Configuração'!$H$7,"",IF(IFERROR(MATCH('🌱 Configuração'!$H$12,{"BioBizz","Remo Nutrients","General Organics","SuperSoil","Genérico"},0),1)=1,IF(4=1,"—",IF(4=2,"—",IF(4=3,"—",IF(4=4,"—",IF(4=5,"—",IF(4=6,"—",IF(4=7,"—",IF(4=8,"—","")))))))),IF(IFERROR(MATCH('🌱 Configuração'!$H$12,{"BioBizz","Remo Nutrients","General Organics","SuperSoil","Genérico"},0),1)=2,IF(4=1,"—",IF(4=2,"—",IF(4=3,"—",IF(4=4,"—",IF(4=5,"—",IF(4=6,"Bloom",IF(4=7,"Bloom",IF(4=8,"Bloom","")))))))),IF(IFERROR(MATCH('🌱 Configuração'!$H$12,{"BioBizz","Remo Nutrients","General Organics","SuperSoil","Genérico"},0),1)=3,IF(4=1,"CaMg+",IF(4=2,"CaMg+",IF(4=3,"CaMg+",IF(4=4,"CaMg+",IF(4=5,"—",IF(4=6,"CaMg+",IF(4=7,"CaMg+",IF(4=8,"CaMg+","")))))))),IF(IFERROR(MATCH('🌱 Configuração'!$H$12,{"BioBizz","Remo Nutrients","General Organics","SuperSoil","Genérico"},0),1)=4,IF(4=1,"—",IF(4=2,"—",IF(4=3,"—",IF(4=4,"—",IF(4=5,"—",IF(4=6,"—",IF(4=7,"—",IF(4=8,"—","")))))))),IF(4=1,"—",IF(4=2,"—",IF(4=3,"—",IF(4=4,"—",IF(4=5,"—",IF(4=6,"—",IF(4=7,"—",IF(4=8,"—",""))))))))))))))) -> — | I17: =IF('🌱 Configuração'!$C$56="","",IF(4<1,"",IF(4>'🌱 Configuração'!$H$7,"",IF(IFERROR(MATCH('🌱 Configuração'!$H$12,{"BioBizz","Remo Nutrients","General Organics","SuperSoil","Genérico"},0),1)=1,IF(4=1,"—",IF(4=2,"—",IF(4=3,"—",IF(4=4,"—",IF(4=5,"—",IF(4=6,"—",IF(4=7,"—",IF(4=8,"—","")))))))),IF(IFERROR(MATCH('🌱 Configuração'!$H$12,{"BioBizz","Remo Nutrients","General Organics","SuperSoil","Genérico"},0),1)=2,IF(4=1,"—",IF(4=2,"—",IF(4=3,"—",IF(4=4,"—",IF(4=5,"—",IF(4=6,"1.0 mL/L",IF(4=7,"2.1 mL/L",IF(4=8,"2.1 mL/L","")))))))),IF(IFERROR(MATCH('🌱 Configuração'!$H$12,{"BioBizz","Remo Nutrients","General Organics","SuperSoil","Genérico"},0),1)=3,IF(4=1,"1.3 mL/L",IF(4=2,"1.3 mL/L",IF(4=3,"1.3 mL/L",IF(4=4,"1.3 mL/L",IF(4=5,"—",IF(4=6,"1.3 mL/L",IF(4=7,"1.3 mL/L",IF(4=8,"1.3 mL/L","")))))))),IF(IFERROR(MATCH('🌱 Configuração'!$H$12,{"BioBizz","Remo Nutrients","General Organics","SuperSoil","Genérico"},0),1)=4,IF(4=1,"—",IF(4=2,"—",IF(4=3,"—",IF(4=4,"—",IF(4=5,"—",IF(4=6,"—",IF(4=7,"—",IF(4=8,"—","")))))))),IF(4=1,"—",IF(4=2,"—",IF(4=3,"—",IF(4=4,"—",IF(4=5,"—",IF(4=6,"—",IF(4=7,"—",IF(4=8,"—",""))))))))))))))) -> — | J17: =IF('🌱 Configuração'!$C$56="","",IF(4<1,"",IF(4>'🌱 Configuração'!$H$7,"",IF(IFERROR(MATCH('🌱 Configuração'!$H$12,{"BioBizz","Remo Nutrients","General Organics","SuperSoil","Genérico"},0),1)=1,IF(4=1,"Alg·A·Mic 1mL",IF(4=2,"—",IF(4=3,"Alg·A·Mic 1mL",IF(4=4,"—",IF(4=5,"Alg·A·Mic 1mL",IF(4=6,"—",IF(4=7,"—",IF(4=8,"—","")))))))),IF(IFERROR(MATCH('🌱 Configuração'!$H$12,{"BioBizz","Remo Nutrients","General Organics","SuperSoil","Genérico"},0),1)=2,IF(4=1,"Magnifical 0.5",IF(4=2,"Magnifical 0.5",IF(4=3,"Magnifical 1.0",IF(4=4,"Magnifical 1.0",IF(4=5,"Magnifical 1.0",IF(4=6,"Magnifical 1.0",IF(4=7,"—",IF(4=8,"—","")))))))),IF(IFERROR(MATCH('🌱 Configuração'!$H$12,{"BioBizz","Remo Nutrients","General Organics","SuperSoil","Genérico"},0),1)=3,IF(4=1,"BioWeed 0.7",IF(4=2,"BioWeed 0.7",IF(4=3,"—",IF(4=4,"—",IF(4=5,"—",IF(4=6,"—",IF(4=7,"—",IF(4=8,"—","")))))))),IF(IFERROR(MATCH('🌱 Configuração'!$H$12,{"BioBizz","Remo Nutrients","General Organics","SuperSoil","Genérico"},0),1)=4,IF(4=1,"Vermicomposto",IF(4=2,"—",IF(4=3,"—",IF(4=4,"—",IF(4=5,"—",IF(4=6,"Microrganismos",IF(4=7,"—",IF(4=8,"—","")))))))),IF(4=1,"—",IF(4=2,"—",IF(4=3,"—",IF(4=4,"—",IF(4=5,"—",IF(4=6,"—",IF(4=7,"—",IF(4=8,"—",""))))))))))))))) -> — | K17: =IF('🌱 Configuração'!$C$56="","",IF(4<1,"",IF(4>'🌱 Configuração'!$H$7,"",IF(IFERROR(MATCH('🌱 Configuração'!$H$12,{"BioBizz","Remo Nutrients","General Organics","SuperSoil","Genérico"},0),1)=1,IF(4=1,"6.2–6.5",IF(4=2,"6.2–6.5",IF(4=3,"6.2–6.5",IF(4=4,"6.2–6.5",IF(4=5,"6.2–6.5",IF(4=6,"6.2–6.5",IF(4=7,"6.2–6.5",IF(4=8,"6.2–6.5","")))))))),IF(IFERROR(MATCH('🌱 Configuração'!$H$12,{"BioBizz","Remo Nutrients","General Organics","SuperSoil","Genérico"},0),1)=2,IF(4=1,"6.0–6.3",IF(4=2,"6.0–6.3",IF(4=3,"6.0–6.3",IF(4=4,"6.0–6.3",IF(4=5,"6.0–6.3",IF(4=6,"6.0–6.3",IF(4=7,"6.0–6.3",IF(4=8,"6.0–6.3","")))))))),IF(IFERROR(MATCH('🌱 Configuração'!$H$12,{"BioBizz","Remo Nutrients","General Organics","SuperSoil","Genérico"},0),1)=3,IF(4=1,"6.2–7.0",IF(4=2,"6.2–7.0",IF(4=3,"6.2–7.0",IF(4=4,"6.2–7.0",IF(4=5,"6.2–7.0",IF(4=6,"6.2–7.0",IF(4=7,"6.2–7.0",IF(4=8,"6.2–7.0","")))))))),IF(IFERROR(MATCH('🌱 Configuração'!$H$12,{"BioBizz","Remo Nutrients","General Organics","SuperSoil","Genérico"},0),1)=4,IF(4=1,"auto",IF(4=2,"auto",IF(4=3,"auto",IF(4=4,"auto",IF(4=5,"auto",IF(4=6,"auto",IF(4=7,"auto",IF(4=8,"auto","")))))))),IF(4=1,"—",IF(4=2,"—",IF(4=3,"—",IF(4=4,"—",IF(4=5,"—",IF(4=6,"—",IF(4=7,"—",IF(4=8,"—",""))))))))))))))) -> 6.2–6.5 | L17: =IF('🌱 Configuração'!$C$56="","",IF(4<1,"",IF(4>'🌱 Configuração'!$H$7,"",IF(IFERROR(MATCH('🌱 Configuração'!$H$12,{"BioBizz","Remo Nutrients","General Organics","SuperSoil","Genérico"},0),1)=1,IF(4=1,"0.8",IF(4=2,"1.0",IF(4=3,"1.2",IF(4=4,"1.4",IF(4=5,"1.5",IF(4=6,"1.4",IF(4=7,"1.4",IF(4=8,"1.4","")))))))),IF(IFERROR(MATCH('🌱 Configuração'!$H$12,{"BioBizz","Remo Nutrients","General Organics","SuperSoil","Genérico"},0),1)=2,IF(4=1,"0.8",IF(4=2,"1.0",IF(4=3,"1.2",IF(4=4,"1.4",IF(4=5,"1.5",IF(4=6,"1.5",IF(4=7,"1.4",IF(4=8,"1.4","")))))))),IF(IFERROR(MATCH('🌱 Configuração'!$H$12,{"BioBizz","Remo Nutrients","General Organics","SuperSoil","Genérico"},0),1)=3,IF(4=1,"N/A",IF(4=2,"N/A",IF(4=3,"N/A",IF(4=4,"N/A",IF(4=5,"N/A",IF(4=6,"N/A",IF(4=7,"N/A",IF(4=8,"N/A","")))))))),IF(IFERROR(MATCH('🌱 Configuração'!$H$12,{"BioBizz","Remo Nutrients","General Organics","SuperSoil","Genérico"},0),1)=4,IF(4=1,"auto",IF(4=2,"auto",IF(4=3,"auto",IF(4=4,"auto",IF(4=5,"auto",IF(4=6,"auto",IF(4=7,"auto",IF(4=8,"auto","")))))))),IF(4=1,"—",IF(4=2,"—",IF(4=3,"—",IF(4=4,"—",IF(4=5,"—",IF(4=6,"—",IF(4=7,"—",IF(4=8,"—",""))))))))))))))) -> 1.4 | M17: =IF('🌱 Configuração'!$C$56="","",IF(4<1,"",IF(4>'🌱 Configuração'!$H$7,"",IF(IFERROR(MATCH('🌱 Configuração'!$H$12,{"BioBizz","Remo Nutrients","General Organics","SuperSoil","Genérico"},0),1)=1,IF(4=1,"Fish·Mix em veg = mais N orgânico",IF(4=2,"Aumentar progressivamente",IF(4=3,"Foliar: Fish·Mix + Alg·A·Mic 1mL/L",IF(4=4,"LST / estrutura vegetativa",IF(4=5,"Pré-floração — reduzir Fish·Mix",IF(4=6,"Substituir Fish·Mix por Bio·Grow antes da flora",IF(4=7,"Semana de transição — introduzir Bloom",IF(4=8,"Semana extra de vega","")))))))),IF(IFERROR(MATCH('🌱 Configuração'!$H$12,{"BioBizz","Remo Nutrients","General Organics","SuperSoil","Genérico"},0),1)=2,IF(4=1,"Micro+Grow = base Remo para vega",IF(4=2,"Aumentar conforme tabela oficial",IF(4=3,"Semana 3 da tabela Remo",IF(4=4,"Semana 4 da tabela Remo — pico vega",IF(4=5,"Manter se continuar vega",IF(4=6,"Introduzir Bloom — transição",IF(4=7,"Reduzir Grow, aumentar Bloom",IF(4=8,"Semana extra de vega","")))))))),IF(IFERROR(MATCH('🌱 Configuração'!$H$12,{"BioBizz","Remo Nutrients","General Organics","SuperSoil","Genérico"},0),1)=3,IF(4=1,"GO não requer EC — pH auto-regula",IF(4=2,"Sem necessidade de ajuste pH em solo",IF(4=3,"Semana 3 veg GO",IF(4=4,"Reduzir BioRoot gradualmente",IF(4=5,"Manter Grow puro na vega",IF(4=6,"Semana transição — introduzir Bloom",IF(4=7,"Transição flora — reduzir Grow",IF(4=8,"Semana extra de vega GO","")))))))),IF(IFERROR(MATCH('🌱 Configuração'!$H$12,{"BioBizz","Remo Nutrients","General Organics","SuperSoil","Genérico"},0),1)=4,IF(4=1,"SuperSoil já contém todos os nutrientes",IF(4=2,"Torta de mamona = N lento | Osso = P",IF(4=3,"Mel de cana alimenta fungos e bactérias",IF(4=4,"Observar vigor — solo vivo trabalha",IF(4=5,"Alga = micro. | Cinzas = K e Ca",IF(4=6,"Pré-flora — ativar P e K no solo",IF(4=7,"Guano P alto = preparo para flora",IF(4=8,"Semana extra de vega SuperSoil","")))))))),IF(4=1,"Personalize suas doses",IF(4=2,"Personalize suas doses",IF(4=3,"Personalize suas doses",IF(4=4,"Personalize suas doses",IF(4=5,"Personalize suas doses",IF(4=6,"Personalize suas doses",IF(4=7,"Personalize suas doses",IF(4=8,"Personalize suas doses",""))))))))))))))) -> LST / estrutura vegetativa
B18: =IF(5<='🌱 Configuração'!$H$7,"S5","—") -> S5 | C18: =IF(5<='🌱 Configuração'!$H$7,'🌱 Configuração'!$C$56+28,"") -> 42 | D18: =IF('🌱 Configuração'!$C$56="","",IF(5<1,"",IF(5>'🌱 Configuração'!$H$7,"",IF(IFERROR(MATCH('🌱 Configuração'!$H$12,{"BioBizz","Remo Nutrients","General Organics","SuperSoil","Genérico"},0),1)=1,IF(5=1,"Bio·Grow",IF(5=2,"Bio·Grow",IF(5=3,"Bio·Grow",IF(5=4,"Bio·Grow",IF(5=5,"Bio·Grow",IF(5=6,"Bio·Grow",IF(5=7,"Bio·Grow",IF(5=8,"Bio·Grow","")))))))),IF(IFERROR(MATCH('🌱 Configuração'!$H$12,{"BioBizz","Remo Nutrients","General Organics","SuperSoil","Genérico"},0),1)=2,IF(5=1,"Micro",IF(5=2,"Micro",IF(5=3,"Micro",IF(5=4,"Micro",IF(5=5,"Micro",IF(5=6,"Micro",IF(5=7,"Micro",IF(5=8,"Micro","")))))))),IF(IFERROR(MATCH('🌱 Configuração'!$H$12,{"BioBizz","Remo Nutrients","General Organics","SuperSoil","Genérico"},0),1)=3,IF(5=1,"BioThrive G",IF(5=2,"BioThrive G",IF(5=3,"BioThrive G",IF(5=4,"BioThrive G",IF(5=5,"BioThrive G",IF(5=6,"BioThrive G",IF(5=7,"BioThrive G",IF(5=8,"BioThrive G","")))))))),IF(IFERROR(MATCH('🌱 Configuração'!$H$12,{"BioBizz","Remo Nutrients","General Organics","SuperSoil","Genérico"},0),1)=4,IF(5=1,"Chá de compostagem",IF(5=2,"Cobertura: torta de mamona",IF(5=3,"Molasses 2 mL/L",IF(5=4,"Chá de compostagem",IF(5=5,"Cobertura: farinha de alga",IF(5=6,"Molasses 2 mL/L",IF(5=7,"Cobertura: farinha de osso",IF(5=8,"Chá de compostagem","")))))))),IF(5=1,"← Preencha",IF(5=2,"← Preencha",IF(5=3,"← Preencha",IF(5=4,"← Preencha",IF(5=5,"← Preencha",IF(5=6,"← Preencha",IF(5=7,"← Preencha",IF(5=8,"← Preencha",""))))))))))))))) -> Bio·Grow | E18: =IF('🌱 Configuração'!$C$56="","",IF(5<1,"",IF(5>'🌱 Configuração'!$H$7,"",IF(IFERROR(MATCH('🌱 Configuração'!$H$12,{"BioBizz","Remo Nutrients","General Organics","SuperSoil","Genérico"},0),1)=1,IF(5=1,"1 mL/L",IF(5=2,"2 mL/L",IF(5=3,"2 mL/L",IF(5=4,"3 mL/L",IF(5=5,"4 mL/L",IF(5=6,"4 mL/L",IF(5=7,"4 mL/L",IF(5=8,"4 mL/L","")))))))),IF(IFERROR(MATCH('🌱 Configuração'!$H$12,{"BioBizz","Remo Nutrients","General Organics","SuperSoil","Genérico"},0),1)=2,IF(5=1,"1.3 mL/L",IF(5=2,"1.5 mL/L",IF(5=3,"1.8 mL/L",IF(5=4,"2.1 mL/L",IF(5=5,"2.1 mL/L",IF(5=6,"2.1 mL/L",IF(5=7,"2.1 mL/L",IF(5=8,"2.1 mL/L","")))))))),IF(IFERROR(MATCH('🌱 Configuração'!$H$12,{"BioBizz","Remo Nutrients","General Organics","SuperSoil","Genérico"},0),1)=3,IF(5=1,"1.3 mL/L",IF(5=2,"2.6 mL/L",IF(5=3,"2.6 mL/L",IF(5=4,"2.6 mL/L",IF(5=5,"2.6 mL/L",IF(5=6,"2.6 mL/L",IF(5=7,"1.3 mL/L",IF(5=8,"1.3 mL/L","")))))))),IF(IFERROR(MATCH('🌱 Configuração'!$H$12,{"BioBizz","Remo Nutrients","General Organics","SuperSoil","Genérico"},0),1)=4,IF(5=1,"2L/planta",IF(5=2,"10g/vaso",IF(5=3,"—",IF(5=4,"2L/planta",IF(5=5,"5g/L solo",IF(5=6,"—",IF(5=7,"10g/vaso",IF(5=8,"2L/planta","")))))))),IF(5=1,"—",IF(5=2,"—",IF(5=3,"—",IF(5=4,"—",IF(5=5,"—",IF(5=6,"—",IF(5=7,"—",IF(5=8,"—",""))))))))))))))) -> 4 mL/L | F18: =IF('🌱 Configuração'!$C$56="","",IF(5<1,"",IF(5>'🌱 Configuração'!$H$7,"",IF(IFERROR(MATCH('🌱 Configuração'!$H$12,{"BioBizz","Remo Nutrients","General Organics","SuperSoil","Genérico"},0),1)=1,IF(5=1,"Fish·Mix",IF(5=2,"Fish·Mix",IF(5=3,"Fish·Mix",IF(5=4,"Fish·Mix",IF(5=5,"Fish·Mix",IF(5=6,"—",IF(5=7,"Bio·Bloom",IF(5=8,"Bio·Bloom","")))))))),IF(IFERROR(MATCH('🌱 Configuração'!$H$12,{"BioBizz","Remo Nutrients","General Organics","SuperSoil","Genérico"},0),1)=2,IF(5=1,"Grow",IF(5=2,"Grow",IF(5=3,"Grow",IF(5=4,"Grow",IF(5=5,"Grow",IF(5=6,"Grow",IF(5=7,"Grow",IF(5=8,"Grow","")))))))),IF(IFERROR(MATCH('🌱 Configuração'!$H$12,{"BioBizz","Remo Nutrients","General Organics","SuperSoil","Genérico"},0),1)=3,IF(5=1,"BioRoot",IF(5=2,"BioRoot",IF(5=3,"BioRoot",IF(5=4,"BioRoot",IF(5=5,"CaMg+",IF(5=6,"BioThrive B",IF(5=7,"BioThrive B",IF(5=8,"BioThrive B","")))))))),IF(IFERROR(MATCH('🌱 Configuração'!$H$12,{"BioBizz","Remo Nutrients","General Organics","SuperSoil","Genérico"},0),1)=4,IF(5=1,"—",IF(5=2,"Cobertura: farinha de osso",IF(5=3,"—",IF(5=4,"—",IF(5=5,"Cobertura: cinzas de madeira",IF(5=6,"—",IF(5=7,"Cobertura: guano de morcego",IF(5=8,"—","")))))))),IF(5=1,"—",IF(5=2,"—",IF(5=3,"—",IF(5=4,"—",IF(5=5,"—",IF(5=6,"—",IF(5=7,"—",IF(5=8,"—",""))))))))))))))) -> Fish·Mix | G18: =IF('🌱 Configuração'!$C$56="","",IF(5<1,"",IF(5>'🌱 Configuração'!$H$7,"",IF(IFERROR(MATCH('🌱 Configuração'!$H$12,{"BioBizz","Remo Nutrients","General Organics","SuperSoil","Genérico"},0),1)=1,IF(5=1,"1 mL/L",IF(5=2,"2 mL/L",IF(5=3,"2 mL/L",IF(5=4,"3 mL/L",IF(5=5,"3 mL/L",IF(5=6,"—",IF(5=7,"1 mL/L",IF(5=8,"2 mL/L","")))))))),IF(IFERROR(MATCH('🌱 Configuração'!$H$12,{"BioBizz","Remo Nutrients","General Organics","SuperSoil","Genérico"},0),1)=2,IF(5=1,"1.3 mL/L",IF(5=2,"1.5 mL/L",IF(5=3,"1.8 mL/L",IF(5=4,"2.1 mL/L",IF(5=5,"2.1 mL/L",IF(5=6,"2.1 mL/L",IF(5=7,"1.0 mL/L",IF(5=8,"0.5 mL/L","")))))))),IF(IFERROR(MATCH('🌱 Configuração'!$H$12,{"BioBizz","Remo Nutrients","General Organics","SuperSoil","Genérico"},0),1)=3,IF(5=1,"2.6 mL/L",IF(5=2,"2.6 mL/L",IF(5=3,"2.6 mL/L",IF(5=4,"1.3 mL/L",IF(5=5,"1.3 mL/L",IF(5=6,"1.3 mL/L",IF(5=7,"2.6 mL/L",IF(5=8,"2.6 mL/L","")))))))),IF(IFERROR(MATCH('🌱 Configuração'!$H$12,{"BioBizz","Remo Nutrients","General Organics","SuperSoil","Genérico"},0),1)=4,IF(5=1,"—",IF(5=2,"10g/vaso",IF(5=3,"—",IF(5=4,"—",IF(5=5,"3g/L",IF(5=6,"—",IF(5=7,"5g/L",IF(5=8,"—","")))))))),IF(5=1,"—",IF(5=2,"—",IF(5=3,"—",IF(5=4,"—",IF(5=5,"—",IF(5=6,"—",IF(5=7,"—",IF(5=8,"—",""))))))))))))))) -> 3 mL/L | H18: =IF('🌱 Configuração'!$C$56="","",IF(5<1,"",IF(5>'🌱 Configuração'!$H$7,"",IF(IFERROR(MATCH('🌱 Configuração'!$H$12,{"BioBizz","Remo Nutrients","General Organics","SuperSoil","Genérico"},0),1)=1,IF(5=1,"—",IF(5=2,"—",IF(5=3,"—",IF(5=4,"—",IF(5=5,"—",IF(5=6,"—",IF(5=7,"—",IF(5=8,"—","")))))))),IF(IFERROR(MATCH('🌱 Configuração'!$H$12,{"BioBizz","Remo Nutrients","General Organics","SuperSoil","Genérico"},0),1)=2,IF(5=1,"—",IF(5=2,"—",IF(5=3,"—",IF(5=4,"—",IF(5=5,"—",IF(5=6,"Bloom",IF(5=7,"Bloom",IF(5=8,"Bloom","")))))))),IF(IFERROR(MATCH('🌱 Configuração'!$H$12,{"BioBizz","Remo Nutrients","General Organics","SuperSoil","Genérico"},0),1)=3,IF(5=1,"CaMg+",IF(5=2,"CaMg+",IF(5=3,"CaMg+",IF(5=4,"CaMg+",IF(5=5,"—",IF(5=6,"CaMg+",IF(5=7,"CaMg+",IF(5=8,"CaMg+","")))))))),IF(IFERROR(MATCH('🌱 Configuração'!$H$12,{"BioBizz","Remo Nutrients","General Organics","SuperSoil","Genérico"},0),1)=4,IF(5=1,"—",IF(5=2,"—",IF(5=3,"—",IF(5=4,"—",IF(5=5,"—",IF(5=6,"—",IF(5=7,"—",IF(5=8,"—","")))))))),IF(5=1,"—",IF(5=2,"—",IF(5=3,"—",IF(5=4,"—",IF(5=5,"—",IF(5=6,"—",IF(5=7,"—",IF(5=8,"—",""))))))))))))))) -> — | I18: =IF('🌱 Configuração'!$C$56="","",IF(5<1,"",IF(5>'🌱 Configuração'!$H$7,"",IF(IFERROR(MATCH('🌱 Configuração'!$H$12,{"BioBizz","Remo Nutrients","General Organics","SuperSoil","Genérico"},0),1)=1,IF(5=1,"—",IF(5=2,"—",IF(5=3,"—",IF(5=4,"—",IF(5=5,"—",IF(5=6,"—",IF(5=7,"—",IF(5=8,"—","")))))))),IF(IFERROR(MATCH('🌱 Configuração'!$H$12,{"BioBizz","Remo Nutrients","General Organics","SuperSoil","Genérico"},0),1)=2,IF(5=1,"—",IF(5=2,"—",IF(5=3,"—",IF(5=4,"—",IF(5=5,"—",IF(5=6,"1.0 mL/L",IF(5=7,"2.1 mL/L",IF(5=8,"2.1 mL/L","")))))))),IF(IFERROR(MATCH('🌱 Configuração'!$H$12,{"BioBizz","Remo Nutrients","General Organics","SuperSoil","Genérico"},0),1)=3,IF(5=1,"1.3 mL/L",IF(5=2,"1.3 mL/L",IF(5=3,"1.3 mL/L",IF(5=4,"1.3 mL/L",IF(5=5,"—",IF(5=6,"1.3 mL/L",IF(5=7,"1.3 mL/L",IF(5=8,"1.3 mL/L","")))))))),IF(IFERROR(MATCH('🌱 Configuração'!$H$12,{"BioBizz","Remo Nutrients","General Organics","SuperSoil","Genérico"},0),1)=4,IF(5=1,"—",IF(5=2,"—",IF(5=3,"—",IF(5=4,"—",IF(5=5,"—",IF(5=6,"—",IF(5=7,"—",IF(5=8,"—","")))))))),IF(5=1,"—",IF(5=2,"—",IF(5=3,"—",IF(5=4,"—",IF(5=5,"—",IF(5=6,"—",IF(5=7,"—",IF(5=8,"—",""))))))))))))))) -> — | J18: =IF('🌱 Configuração'!$C$56="","",IF(5<1,"",IF(5>'🌱 Configuração'!$H$7,"",IF(IFERROR(MATCH('🌱 Configuração'!$H$12,{"BioBizz","Remo Nutrients","General Organics","SuperSoil","Genérico"},0),1)=1,IF(5=1,"Alg·A·Mic 1mL",IF(5=2,"—",IF(5=3,"Alg·A·Mic 1mL",IF(5=4,"—",IF(5=5,"Alg·A·Mic 1mL",IF(5=6,"—",IF(5=7,"—",IF(5=8,"—","")))))))),IF(IFERROR(MATCH('🌱 Configuração'!$H$12,{"BioBizz","Remo Nutrients","General Organics","SuperSoil","Genérico"},0),1)=2,IF(5=1,"Magnifical 0.5",IF(5=2,"Magnifical 0.5",IF(5=3,"Magnifical 1.0",IF(5=4,"Magnifical 1.0",IF(5=5,"Magnifical 1.0",IF(5=6,"Magnifical 1.0",IF(5=7,"—",IF(5=8,"—","")))))))),IF(IFERROR(MATCH('🌱 Configuração'!$H$12,{"BioBizz","Remo Nutrients","General Organics","SuperSoil","Genérico"},0),1)=3,IF(5=1,"BioWeed 0.7",IF(5=2,"BioWeed 0.7",IF(5=3,"—",IF(5=4,"—",IF(5=5,"—",IF(5=6,"—",IF(5=7,"—",IF(5=8,"—","")))))))),IF(IFERROR(MATCH('🌱 Configuração'!$H$12,{"BioBizz","Remo Nutrients","General Organics","SuperSoil","Genérico"},0),1)=4,IF(5=1,"Vermicomposto",IF(5=2,"—",IF(5=3,"—",IF(5=4,"—",IF(5=5,"—",IF(5=6,"Microrganismos",IF(5=7,"—",IF(5=8,"—","")))))))),IF(5=1,"—",IF(5=2,"—",IF(5=3,"—",IF(5=4,"—",IF(5=5,"—",IF(5=6,"—",IF(5=7,"—",IF(5=8,"—",""))))))))))))))) -> Alg·A·Mic 1mL | K18: =IF('🌱 Configuração'!$C$56="","",IF(5<1,"",IF(5>'🌱 Configuração'!$H$7,"",IF(IFERROR(MATCH('🌱 Configuração'!$H$12,{"BioBizz","Remo Nutrients","General Organics","SuperSoil","Genérico"},0),1)=1,IF(5=1,"6.2–6.5",IF(5=2,"6.2–6.5",IF(5=3,"6.2–6.5",IF(5=4,"6.2–6.5",IF(5=5,"6.2–6.5",IF(5=6,"6.2–6.5",IF(5=7,"6.2–6.5",IF(5=8,"6.2–6.5","")))))))),IF(IFERROR(MATCH('🌱 Configuração'!$H$12,{"BioBizz","Remo Nutrients","General Organics","SuperSoil","Genérico"},0),1)=2,IF(5=1,"6.0–6.3",IF(5=2,"6.0–6.3",IF(5=3,"6.0–6.3",IF(5=4,"6.0–6.3",IF(5=5,"6.0–6.3",IF(5=6,"6.0–6.3",IF(5=7,"6.0–6.3",IF(5=8,"6.0–6.3","")))))))),IF(IFERROR(MATCH('🌱 Configuração'!$H$12,{"BioBizz","Remo Nutrients","General Organics","SuperSoil","Genérico"},0),1)=3,IF(5=1,"6.2–7.0",IF(5=2,"6.2–7.0",IF(5=3,"6.2–7.0",IF(5=4,"6.2–7.0",IF(5=5,"6.2–7.0",IF(5=6,"6.2–7.0",IF(5=7,"6.2–7.0",IF(5=8,"6.2–7.0","")))))))),IF(IFERROR(MATCH('🌱 Configuração'!$H$12,{"BioBizz","Remo Nutrients","General Organics","SuperSoil","Genérico"},0),1)=4,IF(5=1,"auto",IF(5=2,"auto",IF(5=3,"auto",IF(5=4,"auto",IF(5=5,"auto",IF(5=6,"auto",IF(5=7,"auto",IF(5=8,"auto","")))))))),IF(5=1,"—",IF(5=2,"—",IF(5=3,"—",IF(5=4,"—",IF(5=5,"—",IF(5=6,"—",IF(5=7,"—",IF(5=8,"—",""))))))))))))))) -> 6.2–6.5 | L18: =IF('🌱 Configuração'!$C$56="","",IF(5<1,"",IF(5>'🌱 Configuração'!$H$7,"",IF(IFERROR(MATCH('🌱 Configuração'!$H$12,{"BioBizz","Remo Nutrients","General Organics","SuperSoil","Genérico"},0),1)=1,IF(5=1,"0.8",IF(5=2,"1.0",IF(5=3,"1.2",IF(5=4,"1.4",IF(5=5,"1.5",IF(5=6,"1.4",IF(5=7,"1.4",IF(5=8,"1.4","")))))))),IF(IFERROR(MATCH('🌱 Configuração'!$H$12,{"BioBizz","Remo Nutrients","General Organics","SuperSoil","Genérico"},0),1)=2,IF(5=1,"0.8",IF(5=2,"1.0",IF(5=3,"1.2",IF(5=4,"1.4",IF(5=5,"1.5",IF(5=6,"1.5",IF(5=7,"1.4",IF(5=8,"1.4","")))))))),IF(IFERROR(MATCH('🌱 Configuração'!$H$12,{"BioBizz","Remo Nutrients","General Organics","SuperSoil","Genérico"},0),1)=3,IF(5=1,"N/A",IF(5=2,"N/A",IF(5=3,"N/A",IF(5=4,"N/A",IF(5=5,"N/A",IF(5=6,"N/A",IF(5=7,"N/A",IF(5=8,"N/A","")))))))),IF(IFERROR(MATCH('🌱 Configuração'!$H$12,{"BioBizz","Remo Nutrients","General Organics","SuperSoil","Genérico"},0),1)=4,IF(5=1,"auto",IF(5=2,"auto",IF(5=3,"auto",IF(5=4,"auto",IF(5=5,"auto",IF(5=6,"auto",IF(5=7,"auto",IF(5=8,"auto","")))))))),IF(5=1,"—",IF(5=2,"—",IF(5=3,"—",IF(5=4,"—",IF(5=5,"—",IF(5=6,"—",IF(5=7,"—",IF(5=8,"—",""))))))))))))))) -> 1.5 | M18: =IF('🌱 Configuração'!$C$56="","",IF(5<1,"",IF(5>'🌱 Configuração'!$H$7,"",IF(IFERROR(MATCH('🌱 Configuração'!$H$12,{"BioBizz","Remo Nutrients","General Organics","SuperSoil","Genérico"},0),1)=1,IF(5=1,"Fish·Mix em veg = mais N orgânico",IF(5=2,"Aumentar progressivamente",IF(5=3,"Foliar: Fish·Mix + Alg·A·Mic 1mL/L",IF(5=4,"LST / estrutura vegetativa",IF(5=5,"Pré-floração — reduzir Fish·Mix",IF(5=6,"Substituir Fish·Mix por Bio·Grow antes da flora",IF(5=7,"Semana de transição — introduzir Bloom",IF(5=8,"Semana extra de vega","")))))))),IF(IFERROR(MATCH('🌱 Configuração'!$H$12,{"BioBizz","Remo Nutrients","General Organics","SuperSoil","Genérico"},0),1)=2,IF(5=1,"Micro+Grow = base Remo para vega",IF(5=2,"Aumentar conforme tabela oficial",IF(5=3,"Semana 3 da tabela Remo",IF(5=4,"Semana 4 da tabela Remo — pico vega",IF(5=5,"Manter se continuar vega",IF(5=6,"Introduzir Bloom — transição",IF(5=7,"Reduzir Grow, aumentar Bloom",IF(5=8,"Semana extra de vega","")))))))),IF(IFERROR(MATCH('🌱 Configuração'!$H$12,{"BioBizz","Remo Nutrients","General Organics","SuperSoil","Genérico"},0),1)=3,IF(5=1,"GO não requer EC — pH auto-regula",IF(5=2,"Sem necessidade de ajuste pH em solo",IF(5=3,"Semana 3 veg GO",IF(5=4,"Reduzir BioRoot gradualmente",IF(5=5,"Manter Grow puro na vega",IF(5=6,"Semana transição — introduzir Bloom",IF(5=7,"Transição flora — reduzir Grow",IF(5=8,"Semana extra de vega GO","")))))))),IF(IFERROR(MATCH('🌱 Configuração'!$H$12,{"BioBizz","Remo Nutrients","General Organics","SuperSoil","Genérico"},0),1)=4,IF(5=1,"SuperSoil já contém todos os nutrientes",IF(5=2,"Torta de mamona = N lento | Osso = P",IF(5=3,"Mel de cana alimenta fungos e bactérias",IF(5=4,"Observar vigor — solo vivo trabalha",IF(5=5,"Alga = micro. | Cinzas = K e Ca",IF(5=6,"Pré-flora — ativar P e K no solo",IF(5=7,"Guano P alto = preparo para flora",IF(5=8,"Semana extra de vega SuperSoil","")))))))),IF(5=1,"Personalize suas doses",IF(5=2,"Personalize suas doses",IF(5=3,"Personalize suas doses",IF(5=4,"Personalize suas doses",IF(5=5,"Personalize suas doses",IF(5=6,"Personalize suas doses",IF(5=7,"Personalize suas doses",IF(5=8,"Personalize suas doses",""))))))))))))))) -> Pré-floração — reduzir Fish·Mix
B19: =IF(6<='🌱 Configuração'!$H$7,"S6","—") -> S6 | C19: =IF(6<='🌱 Configuração'!$H$7,'🌱 Configuração'!$C$56+35,"") -> 49 | D19: =IF('🌱 Configuração'!$C$56="","",IF(6<1,"",IF(6>'🌱 Configuração'!$H$7,"",IF(IFERROR(MATCH('🌱 Configuração'!$H$12,{"BioBizz","Remo Nutrients","General Organics","SuperSoil","Genérico"},0),1)=1,IF(6=1,"Bio·Grow",IF(6=2,"Bio·Grow",IF(6=3,"Bio·Grow",IF(6=4,"Bio·Grow",IF(6=5,"Bio·Grow",IF(6=6,"Bio·Grow",IF(6=7,"Bio·Grow",IF(6=8,"Bio·Grow","")))))))),IF(IFERROR(MATCH('🌱 Configuração'!$H$12,{"BioBizz","Remo Nutrients","General Organics","SuperSoil","Genérico"},0),1)=2,IF(6=1,"Micro",IF(6=2,"Micro",IF(6=3,"Micro",IF(6=4,"Micro",IF(6=5,"Micro",IF(6=6,"Micro",IF(6=7,"Micro",IF(6=8,"Micro","")))))))),IF(IFERROR(MATCH('🌱 Configuração'!$H$12,{"BioBizz","Remo Nutrients","General Organics","SuperSoil","Genérico"},0),1)=3,IF(6=1,"BioThrive G",IF(6=2,"BioThrive G",IF(6=3,"BioThrive G",IF(6=4,"BioThrive G",IF(6=5,"BioThrive G",IF(6=6,"BioThrive G",IF(6=7,"BioThrive G",IF(6=8,"BioThrive G","")))))))),IF(IFERROR(MATCH('🌱 Configuração'!$H$12,{"BioBizz","Remo Nutrients","General Organics","SuperSoil","Genérico"},0),1)=4,IF(6=1,"Chá de compostagem",IF(6=2,"Cobertura: torta de mamona",IF(6=3,"Molasses 2 mL/L",IF(6=4,"Chá de compostagem",IF(6=5,"Cobertura: farinha de alga",IF(6=6,"Molasses 2 mL/L",IF(6=7,"Cobertura: farinha de osso",IF(6=8,"Chá de compostagem","")))))))),IF(6=1,"← Preencha",IF(6=2,"← Preencha",IF(6=3,"← Preencha",IF(6=4,"← Preencha",IF(6=5,"← Preencha",IF(6=6,"← Preencha",IF(6=7,"← Preencha",IF(6=8,"← Preencha",""))))))))))))))) -> Bio·Grow | E19: =IF('🌱 Configuração'!$C$56="","",IF(6<1,"",IF(6>'🌱 Configuração'!$H$7,"",IF(IFERROR(MATCH('🌱 Configuração'!$H$12,{"BioBizz","Remo Nutrients","General Organics","SuperSoil","Genérico"},0),1)=1,IF(6=1,"1 mL/L",IF(6=2,"2 mL/L",IF(6=3,"2 mL/L",IF(6=4,"3 mL/L",IF(6=5,"4 mL/L",IF(6=6,"4 mL/L",IF(6=7,"4 mL/L",IF(6=8,"4 mL/L","")))))))),IF(IFERROR(MATCH('🌱 Configuração'!$H$12,{"BioBizz","Remo Nutrients","General Organics","SuperSoil","Genérico"},0),1)=2,IF(6=1,"1.3 mL/L",IF(6=2,"1.5 mL/L",IF(6=3,"1.8 mL/L",IF(6=4,"2.1 mL/L",IF(6=5,"2.1 mL/L",IF(6=6,"2.1 mL/L",IF(6=7,"2.1 mL/L",IF(6=8,"2.1 mL/L","")))))))),IF(IFERROR(MATCH('🌱 Configuração'!$H$12,{"BioBizz","Remo Nutrients","General Organics","SuperSoil","Genérico"},0),1)=3,IF(6=1,"1.3 mL/L",IF(6=2,"2.6 mL/L",IF(6=3,"2.6 mL/L",IF(6=4,"2.6 mL/L",IF(6=5,"2.6 mL/L",IF(6=6,"2.6 mL/L",IF(6=7,"1.3 mL/L",IF(6=8,"1.3 mL/L","")))))))),IF(IFERROR(MATCH('🌱 Configuração'!$H$12,{"BioBizz","Remo Nutrients","General Organics","SuperSoil","Genérico"},0),1)=4,IF(6=1,"2L/planta",IF(6=2,"10g/vaso",IF(6=3,"—",IF(6=4,"2L/planta",IF(6=5,"5g/L solo",IF(6=6,"—",IF(6=7,"10g/vaso",IF(6=8,"2L/planta","")))))))),IF(6=1,"—",IF(6=2,"—",IF(6=3,"—",IF(6=4,"—",IF(6=5,"—",IF(6=6,"—",IF(6=7,"—",IF(6=8,"—",""))))))))))))))) -> 4 mL/L | F19: =IF('🌱 Configuração'!$C$56="","",IF(6<1,"",IF(6>'🌱 Configuração'!$H$7,"",IF(IFERROR(MATCH('🌱 Configuração'!$H$12,{"BioBizz","Remo Nutrients","General Organics","SuperSoil","Genérico"},0),1)=1,IF(6=1,"Fish·Mix",IF(6=2,"Fish·Mix",IF(6=3,"Fish·Mix",IF(6=4,"Fish·Mix",IF(6=5,"Fish·Mix",IF(6=6,"—",IF(6=7,"Bio·Bloom",IF(6=8,"Bio·Bloom","")))))))),IF(IFERROR(MATCH('🌱 Configuração'!$H$12,{"BioBizz","Remo Nutrients","General Organics","SuperSoil","Genérico"},0),1)=2,IF(6=1,"Grow",IF(6=2,"Grow",IF(6=3,"Grow",IF(6=4,"Grow",IF(6=5,"Grow",IF(6=6,"Grow",IF(6=7,"Grow",IF(6=8,"Grow","")))))))),IF(IFERROR(MATCH('🌱 Configuração'!$H$12,{"BioBizz","Remo Nutrients","General Organics","SuperSoil","Genérico"},0),1)=3,IF(6=1,"BioRoot",IF(6=2,"BioRoot",IF(6=3,"BioRoot",IF(6=4,"BioRoot",IF(6=5,"CaMg+",IF(6=6,"BioThrive B",IF(6=7,"BioThrive B",IF(6=8,"BioThrive B","")))))))),IF(IFERROR(MATCH('🌱 Configuração'!$H$12,{"BioBizz","Remo Nutrients","General Organics","SuperSoil","Genérico"},0),1)=4,IF(6=1,"—",IF(6=2,"Cobertura: farinha de osso",IF(6=3,"—",IF(6=4,"—",IF(6=5,"Cobertura: cinzas de madeira",IF(6=6,"—",IF(6=7,"Cobertura: guano de morcego",IF(6=8,"—","")))))))),IF(6=1,"—",IF(6=2,"—",IF(6=3,"—",IF(6=4,"—",IF(6=5,"—",IF(6=6,"—",IF(6=7,"—",IF(6=8,"—",""))))))))))))))) -> — | G19: =IF('🌱 Configuração'!$C$56="","",IF(6<1,"",IF(6>'🌱 Configuração'!$H$7,"",IF(IFERROR(MATCH('🌱 Configuração'!$H$12,{"BioBizz","Remo Nutrients","General Organics","SuperSoil","Genérico"},0),1)=1,IF(6=1,"1 mL/L",IF(6=2,"2 mL/L",IF(6=3,"2 mL/L",IF(6=4,"3 mL/L",IF(6=5,"3 mL/L",IF(6=6,"—",IF(6=7,"1 mL/L",IF(6=8,"2 mL/L","")))))))),IF(IFERROR(MATCH('🌱 Configuração'!$H$12,{"BioBizz","Remo Nutrients","General Organics","SuperSoil","Genérico"},0),1)=2,IF(6=1,"1.3 mL/L",IF(6=2,"1.5 mL/L",IF(6=3,"1.8 mL/L",IF(6=4,"2.1 mL/L",IF(6=5,"2.1 mL/L",IF(6=6,"2.1 mL/L",IF(6=7,"1.0 mL/L",IF(6=8,"0.5 mL/L","")))))))),IF(IFERROR(MATCH('🌱 Configuração'!$H$12,{"BioBizz","Remo Nutrients","General Organics","SuperSoil","Genérico"},0),1)=3,IF(6=1,"2.6 mL/L",IF(6=2,"2.6 mL/L",IF(6=3,"2.6 mL/L",IF(6=4,"1.3 mL/L",IF(6=5,"1.3 mL/L",IF(6=6,"1.3 mL/L",IF(6=7,"2.6 mL/L",IF(6=8,"2.6 mL/L","")))))))),IF(IFERROR(MATCH('🌱 Configuração'!$H$12,{"BioBizz","Remo Nutrients","General Organics","SuperSoil","Genérico"},0),1)=4,IF(6=1,"—",IF(6=2,"10g/vaso",IF(6=3,"—",IF(6=4,"—",IF(6=5,"3g/L",IF(6=6,"—",IF(6=7,"5g/L",IF(6=8,"—","")))))))),IF(6=1,"—",IF(6=2,"—",IF(6=3,"—",IF(6=4,"—",IF(6=5,"—",IF(6=6,"—",IF(6=7,"—",IF(6=8,"—",""))))))))))))))) -> — | H19: =IF('🌱 Configuração'!$C$56="","",IF(6<1,"",IF(6>'🌱 Configuração'!$H$7,"",IF(IFERROR(MATCH('🌱 Configuração'!$H$12,{"BioBizz","Remo Nutrients","General Organics","SuperSoil","Genérico"},0),1)=1,IF(6=1,"—",IF(6=2,"—",IF(6=3,"—",IF(6=4,"—",IF(6=5,"—",IF(6=6,"—",IF(6=7,"—",IF(6=8,"—","")))))))),IF(IFERROR(MATCH('🌱 Configuração'!$H$12,{"BioBizz","Remo Nutrients","General Organics","SuperSoil","Genérico"},0),1)=2,IF(6=1,"—",IF(6=2,"—",IF(6=3,"—",IF(6=4,"—",IF(6=5,"—",IF(6=6,"Bloom",IF(6=7,"Bloom",IF(6=8,"Bloom","")))))))),IF(IFERROR(MATCH('🌱 Configuração'!$H$12,{"BioBizz","Remo Nutrients","General Organics","SuperSoil","Genérico"},0),1)=3,IF(6=1,"CaMg+",IF(6=2,"CaMg+",IF(6=3,"CaMg+",IF(6=4,"CaMg+",IF(6=5,"—",IF(6=6,"CaMg+",IF(6=7,"CaMg+",IF(6=8,"CaMg+","")))))))),IF(IFERROR(MATCH('🌱 Configuração'!$H$12,{"BioBizz","Remo Nutrients","General Organics","SuperSoil","Genérico"},0),1)=4,IF(6=1,"—",IF(6=2,"—",IF(6=3,"—",IF(6=4,"—",IF(6=5,"—",IF(6=6,"—",IF(6=7,"—",IF(6=8,"—","")))))))),IF(6=1,"—",IF(6=2,"—",IF(6=3,"—",IF(6=4,"—",IF(6=5,"—",IF(6=6,"—",IF(6=7,"—",IF(6=8,"—",""))))))))))))))) -> — | I19: =IF('🌱 Configuração'!$C$56="","",IF(6<1,"",IF(6>'🌱 Configuração'!$H$7,"",IF(IFERROR(MATCH('🌱 Configuração'!$H$12,{"BioBizz","Remo Nutrients","General Organics","SuperSoil","Genérico"},0),1)=1,IF(6=1,"—",IF(6=2,"—",IF(6=3,"—",IF(6=4,"—",IF(6=5,"—",IF(6=6,"—",IF(6=7,"—",IF(6=8,"—","")))))))),IF(IFERROR(MATCH('🌱 Configuração'!$H$12,{"BioBizz","Remo Nutrients","General Organics","SuperSoil","Genérico"},0),1)=2,IF(6=1,"—",IF(6=2,"—",IF(6=3,"—",IF(6=4,"—",IF(6=5,"—",IF(6=6,"1.0 mL/L",IF(6=7,"2.1 mL/L",IF(6=8,"2.1 mL/L","")))))))),IF(IFERROR(MATCH('🌱 Configuração'!$H$12,{"BioBizz","Remo Nutrients","General Organics","SuperSoil","Genérico"},0),1)=3,IF(6=1,"1.3 mL/L",IF(6=2,"1.3 mL/L",IF(6=3,"1.3 mL/L",IF(6=4,"1.3 mL/L",IF(6=5,"—",IF(6=6,"1.3 mL/L",IF(6=7,"1.3 mL/L",IF(6=8,"1.3 mL/L","")))))))),IF(IFERROR(MATCH('🌱 Configuração'!$H$12,{"BioBizz","Remo Nutrients","General Organics","SuperSoil","Genérico"},0),1)=4,IF(6=1,"—",IF(6=2,"—",IF(6=3,"—",IF(6=4,"—",IF(6=5,"—",IF(6=6,"—",IF(6=7,"—",IF(6=8,"—","")))))))),IF(6=1,"—",IF(6=2,"—",IF(6=3,"—",IF(6=4,"—",IF(6=5,"—",IF(6=6,"—",IF(6=7,"—",IF(6=8,"—",""))))))))))))))) -> — | J19: =IF('🌱 Configuração'!$C$56="","",IF(6<1,"",IF(6>'🌱 Configuração'!$H$7,"",IF(IFERROR(MATCH('🌱 Configuração'!$H$12,{"BioBizz","Remo Nutrients","General Organics","SuperSoil","Genérico"},0),1)=1,IF(6=1,"Alg·A·Mic 1mL",IF(6=2,"—",IF(6=3,"Alg·A·Mic 1mL",IF(6=4,"—",IF(6=5,"Alg·A·Mic 1mL",IF(6=6,"—",IF(6=7,"—",IF(6=8,"—","")))))))),IF(IFERROR(MATCH('🌱 Configuração'!$H$12,{"BioBizz","Remo Nutrients","General Organics","SuperSoil","Genérico"},0),1)=2,IF(6=1,"Magnifical 0.5",IF(6=2,"Magnifical 0.5",IF(6=3,"Magnifical 1.0",IF(6=4,"Magnifical 1.0",IF(6=5,"Magnifical 1.0",IF(6=6,"Magnifical 1.0",IF(6=7,"—",IF(6=8,"—","")))))))),IF(IFERROR(MATCH('🌱 Configuração'!$H$12,{"BioBizz","Remo Nutrients","General Organics","SuperSoil","Genérico"},0),1)=3,IF(6=1,"BioWeed 0.7",IF(6=2,"BioWeed 0.7",IF(6=3,"—",IF(6=4,"—",IF(6=5,"—",IF(6=6,"—",IF(6=7,"—",IF(6=8,"—","")))))))),IF(IFERROR(MATCH('🌱 Configuração'!$H$12,{"BioBizz","Remo Nutrients","General Organics","SuperSoil","Genérico"},0),1)=4,IF(6=1,"Vermicomposto",IF(6=2,"—",IF(6=3,"—",IF(6=4,"—",IF(6=5,"—",IF(6=6,"Microrganismos",IF(6=7,"—",IF(6=8,"—","")))))))),IF(6=1,"—",IF(6=2,"—",IF(6=3,"—",IF(6=4,"—",IF(6=5,"—",IF(6=6,"—",IF(6=7,"—",IF(6=8,"—",""))))))))))))))) -> — | K19: =IF('🌱 Configuração'!$C$56="","",IF(6<1,"",IF(6>'🌱 Configuração'!$H$7,"",IF(IFERROR(MATCH('🌱 Configuração'!$H$12,{"BioBizz","Remo Nutrients","General Organics","SuperSoil","Genérico"},0),1)=1,IF(6=1,"6.2–6.5",IF(6=2,"6.2–6.5",IF(6=3,"6.2–6.5",IF(6=4,"6.2–6.5",IF(6=5,"6.2–6.5",IF(6=6,"6.2–6.5",IF(6=7,"6.2–6.5",IF(6=8,"6.2–6.5","")))))))),IF(IFERROR(MATCH('🌱 Configuração'!$H$12,{"BioBizz","Remo Nutrients","General Organics","SuperSoil","Genérico"},0),1)=2,IF(6=1,"6.0–6.3",IF(6=2,"6.0–6.3",IF(6=3,"6.0–6.3",IF(6=4,"6.0–6.3",IF(6=5,"6.0–6.3",IF(6=6,"6.0–6.3",IF(6=7,"6.0–6.3",IF(6=8,"6.0–6.3","")))))))),IF(IFERROR(MATCH('🌱 Configuração'!$H$12,{"BioBizz","Remo Nutrients","General Organics","SuperSoil","Genérico"},0),1)=3,IF(6=1,"6.2–7.0",IF(6=2,"6.2–7.0",IF(6=3,"6.2–7.0",IF(6=4,"6.2–7.0",IF(6=5,"6.2–7.0",IF(6=6,"6.2–7.0",IF(6=7,"6.2–7.0",IF(6=8,"6.2–7.0","")))))))),IF(IFERROR(MATCH('🌱 Configuração'!$H$12,{"BioBizz","Remo Nutrients","General Organics","SuperSoil","Genérico"},0),1)=4,IF(6=1,"auto",IF(6=2,"auto",IF(6=3,"auto",IF(6=4,"auto",IF(6=5,"auto",IF(6=6,"auto",IF(6=7,"auto",IF(6=8,"auto","")))))))),IF(6=1,"—",IF(6=2,"—",IF(6=3,"—",IF(6=4,"—",IF(6=5,"—",IF(6=6,"—",IF(6=7,"—",IF(6=8,"—",""))))))))))))))) -> 6.2–6.5 | L19: =IF('🌱 Configuração'!$C$56="","",IF(6<1,"",IF(6>'🌱 Configuração'!$H$7,"",IF(IFERROR(MATCH('🌱 Configuração'!$H$12,{"BioBizz","Remo Nutrients","General Organics","SuperSoil","Genérico"},0),1)=1,IF(6=1,"0.8",IF(6=2,"1.0",IF(6=3,"1.2",IF(6=4,"1.4",IF(6=5,"1.5",IF(6=6,"1.4",IF(6=7,"1.4",IF(6=8,"1.4","")))))))),IF(IFERROR(MATCH('🌱 Configuração'!$H$12,{"BioBizz","Remo Nutrients","General Organics","SuperSoil","Genérico"},0),1)=2,IF(6=1,"0.8",IF(6=2,"1.0",IF(6=3,"1.2",IF(6=4,"1.4",IF(6=5,"1.5",IF(6=6,"1.5",IF(6=7,"1.4",IF(6=8,"1.4","")))))))),IF(IFERROR(MATCH('🌱 Configuração'!$H$12,{"BioBizz","Remo Nutrients","General Organics","SuperSoil","Genérico"},0),1)=3,IF(6=1,"N/A",IF(6=2,"N/A",IF(6=3,"N/A",IF(6=4,"N/A",IF(6=5,"N/A",IF(6=6,"N/A",IF(6=7,"N/A",IF(6=8,"N/A","")))))))),IF(IFERROR(MATCH('🌱 Configuração'!$H$12,{"BioBizz","Remo Nutrients","General Organics","SuperSoil","Genérico"},0),1)=4,IF(6=1,"auto",IF(6=2,"auto",IF(6=3,"auto",IF(6=4,"auto",IF(6=5,"auto",IF(6=6,"auto",IF(6=7,"auto",IF(6=8,"auto","")))))))),IF(6=1,"—",IF(6=2,"—",IF(6=3,"—",IF(6=4,"—",IF(6=5,"—",IF(6=6,"—",IF(6=7,"—",IF(6=8,"—",""))))))))))))))) -> 1.4 | M19: =IF('🌱 Configuração'!$C$56="","",IF(6<1,"",IF(6>'🌱 Configuração'!$H$7,"",IF(IFERROR(MATCH('🌱 Configuração'!$H$12,{"BioBizz","Remo Nutrients","General Organics","SuperSoil","Genérico"},0),1)=1,IF(6=1,"Fish·Mix em veg = mais N orgânico",IF(6=2,"Aumentar progressivamente",IF(6=3,"Foliar: Fish·Mix + Alg·A·Mic 1mL/L",IF(6=4,"LST / estrutura vegetativa",IF(6=5,"Pré-floração — reduzir Fish·Mix",IF(6=6,"Substituir Fish·Mix por Bio·Grow antes da flora",IF(6=7,"Semana de transição — introduzir Bloom",IF(6=8,"Semana extra de vega","")))))))),IF(IFERROR(MATCH('🌱 Configuração'!$H$12,{"BioBizz","Remo Nutrients","General Organics","SuperSoil","Genérico"},0),1)=2,IF(6=1,"Micro+Grow = base Remo para vega",IF(6=2,"Aumentar conforme tabela oficial",IF(6=3,"Semana 3 da tabela Remo",IF(6=4,"Semana 4 da tabela Remo — pico vega",IF(6=5,"Manter se continuar vega",IF(6=6,"Introduzir Bloom — transição",IF(6=7,"Reduzir Grow, aumentar Bloom",IF(6=8,"Semana extra de vega","")))))))),IF(IFERROR(MATCH('🌱 Configuração'!$H$12,{"BioBizz","Remo Nutrients","General Organics","SuperSoil","Genérico"},0),1)=3,IF(6=1,"GO não requer EC — pH auto-regula",IF(6=2,"Sem necessidade de ajuste pH em solo",IF(6=3,"Semana 3 veg GO",IF(6=4,"Reduzir BioRoot gradualmente",IF(6=5,"Manter Grow puro na vega",IF(6=6,"Semana transição — introduzir Bloom",IF(6=7,"Transição flora — reduzir Grow",IF(6=8,"Semana extra de vega GO","")))))))),IF(IFERROR(MATCH('🌱 Configuração'!$H$12,{"BioBizz","Remo Nutrients","General Organics","SuperSoil","Genérico"},0),1)=4,IF(6=1,"SuperSoil já contém todos os nutrientes",IF(6=2,"Torta de mamona = N lento | Osso = P",IF(6=3,"Mel de cana alimenta fungos e bactérias",IF(6=4,"Observar vigor — solo vivo trabalha",IF(6=5,"Alga = micro. | Cinzas = K e Ca",IF(6=6,"Pré-flora — ativar P e K no solo",IF(6=7,"Guano P alto = preparo para flora",IF(6=8,"Semana extra de vega SuperSoil","")))))))),IF(6=1,"Personalize suas doses",IF(6=2,"Personalize suas doses",IF(6=3,"Personalize suas doses",IF(6=4,"Personalize suas doses",IF(6=5,"Personalize suas doses",IF(6=6,"Personalize suas doses",IF(6=7,"Personalize suas doses",IF(6=8,"Personalize suas doses",""))))))))))))))) -> Substituir Fish·Mix por Bio·Grow antes da flora
B20: =IF(7<='🌱 Configuração'!$H$7,"S7","—") -> — | C20: =IF(7<='🌱 Configuração'!$H$7,'🌱 Configuração'!$C$56+42,"") | D20: =IF('🌱 Configuração'!$C$56="","",IF(7<1,"",IF(7>'🌱 Configuração'!$H$7,"",IF(IFERROR(MATCH('🌱 Configuração'!$H$12,{"BioBizz","Remo Nutrients","General Organics","SuperSoil","Genérico"},0),1)=1,IF(7=1,"Bio·Grow",IF(7=2,"Bio·Grow",IF(7=3,"Bio·Grow",IF(7=4,"Bio·Grow",IF(7=5,"Bio·Grow",IF(7=6,"Bio·Grow",IF(7=7,"Bio·Grow",IF(7=8,"Bio·Grow","")))))))),IF(IFERROR(MATCH('🌱 Configuração'!$H$12,{"BioBizz","Remo Nutrients","General Organics","SuperSoil","Genérico"},0),1)=2,IF(7=1,"Micro",IF(7=2,"Micro",IF(7=3,"Micro",IF(7=4,"Micro",IF(7=5,"Micro",IF(7=6,"Micro",IF(7=7,"Micro",IF(7=8,"Micro","")))))))),IF(IFERROR(MATCH('🌱 Configuração'!$H$12,{"BioBizz","Remo Nutrients","General Organics","SuperSoil","Genérico"},0),1)=3,IF(7=1,"BioThrive G",IF(7=2,"BioThrive G",IF(7=3,"BioThrive G",IF(7=4,"BioThrive G",IF(7=5,"BioThrive G",IF(7=6,"BioThrive G",IF(7=7,"BioThrive G",IF(7=8,"BioThrive G","")))))))),IF(IFERROR(MATCH('🌱 Configuração'!$H$12,{"BioBizz","Remo Nutrients","General Organics","SuperSoil","Genérico"},0),1)=4,IF(7=1,"Chá de compostagem",IF(7=2,"Cobertura: torta de mamona",IF(7=3,"Molasses 2 mL/L",IF(7=4,"Chá de compostagem",IF(7=5,"Cobertura: farinha de alga",IF(7=6,"Molasses 2 mL/L",IF(7=7,"Cobertura: farinha de osso",IF(7=8,"Chá de compostagem","")))))))),IF(7=1,"← Preencha",IF(7=2,"← Preencha",IF(7=3,"← Preencha",IF(7=4,"← Preencha",IF(7=5,"← Preencha",IF(7=6,"← Preencha",IF(7=7,"← Preencha",IF(7=8,"← Preencha",""))))))))))))))) | E20: =IF('🌱 Configuração'!$C$56="","",IF(7<1,"",IF(7>'🌱 Configuração'!$H$7,"",IF(IFERROR(MATCH('🌱 Configuração'!$H$12,{"BioBizz","Remo Nutrients","General Organics","SuperSoil","Genérico"},0),1)=1,IF(7=1,"1 mL/L",IF(7=2,"2 mL/L",IF(7=3,"2 mL/L",IF(7=4,"3 mL/L",IF(7=5,"4 mL/L",IF(7=6,"4 mL/L",IF(7=7,"4 mL/L",IF(7=8,"4 mL/L","")))))))),IF(IFERROR(MATCH('🌱 Configuração'!$H$12,{"BioBizz","Remo Nutrients","General Organics","SuperSoil","Genérico"},0),1)=2,IF(7=1,"1.3 mL/L",IF(7=2,"1.5 mL/L",IF(7=3,"1.8 mL/L",IF(7=4,"2.1 mL/L",IF(7=5,"2.1 mL/L",IF(7=6,"2.1 mL/L",IF(7=7,"2.1 mL/L",IF(7=8,"2.1 mL/L","")))))))),IF(IFERROR(MATCH('🌱 Configuração'!$H$12,{"BioBizz","Remo Nutrients","General Organics","SuperSoil","Genérico"},0),1)=3,IF(7=1,"1.3 mL/L",IF(7=2,"2.6 mL/L",IF(7=3,"2.6 mL/L",IF(7=4,"2.6 mL/L",IF(7=5,"2.6 mL/L",IF(7=6,"2.6 mL/L",IF(7=7,"1.3 mL/L",IF(7=8,"1.3 mL/L","")))))))),IF(IFERROR(MATCH('🌱 Configuração'!$H$12,{"BioBizz","Remo Nutrients","General Organics","SuperSoil","Genérico"},0),1)=4,IF(7=1,"2L/planta",IF(7=2,"10g/vaso",IF(7=3,"—",IF(7=4,"2L/planta",IF(7=5,"5g/L solo",IF(7=6,"—",IF(7=7,"10g/vaso",IF(7=8,"2L/planta","")))))))),IF(7=1,"—",IF(7=2,"—",IF(7=3,"—",IF(7=4,"—",IF(7=5,"—",IF(7=6,"—",IF(7=7,"—",IF(7=8,"—",""))))))))))))))) | F20: =IF('🌱 Configuração'!$C$56="","",IF(7<1,"",IF(7>'🌱 Configuração'!$H$7,"",IF(IFERROR(MATCH('🌱 Configuração'!$H$12,{"BioBizz","Remo Nutrients","General Organics","SuperSoil","Genérico"},0),1)=1,IF(7=1,"Fish·Mix",IF(7=2,"Fish·Mix",IF(7=3,"Fish·Mix",IF(7=4,"Fish·Mix",IF(7=5,"Fish·Mix",IF(7=6,"—",IF(7=7,"Bio·Bloom",IF(7=8,"Bio·Bloom","")))))))),IF(IFERROR(MATCH('🌱 Configuração'!$H$12,{"BioBizz","Remo Nutrients","General Organics","SuperSoil","Genérico"},0),1)=2,IF(7=1,"Grow",IF(7=2,"Grow",IF(7=3,"Grow",IF(7=4,"Grow",IF(7=5,"Grow",IF(7=6,"Grow",IF(7=7,"Grow",IF(7=8,"Grow","")))))))),IF(IFERROR(MATCH('🌱 Configuração'!$H$12,{"BioBizz","Remo Nutrients","General Organics","SuperSoil","Genérico"},0),1)=3,IF(7=1,"BioRoot",IF(7=2,"BioRoot",IF(7=3,"BioRoot",IF(7=4,"BioRoot",IF(7=5,"CaMg+",IF(7=6,"BioThrive B",IF(7=7,"BioThrive B",IF(7=8,"BioThrive B","")))))))),IF(IFERROR(MATCH('🌱 Configuração'!$H$12,{"BioBizz","Remo Nutrients","General Organics","SuperSoil","Genérico"},0),1)=4,IF(7=1,"—",IF(7=2,"Cobertura: farinha de osso",IF(7=3,"—",IF(7=4,"—",IF(7=5,"Cobertura: cinzas de madeira",IF(7=6,"—",IF(7=7,"Cobertura: guano de morcego",IF(7=8,"—","")))))))),IF(7=1,"—",IF(7=2,"—",IF(7=3,"—",IF(7=4,"—",IF(7=5,"—",IF(7=6,"—",IF(7=7,"—",IF(7=8,"—",""))))))))))))))) | G20: =IF('🌱 Configuração'!$C$56="","",IF(7<1,"",IF(7>'🌱 Configuração'!$H$7,"",IF(IFERROR(MATCH('🌱 Configuração'!$H$12,{"BioBizz","Remo Nutrients","General Organics","SuperSoil","Genérico"},0),1)=1,IF(7=1,"1 mL/L",IF(7=2,"2 mL/L",IF(7=3,"2 mL/L",IF(7=4,"3 mL/L",IF(7=5,"3 mL/L",IF(7=6,"—",IF(7=7,"1 mL/L",IF(7=8,"2 mL/L","")))))))),IF(IFERROR(MATCH('🌱 Configuração'!$H$12,{"BioBizz","Remo Nutrients","General Organics","SuperSoil","Genérico"},0),1)=2,IF(7=1,"1.3 mL/L",IF(7=2,"1.5 mL/L",IF(7=3,"1.8 mL/L",IF(7=4,"2.1 mL/L",IF(7=5,"2.1 mL/L",IF(7=6,"2.1 mL/L",IF(7=7,"1.0 mL/L",IF(7=8,"0.5 mL/L","")))))))),IF(IFERROR(MATCH('🌱 Configuração'!$H$12,{"BioBizz","Remo Nutrients","General Organics","SuperSoil","Genérico"},0),1)=3,IF(7=1,"2.6 mL/L",IF(7=2,"2.6 mL/L",IF(7=3,"2.6 mL/L",IF(7=4,"1.3 mL/L",IF(7=5,"1.3 mL/L",IF(7=6,"1.3 mL/L",IF(7=7,"2.6 mL/L",IF(7=8,"2.6 mL/L","")))))))),IF(IFERROR(MATCH('🌱 Configuração'!$H$12,{"BioBizz","Remo Nutrients","General Organics","SuperSoil","Genérico"},0),1)=4,IF(7=1,"—",IF(7=2,"10g/vaso",IF(7=3,"—",IF(7=4,"—",IF(7=5,"3g/L",IF(7=6,"—",IF(7=7,"5g/L",IF(7=8,"—","")))))))),IF(7=1,"—",IF(7=2,"—",IF(7=3,"—",IF(7=4,"—",IF(7=5,"—",IF(7=6,"—",IF(7=7,"—",IF(7=8,"—",""))))))))))))))) | H20: =IF('🌱 Configuração'!$C$56="","",IF(7<1,"",IF(7>'🌱 Configuração'!$H$7,"",IF(IFERROR(MATCH('🌱 Configuração'!$H$12,{"BioBizz","Remo Nutrients","General Organics","SuperSoil","Genérico"},0),1)=1,IF(7=1,"—",IF(7=2,"—",IF(7=3,"—",IF(7=4,"—",IF(7=5,"—",IF(7=6,"—",IF(7=7,"—",IF(7=8,"—","")))))))),IF(IFERROR(MATCH('🌱 Configuração'!$H$12,{"BioBizz","Remo Nutrients","General Organics","SuperSoil","Genérico"},0),1)=2,IF(7=1,"—",IF(7=2,"—",IF(7=3,"—",IF(7=4,"—",IF(7=5,"—",IF(7=6,"Bloom",IF(7=7,"Bloom",IF(7=8,"Bloom","")))))))),IF(IFERROR(MATCH('🌱 Configuração'!$H$12,{"BioBizz","Remo Nutrients","General Organics","SuperSoil","Genérico"},0),1)=3,IF(7=1,"CaMg+",IF(7=2,"CaMg+",IF(7=3,"CaMg+",IF(7=4,"CaMg+",IF(7=5,"—",IF(7=6,"CaMg+",IF(7=7,"CaMg+",IF(7=8,"CaMg+","")))))))),IF(IFERROR(MATCH('🌱 Configuração'!$H$12,{"BioBizz","Remo Nutrients","General Organics","SuperSoil","Genérico"},0),1)=4,IF(7=1,"—",IF(7=2,"—",IF(7=3,"—",IF(7=4,"—",IF(7=5,"—",IF(7=6,"—",IF(7=7,"—",IF(7=8,"—","")))))))),IF(7=1,"—",IF(7=2,"—",IF(7=3,"—",IF(7=4,"—",IF(7=5,"—",IF(7=6,"—",IF(7=7,"—",IF(7=8,"—",""))))))))))))))) | I20: =IF('🌱 Configuração'!$C$56="","",IF(7<1,"",IF(7>'🌱 Configuração'!$H$7,"",IF(IFERROR(MATCH('🌱 Configuração'!$H$12,{"BioBizz","Remo Nutrients","General Organics","SuperSoil","Genérico"},0),1)=1,IF(7=1,"—",IF(7=2,"—",IF(7=3,"—",IF(7=4,"—",IF(7=5,"—",IF(7=6,"—",IF(7=7,"—",IF(7=8,"—","")))))))),IF(IFERROR(MATCH('🌱 Configuração'!$H$12,{"BioBizz","Remo Nutrients","General Organics","SuperSoil","Genérico"},0),1)=2,IF(7=1,"—",IF(7=2,"—",IF(7=3,"—",IF(7=4,"—",IF(7=5,"—",IF(7=6,"1.0 mL/L",IF(7=7,"2.1 mL/L",IF(7=8,"2.1 mL/L","")))))))),IF(IFERROR(MATCH('🌱 Configuração'!$H$12,{"BioBizz","Remo Nutrients","General Organics","SuperSoil","Genérico"},0),1)=3,IF(7=1,"1.3 mL/L",IF(7=2,"1.3 mL/L",IF(7=3,"1.3 mL/L",IF(7=4,"1.3 mL/L",IF(7=5,"—",IF(7=6,"1.3 mL/L",IF(7=7,"1.3 mL/L",IF(7=8,"1.3 mL/L","")))))))),IF(IFERROR(MATCH('🌱 Configuração'!$H$12,{"BioBizz","Remo Nutrients","General Organics","SuperSoil","Genérico"},0),1)=4,IF(7=1,"—",IF(7=2,"—",IF(7=3,"—",IF(7=4,"—",IF(7=5,"—",IF(7=6,"—",IF(7=7,"—",IF(7=8,"—","")))))))),IF(7=1,"—",IF(7=2,"—",IF(7=3,"—",IF(7=4,"—",IF(7=5,"—",IF(7=6,"—",IF(7=7,"—",IF(7=8,"—",""))))))))))))))) | J20: =IF('🌱 Configuração'!$C$56="","",IF(7<1,"",IF(7>'🌱 Configuração'!$H$7,"",IF(IFERROR(MATCH('🌱 Configuração'!$H$12,{"BioBizz","Remo Nutrients","General Organics","SuperSoil","Genérico"},0),1)=1,IF(7=1,"Alg·A·Mic 1mL",IF(7=2,"—",IF(7=3,"Alg·A·Mic 1mL",IF(7=4,"—",IF(7=5,"Alg·A·Mic 1mL",IF(7=6,"—",IF(7=7,"—",IF(7=8,"—","")))))))),IF(IFERROR(MATCH('🌱 Configuração'!$H$12,{"BioBizz","Remo Nutrients","General Organics","SuperSoil","Genérico"},0),1)=2,IF(7=1,"Magnifical 0.5",IF(7=2,"Magnifical 0.5",IF(7=3,"Magnifical 1.0",IF(7=4,"Magnifical 1.0",IF(7=5,"Magnifical 1.0",IF(7=6,"Magnifical 1.0",IF(7=7,"—",IF(7=8,"—","")))))))),IF(IFERROR(MATCH('🌱 Configuração'!$H$12,{"BioBizz","Remo Nutrients","General Organics","SuperSoil","Genérico"},0),1)=3,IF(7=1,"BioWeed 0.7",IF(7=2,"BioWeed 0.7",IF(7=3,"—",IF(7=4,"—",IF(7=5,"—",IF(7=6,"—",IF(7=7,"—",IF(7=8,"—","")))))))),IF(IFERROR(MATCH('🌱 Configuração'!$H$12,{"BioBizz","Remo Nutrients","General Organics","SuperSoil","Genérico"},0),1)=4,IF(7=1,"Vermicomposto",IF(7=2,"—",IF(7=3,"—",IF(7=4,"—",IF(7=5,"—",IF(7=6,"Microrganismos",IF(7=7,"—",IF(7=8,"—","")))))))),IF(7=1,"—",IF(7=2,"—",IF(7=3,"—",IF(7=4,"—",IF(7=5,"—",IF(7=6,"—",IF(7=7,"—",IF(7=8,"—",""))))))))))))))) | K20: =IF('🌱 Configuração'!$C$56="","",IF(7<1,"",IF(7>'🌱 Configuração'!$H$7,"",IF(IFERROR(MATCH('🌱 Configuração'!$H$12,{"BioBizz","Remo Nutrients","General Organics","SuperSoil","Genérico"},0),1)=1,IF(7=1,"6.2–6.5",IF(7=2,"6.2–6.5",IF(7=3,"6.2–6.5",IF(7=4,"6.2–6.5",IF(7=5,"6.2–6.5",IF(7=6,"6.2–6.5",IF(7=7,"6.2–6.5",IF(7=8,"6.2–6.5","")))))))),IF(IFERROR(MATCH('🌱 Configuração'!$H$12,{"BioBizz","Remo Nutrients","General Organics","SuperSoil","Genérico"},0),1)=2,IF(7=1,"6.0–6.3",IF(7=2,"6.0–6.3",IF(7=3,"6.0–6.3",IF(7=4,"6.0–6.3",IF(7=5,"6.0–6.3",IF(7=6,"6.0–6.3",IF(7=7,"6.0–6.3",IF(7=8,"6.0–6.3","")))))))),IF(IFERROR(MATCH('🌱 Configuração'!$H$12,{"BioBizz","Remo Nutrients","General Organics","SuperSoil","Genérico"},0),1)=3,IF(7=1,"6.2–7.0",IF(7=2,"6.2–7.0",IF(7=3,"6.2–7.0",IF(7=4,"6.2–7.0",IF(7=5,"6.2–7.0",IF(7=6,"6.2–7.0",IF(7=7,"6.2–7.0",IF(7=8,"6.2–7.0","")))))))),IF(IFERROR(MATCH('🌱 Configuração'!$H$12,{"BioBizz","Remo Nutrients","General Organics","SuperSoil","Genérico"},0),1)=4,IF(7=1,"auto",IF(7=2,"auto",IF(7=3,"auto",IF(7=4,"auto",IF(7=5,"auto",IF(7=6,"auto",IF(7=7,"auto",IF(7=8,"auto","")))))))),IF(7=1,"—",IF(7=2,"—",IF(7=3,"—",IF(7=4,"—",IF(7=5,"—",IF(7=6,"—",IF(7=7,"—",IF(7=8,"—",""))))))))))))))) | L20: =IF('🌱 Configuração'!$C$56="","",IF(7<1,"",IF(7>'🌱 Configuração'!$H$7,"",IF(IFERROR(MATCH('🌱 Configuração'!$H$12,{"BioBizz","Remo Nutrients","General Organics","SuperSoil","Genérico"},0),1)=1,IF(7=1,"0.8",IF(7=2,"1.0",IF(7=3,"1.2",IF(7=4,"1.4",IF(7=5,"1.5",IF(7=6,"1.4",IF(7=7,"1.4",IF(7=8,"1.4","")))))))),IF(IFERROR(MATCH('🌱 Configuração'!$H$12,{"BioBizz","Remo Nutrients","General Organics","SuperSoil","Genérico"},0),1)=2,IF(7=1,"0.8",IF(7=2,"1.0",IF(7=3,"1.2",IF(7=4,"1.4",IF(7=5,"1.5",IF(7=6,"1.5",IF(7=7,"1.4",IF(7=8,"1.4","")))))))),IF(IFERROR(MATCH('🌱 Configuração'!$H$12,{"BioBizz","Remo Nutrients","General Organics","SuperSoil","Genérico"},0),1)=3,IF(7=1,"N/A",IF(7=2,"N/A",IF(7=3,"N/A",IF(7=4,"N/A",IF(7=5,"N/A",IF(7=6,"N/A",IF(7=7,"N/A",IF(7=8,"N/A","")))))))),IF(IFERROR(MATCH('🌱 Configuração'!$H$12,{"BioBizz","Remo Nutrients","General Organics","SuperSoil","Genérico"},0),1)=4,IF(7=1,"auto",IF(7=2,"auto",IF(7=3,"auto",IF(7=4,"auto",IF(7=5,"auto",IF(7=6,"auto",IF(7=7,"auto",IF(7=8,"auto","")))))))),IF(7=1,"—",IF(7=2,"—",IF(7=3,"—",IF(7=4,"—",IF(7=5,"—",IF(7=6,"—",IF(7=7,"—",IF(7=8,"—",""))))))))))))))) | M20: =IF('🌱 Configuração'!$C$56="","",IF(7<1,"",IF(7>'🌱 Configuração'!$H$7,"",IF(IFERROR(MATCH('🌱 Configuração'!$H$12,{"BioBizz","Remo Nutrients","General Organics","SuperSoil","Genérico"},0),1)=1,IF(7=1,"Fish·Mix em veg = mais N orgânico",IF(7=2,"Aumentar progressivamente",IF(7=3,"Foliar: Fish·Mix + Alg·A·Mic 1mL/L",IF(7=4,"LST / estrutura vegetativa",IF(7=5,"Pré-floração — reduzir Fish·Mix",IF(7=6,"Substituir Fish·Mix por Bio·Grow antes da flora",IF(7=7,"Semana de transição — introduzir Bloom",IF(7=8,"Semana extra de vega","")))))))),IF(IFERROR(MATCH('🌱 Configuração'!$H$12,{"BioBizz","Remo Nutrients","General Organics","SuperSoil","Genérico"},0),1)=2,IF(7=1,"Micro+Grow = base Remo para vega",IF(7=2,"Aumentar conforme tabela oficial",IF(7=3,"Semana 3 da tabela Remo",IF(7=4,"Semana 4 da tabela Remo — pico vega",IF(7=5,"Manter se continuar vega",IF(7=6,"Introduzir Bloom — transição",IF(7=7,"Reduzir Grow, aumentar Bloom",IF(7=8,"Semana extra de vega","")))))))),IF(IFERROR(MATCH('🌱 Configuração'!$H$12,{"BioBizz","Remo Nutrients","General Organics","SuperSoil","Genérico"},0),1)=3,IF(7=1,"GO não requer EC — pH auto-regula",IF(7=2,"Sem necessidade de ajuste pH em solo",IF(7=3,"Semana 3 veg GO",IF(7=4,"Reduzir BioRoot gradualmente",IF(7=5,"Manter Grow puro na vega",IF(7=6,"Semana transição — introduzir Bloom",IF(7=7,"Transição flora — reduzir Grow",IF(7=8,"Semana extra de vega GO","")))))))),IF(IFERROR(MATCH('🌱 Configuração'!$H$12,{"BioBizz","Remo Nutrients","General Organics","SuperSoil","Genérico"},0),1)=4,IF(7=1,"SuperSoil já contém todos os nutrientes",IF(7=2,"Torta de mamona = N lento | Osso = P",IF(7=3,"Mel de cana alimenta fungos e bactérias",IF(7=4,"Observar vigor — solo vivo trabalha",IF(7=5,"Alga = micro. | Cinzas = K e Ca",IF(7=6,"Pré-flora — ativar P e K no solo",IF(7=7,"Guano P alto = preparo para flora",IF(7=8,"Semana extra de vega SuperSoil","")))))))),IF(7=1,"Personalize suas doses",IF(7=2,"Personalize suas doses",IF(7=3,"Personalize suas doses",IF(7=4,"Personalize suas doses",IF(7=5,"Personalize suas doses",IF(7=6,"Personalize suas doses",IF(7=7,"Personalize suas doses",IF(7=8,"Personalize suas doses","")))))))))))))))
B21: =IF(8<='🌱 Configuração'!$H$7,"S8","—") -> — | C21: =IF(8<='🌱 Configuração'!$H$7,'🌱 Configuração'!$C$56+49,"") | D21: =IF('🌱 Configuração'!$C$56="","",IF(8<1,"",IF(8>'🌱 Configuração'!$H$7,"",IF(IFERROR(MATCH('🌱 Configuração'!$H$12,{"BioBizz","Remo Nutrients","General Organics","SuperSoil","Genérico"},0),1)=1,IF(8=1,"Bio·Grow",IF(8=2,"Bio·Grow",IF(8=3,"Bio·Grow",IF(8=4,"Bio·Grow",IF(8=5,"Bio·Grow",IF(8=6,"Bio·Grow",IF(8=7,"Bio·Grow",IF(8=8,"Bio·Grow","")))))))),IF(IFERROR(MATCH('🌱 Configuração'!$H$12,{"BioBizz","Remo Nutrients","General Organics","SuperSoil","Genérico"},0),1)=2,IF(8=1,"Micro",IF(8=2,"Micro",IF(8=3,"Micro",IF(8=4,"Micro",IF(8=5,"Micro",IF(8=6,"Micro",IF(8=7,"Micro",IF(8=8,"Micro","")))))))),IF(IFERROR(MATCH('🌱 Configuração'!$H$12,{"BioBizz","Remo Nutrients","General Organics","SuperSoil","Genérico"},0),1)=3,IF(8=1,"BioThrive G",IF(8=2,"BioThrive G",IF(8=3,"BioThrive G",IF(8=4,"BioThrive G",IF(8=5,"BioThrive G",IF(8=6,"BioThrive G",IF(8=7,"BioThrive G",IF(8=8,"BioThrive G","")))))))),IF(IFERROR(MATCH('🌱 Configuração'!$H$12,{"BioBizz","Remo Nutrients","General Organics","SuperSoil","Genérico"},0),1)=4,IF(8=1,"Chá de compostagem",IF(8=2,"Cobertura: torta de mamona",IF(8=3,"Molasses 2 mL/L",IF(8=4,"Chá de compostagem",IF(8=5,"Cobertura: farinha de alga",IF(8=6,"Molasses 2 mL/L",IF(8=7,"Cobertura: farinha de osso",IF(8=8,"Chá de compostagem","")))))))),IF(8=1,"← Preencha",IF(8=2,"← Preencha",IF(8=3,"← Preencha",IF(8=4,"← Preencha",IF(8=5,"← Preencha",IF(8=6,"← Preencha",IF(8=7,"← Preencha",IF(8=8,"← Preencha",""))))))))))))))) | E21: =IF('🌱 Configuração'!$C$56="","",IF(8<1,"",IF(8>'🌱 Configuração'!$H$7,"",IF(IFERROR(MATCH('🌱 Configuração'!$H$12,{"BioBizz","Remo Nutrients","General Organics","SuperSoil","Genérico"},0),1)=1,IF(8=1,"1 mL/L",IF(8=2,"2 mL/L",IF(8=3,"2 mL/L",IF(8=4,"3 mL/L",IF(8=5,"4 mL/L",IF(8=6,"4 mL/L",IF(8=7,"4 mL/L",IF(8=8,"4 mL/L","")))))))),IF(IFERROR(MATCH('🌱 Configuração'!$H$12,{"BioBizz","Remo Nutrients","General Organics","SuperSoil","Genérico"},0),1)=2,IF(8=1,"1.3 mL/L",IF(8=2,"1.5 mL/L",IF(8=3,"1.8 mL/L",IF(8=4,"2.1 mL/L",IF(8=5,"2.1 mL/L",IF(8=6,"2.1 mL/L",IF(8=7,"2.1 mL/L",IF(8=8,"2.1 mL/L","")))))))),IF(IFERROR(MATCH('🌱 Configuração'!$H$12,{"BioBizz","Remo Nutrients","General Organics","SuperSoil","Genérico"},0),1)=3,IF(8=1,"1.3 mL/L",IF(8=2,"2.6 mL/L",IF(8=3,"2.6 mL/L",IF(8=4,"2.6 mL/L",IF(8=5,"2.6 mL/L",IF(8=6,"2.6 mL/L",IF(8=7,"1.3 mL/L",IF(8=8,"1.3 mL/L","")))))))),IF(IFERROR(MATCH('🌱 Configuração'!$H$12,{"BioBizz","Remo Nutrients","General Organics","SuperSoil","Genérico"},0),1)=4,IF(8=1,"2L/planta",IF(8=2,"10g/vaso",IF(8=3,"—",IF(8=4,"2L/planta",IF(8=5,"5g/L solo",IF(8=6,"—",IF(8=7,"10g/vaso",IF(8=8,"2L/planta","")))))))),IF(8=1,"—",IF(8=2,"—",IF(8=3,"—",IF(8=4,"—",IF(8=5,"—",IF(8=6,"—",IF(8=7,"—",IF(8=8,"—",""))))))))))))))) | F21: =IF('🌱 Configuração'!$C$56="","",IF(8<1,"",IF(8>'🌱 Configuração'!$H$7,"",IF(IFERROR(MATCH('🌱 Configuração'!$H$12,{"BioBizz","Remo Nutrients","General Organics","SuperSoil","Genérico"},0),1)=1,IF(8=1,"Fish·Mix",IF(8=2,"Fish·Mix",IF(8=3,"Fish·Mix",IF(8=4,"Fish·Mix",IF(8=5,"Fish·Mix",IF(8=6,"—",IF(8=7,"Bio·Bloom",IF(8=8,"Bio·Bloom","")))))))),IF(IFERROR(MATCH('🌱 Configuração'!$H$12,{"BioBizz","Remo Nutrients","General Organics","SuperSoil","Genérico"},0),1)=2,IF(8=1,"Grow",IF(8=2,"Grow",IF(8=3,"Grow",IF(8=4,"Grow",IF(8=5,"Grow",IF(8=6,"Grow",IF(8=7,"Grow",IF(8=8,"Grow","")))))))),IF(IFERROR(MATCH('🌱 Configuração'!$H$12,{"BioBizz","Remo Nutrients","General Organics","SuperSoil","Genérico"},0),1)=3,IF(8=1,"BioRoot",IF(8=2,"BioRoot",IF(8=3,"BioRoot",IF(8=4,"BioRoot",IF(8=5,"CaMg+",IF(8=6,"BioThrive B",IF(8=7,"BioThrive B",IF(8=8,"BioThrive B","")))))))),IF(IFERROR(MATCH('🌱 Configuração'!$H$12,{"BioBizz","Remo Nutrients","General Organics","SuperSoil","Genérico"},0),1)=4,IF(8=1,"—",IF(8=2,"Cobertura: farinha de osso",IF(8=3,"—",IF(8=4,"—",IF(8=5,"Cobertura: cinzas de madeira",IF(8=6,"—",IF(8=7,"Cobertura: guano de morcego",IF(8=8,"—","")))))))),IF(8=1,"—",IF(8=2,"—",IF(8=3,"—",IF(8=4,"—",IF(8=5,"—",IF(8=6,"—",IF(8=7,"—",IF(8=8,"—",""))))))))))))))) | G21: =IF('🌱 Configuração'!$C$56="","",IF(8<1,"",IF(8>'🌱 Configuração'!$H$7,"",IF(IFERROR(MATCH('🌱 Configuração'!$H$12,{"BioBizz","Remo Nutrients","General Organics","SuperSoil","Genérico"},0),1)=1,IF(8=1,"1 mL/L",IF(8=2,"2 mL/L",IF(8=3,"2 mL/L",IF(8=4,"3 mL/L",IF(8=5,"3 mL/L",IF(8=6,"—",IF(8=7,"1 mL/L",IF(8=8,"2 mL/L","")))))))),IF(IFERROR(MATCH('🌱 Configuração'!$H$12,{"BioBizz","Remo Nutrients","General Organics","SuperSoil","Genérico"},0),1)=2,IF(8=1,"1.3 mL/L",IF(8=2,"1.5 mL/L",IF(8=3,"1.8 mL/L",IF(8=4,"2.1 mL/L",IF(8=5,"2.1 mL/L",IF(8=6,"2.1 mL/L",IF(8=7,"1.0 mL/L",IF(8=8,"0.5 mL/L","")))))))),IF(IFERROR(MATCH('🌱 Configuração'!$H$12,{"BioBizz","Remo Nutrients","General Organics","SuperSoil","Genérico"},0),1)=3,IF(8=1,"2.6 mL/L",IF(8=2,"2.6 mL/L",IF(8=3,"2.6 mL/L",IF(8=4,"1.3 mL/L",IF(8=5,"1.3 mL/L",IF(8=6,"1.3 mL/L",IF(8=7,"2.6 mL/L",IF(8=8,"2.6 mL/L","")))))))),IF(IFERROR(MATCH('🌱 Configuração'!$H$12,{"BioBizz","Remo Nutrients","General Organics","SuperSoil","Genérico"},0),1)=4,IF(8=1,"—",IF(8=2,"10g/vaso",IF(8=3,"—",IF(8=4,"—",IF(8=5,"3g/L",IF(8=6,"—",IF(8=7,"5g/L",IF(8=8,"—","")))))))),IF(8=1,"—",IF(8=2,"—",IF(8=3,"—",IF(8=4,"—",IF(8=5,"—",IF(8=6,"—",IF(8=7,"—",IF(8=8,"—",""))))))))))))))) | H21: =IF('🌱 Configuração'!$C$56="","",IF(8<1,"",IF(8>'🌱 Configuração'!$H$7,"",IF(IFERROR(MATCH('🌱 Configuração'!$H$12,{"BioBizz","Remo Nutrients","General Organics","SuperSoil","Genérico"},0),1)=1,IF(8=1,"—",IF(8=2,"—",IF(8=3,"—",IF(8=4,"—",IF(8=5,"—",IF(8=6,"—",IF(8=7,"—",IF(8=8,"—","")))))))),IF(IFERROR(MATCH('🌱 Configuração'!$H$12,{"BioBizz","Remo Nutrients","General Organics","SuperSoil","Genérico"},0),1)=2,IF(8=1,"—",IF(8=2,"—",IF(8=3,"—",IF(8=4,"—",IF(8=5,"—",IF(8=6,"Bloom",IF(8=7,"Bloom",IF(8=8,"Bloom","")))))))),IF(IFERROR(MATCH('🌱 Configuração'!$H$12,{"BioBizz","Remo Nutrients","General Organics","SuperSoil","Genérico"},0),1)=3,IF(8=1,"CaMg+",IF(8=2,"CaMg+",IF(8=3,"CaMg+",IF(8=4,"CaMg+",IF(8=5,"—",IF(8=6,"CaMg+",IF(8=7,"CaMg+",IF(8=8,"CaMg+","")))))))),IF(IFERROR(MATCH('🌱 Configuração'!$H$12,{"BioBizz","Remo Nutrients","General Organics","SuperSoil","Genérico"},0),1)=4,IF(8=1,"—",IF(8=2,"—",IF(8=3,"—",IF(8=4,"—",IF(8=5,"—",IF(8=6,"—",IF(8=7,"—",IF(8=8,"—","")))))))),IF(8=1,"—",IF(8=2,"—",IF(8=3,"—",IF(8=4,"—",IF(8=5,"—",IF(8=6,"—",IF(8=7,"—",IF(8=8,"—",""))))))))))))))) | I21: =IF('🌱 Configuração'!$C$56="","",IF(8<1,"",IF(8>'🌱 Configuração'!$H$7,"",IF(IFERROR(MATCH('🌱 Configuração'!$H$12,{"BioBizz","Remo Nutrients","General Organics","SuperSoil","Genérico"},0),1)=1,IF(8=1,"—",IF(8=2,"—",IF(8=3,"—",IF(8=4,"—",IF(8=5,"—",IF(8=6,"—",IF(8=7,"—",IF(8=8,"—","")))))))),IF(IFERROR(MATCH('🌱 Configuração'!$H$12,{"BioBizz","Remo Nutrients","General Organics","SuperSoil","Genérico"},0),1)=2,IF(8=1,"—",IF(8=2,"—",IF(8=3,"—",IF(8=4,"—",IF(8=5,"—",IF(8=6,"1.0 mL/L",IF(8=7,"2.1 mL/L",IF(8=8,"2.1 mL/L","")))))))),IF(IFERROR(MATCH('🌱 Configuração'!$H$12,{"BioBizz","Remo Nutrients","General Organics","SuperSoil","Genérico"},0),1)=3,IF(8=1,"1.3 mL/L",IF(8=2,"1.3 mL/L",IF(8=3,"1.3 mL/L",IF(8=4,"1.3 mL/L",IF(8=5,"—",IF(8=6,"1.3 mL/L",IF(8=7,"1.3 mL/L",IF(8=8,"1.3 mL/L","")))))))),IF(IFERROR(MATCH('🌱 Configuração'!$H$12,{"BioBizz","Remo Nutrients","General Organics","SuperSoil","Genérico"},0),1)=4,IF(8=1,"—",IF(8=2,"—",IF(8=3,"—",IF(8=4,"—",IF(8=5,"—",IF(8=6,"—",IF(8=7,"—",IF(8=8,"—","")))))))),IF(8=1,"—",IF(8=2,"—",IF(8=3,"—",IF(8=4,"—",IF(8=5,"—",IF(8=6,"—",IF(8=7,"—",IF(8=8,"—",""))))))))))))))) | J21: =IF('🌱 Configuração'!$C$56="","",IF(8<1,"",IF(8>'🌱 Configuração'!$H$7,"",IF(IFERROR(MATCH('🌱 Configuração'!$H$12,{"BioBizz","Remo Nutrients","General Organics","SuperSoil","Genérico"},0),1)=1,IF(8=1,"Alg·A·Mic 1mL",IF(8=2,"—",IF(8=3,"Alg·A·Mic 1mL",IF(8=4,"—",IF(8=5,"Alg·A·Mic 1mL",IF(8=6,"—",IF(8=7,"—",IF(8=8,"—","")))))))),IF(IFERROR(MATCH('🌱 Configuração'!$H$12,{"BioBizz","Remo Nutrients","General Organics","SuperSoil","Genérico"},0),1)=2,IF(8=1,"Magnifical 0.5",IF(8=2,"Magnifical 0.5",IF(8=3,"Magnifical 1.0",IF(8=4,"Magnifical 1.0",IF(8=5,"Magnifical 1.0",IF(8=6,"Magnifical 1.0",IF(8=7,"—",IF(8=8,"—","")))))))),IF(IFERROR(MATCH('🌱 Configuração'!$H$12,{"BioBizz","Remo Nutrients","General Organics","SuperSoil","Genérico"},0),1)=3,IF(8=1,"BioWeed 0.7",IF(8=2,"BioWeed 0.7",IF(8=3,"—",IF(8=4,"—",IF(8=5,"—",IF(8=6,"—",IF(8=7,"—",IF(8=8,"—","")))))))),IF(IFERROR(MATCH('🌱 Configuração'!$H$12,{"BioBizz","Remo Nutrients","General Organics","SuperSoil","Genérico"},0),1)=4,IF(8=1,"Vermicomposto",IF(8=2,"—",IF(8=3,"—",IF(8=4,"—",IF(8=5,"—",IF(8=6,"Microrganismos",IF(8=7,"—",IF(8=8,"—","")))))))),IF(8=1,"—",IF(8=2,"—",IF(8=3,"—",IF(8=4,"—",IF(8=5,"—",IF(8=6,"—",IF(8=7,"—",IF(8=8,"—",""))))))))))))))) | K21: =IF('🌱 Configuração'!$C$56="","",IF(8<1,"",IF(8>'🌱 Configuração'!$H$7,"",IF(IFERROR(MATCH('🌱 Configuração'!$H$12,{"BioBizz","Remo Nutrients","General Organics","SuperSoil","Genérico"},0),1)=1,IF(8=1,"6.2–6.5",IF(8=2,"6.2–6.5",IF(8=3,"6.2–6.5",IF(8=4,"6.2–6.5",IF(8=5,"6.2–6.5",IF(8=6,"6.2–6.5",IF(8=7,"6.2–6.5",IF(8=8,"6.2–6.5","")))))))),IF(IFERROR(MATCH('🌱 Configuração'!$H$12,{"BioBizz","Remo Nutrients","General Organics","SuperSoil","Genérico"},0),1)=2,IF(8=1,"6.0–6.3",IF(8=2,"6.0–6.3",IF(8=3,"6.0–6.3",IF(8=4,"6.0–6.3",IF(8=5,"6.0–6.3",IF(8=6,"6.0–6.3",IF(8=7,"6.0–6.3",IF(8=8,"6.0–6.3","")))))))),IF(IFERROR(MATCH('🌱 Configuração'!$H$12,{"BioBizz","Remo Nutrients","General Organics","SuperSoil","Genérico"},0),1)=3,IF(8=1,"6.2–7.0",IF(8=2,"6.2–7.0",IF(8=3,"6.2–7.0",IF(8=4,"6.2–7.0",IF(8=5,"6.2–7.0",IF(8=6,"6.2–7.0",IF(8=7,"6.2–7.0",IF(8=8,"6.2–7.0","")))))))),IF(IFERROR(MATCH('🌱 Configuração'!$H$12,{"BioBizz","Remo Nutrients","General Organics","SuperSoil","Genérico"},0),1)=4,IF(8=1,"auto",IF(8=2,"auto",IF(8=3,"auto",IF(8=4,"auto",IF(8=5,"auto",IF(8=6,"auto",IF(8=7,"auto",IF(8=8,"auto","")))))))),IF(8=1,"—",IF(8=2,"—",IF(8=3,"—",IF(8=4,"—",IF(8=5,"—",IF(8=6,"—",IF(8=7,"—",IF(8=8,"—",""))))))))))))))) | L21: =IF('🌱 Configuração'!$C$56="","",IF(8<1,"",IF(8>'🌱 Configuração'!$H$7,"",IF(IFERROR(MATCH('🌱 Configuração'!$H$12,{"BioBizz","Remo Nutrients","General Organics","SuperSoil","Genérico"},0),1)=1,IF(8=1,"0.8",IF(8=2,"1.0",IF(8=3,"1.2",IF(8=4,"1.4",IF(8=5,"1.5",IF(8=6,"1.4",IF(8=7,"1.4",IF(8=8,"1.4","")))))))),IF(IFERROR(MATCH('🌱 Configuração'!$H$12,{"BioBizz","Remo Nutrients","General Organics","SuperSoil","Genérico"},0),1)=2,IF(8=1,"0.8",IF(8=2,"1.0",IF(8=3,"1.2",IF(8=4,"1.4",IF(8=5,"1.5",IF(8=6,"1.5",IF(8=7,"1.4",IF(8=8,"1.4","")))))))),IF(IFERROR(MATCH('🌱 Configuração'!$H$12,{"BioBizz","Remo Nutrients","General Organics","SuperSoil","Genérico"},0),1)=3,IF(8=1,"N/A",IF(8=2,"N/A",IF(8=3,"N/A",IF(8=4,"N/A",IF(8=5,"N/A",IF(8=6,"N/A",IF(8=7,"N/A",IF(8=8,"N/A","")))))))),IF(IFERROR(MATCH('🌱 Configuração'!$H$12,{"BioBizz","Remo Nutrients","General Organics","SuperSoil","Genérico"},0),1)=4,IF(8=1,"auto",IF(8=2,"auto",IF(8=3,"auto",IF(8=4,"auto",IF(8=5,"auto",IF(8=6,"auto",IF(8=7,"auto",IF(8=8,"auto","")))))))),IF(8=1,"—",IF(8=2,"—",IF(8=3,"—",IF(8=4,"—",IF(8=5,"—",IF(8=6,"—",IF(8=7,"—",IF(8=8,"—",""))))))))))))))) | M21: =IF('🌱 Configuração'!$C$56="","",IF(8<1,"",IF(8>'🌱 Configuração'!$H$7,"",IF(IFERROR(MATCH('🌱 Configuração'!$H$12,{"BioBizz","Remo Nutrients","General Organics","SuperSoil","Genérico"},0),1)=1,IF(8=1,"Fish·Mix em veg = mais N orgânico",IF(8=2,"Aumentar progressivamente",IF(8=3,"Foliar: Fish·Mix + Alg·A·Mic 1mL/L",IF(8=4,"LST / estrutura vegetativa",IF(8=5,"Pré-floração — reduzir Fish·Mix",IF(8=6,"Substituir Fish·Mix por Bio·Grow antes da flora",IF(8=7,"Semana de transição — introduzir Bloom",IF(8=8,"Semana extra de vega","")))))))),IF(IFERROR(MATCH('🌱 Configuração'!$H$12,{"BioBizz","Remo Nutrients","General Organics","SuperSoil","Genérico"},0),1)=2,IF(8=1,"Micro+Grow = base Remo para vega",IF(8=2,"Aumentar conforme tabela oficial",IF(8=3,"Semana 3 da tabela Remo",IF(8=4,"Semana 4 da tabela Remo — pico vega",IF(8=5,"Manter se continuar vega",IF(8=6,"Introduzir Bloom — transição",IF(8=7,"Reduzir Grow, aumentar Bloom",IF(8=8,"Semana extra de vega","")))))))),IF(IFERROR(MATCH('🌱 Configuração'!$H$12,{"BioBizz","Remo Nutrients","General Organics","SuperSoil","Genérico"},0),1)=3,IF(8=1,"GO não requer EC — pH auto-regula",IF(8=2,"Sem necessidade de ajuste pH em solo",IF(8=3,"Semana 3 veg GO",IF(8=4,"Reduzir BioRoot gradualmente",IF(8=5,"Manter Grow puro na vega",IF(8=6,"Semana transição — introduzir Bloom",IF(8=7,"Transição flora — reduzir Grow",IF(8=8,"Semana extra de vega GO","")))))))),IF(IFERROR(MATCH('🌱 Configuração'!$H$12,{"BioBizz","Remo Nutrients","General Organics","SuperSoil","Genérico"},0),1)=4,IF(8=1,"SuperSoil já contém todos os nutrientes",IF(8=2,"Torta de mamona = N lento | Osso = P",IF(8=3,"Mel de cana alimenta fungos e bactérias",IF(8=4,"Observar vigor — solo vivo trabalha",IF(8=5,"Alga = micro. | Cinzas = K e Ca",IF(8=6,"Pré-flora — ativar P e K no solo",IF(8=7,"Guano P alto = preparo para flora",IF(8=8,"Semana extra de vega SuperSoil","")))))))),IF(8=1,"Personalize suas doses",IF(8=2,"Personalize suas doses",IF(8=3,"Personalize suas doses",IF(8=4,"Personalize suas doses",IF(8=5,"Personalize suas doses",IF(8=6,"Personalize suas doses",IF(8=7,"Personalize suas doses",IF(8=8,"Personalize suas doses","")))))))))))))))
B23: 🌸 FLORAÇÃO
B24: Semana | C24: Data início | D24: Produto 1 | E24: Dose 1 | F24: Produto 2 | G24: Dose 2 | H24: Produto 3 | I24: Dose 3 | J24: Suplemento | K24: pH alvo | L24: EC alvo | M24: Observação
B25: =IF(1<='🌱 Configuração'!$H$8,"S1","—") -> S1 | C25: =IF(1<='🌱 Configuração'!$H$8,'🌱 Configuração'!$D$56+0,"") -> 56 | D25: =IF('🌱 Configuração'!$D$56="","",IF(1<1,"",IF(1>'🌱 Configuração'!$H$8,"",IF(IFERROR(MATCH('🌱 Configuração'!$H$12,{"BioBizz","Remo Nutrients","General Organics","SuperSoil","Genérico"},0),1)=1,IF(1=1,"Bio·Grow",IF(1=2,"Bio·Grow",IF(1=3,"Bio·Grow",IF(1=4,"—",IF(1=5,"—",IF(1=6,"—",IF(1=7,"—",IF(1=8,"—",IF(1=9,"—",IF(1=10,"—",IF(1=11,"—",IF(1=12,"—","")))))))))))),IF(IFERROR(MATCH('🌱 Configuração'!$H$12,{"BioBizz","Remo Nutrients","General Organics","SuperSoil","Genérico"},0),1)=2,IF(1=1,"Micro",IF(1=2,"Micro",IF(1=3,"Micro",IF(1=4,"Micro",IF(1=5,"Micro",IF(1=6,"Micro",IF(1=7,"Micro",IF(1=8,"Micro",IF(1=9,"Micro",IF(1=10,"Micro",IF(1=11,"Micro",IF(1=12,"Micro","")))))))))))),IF(IFERROR(MATCH('🌱 Configuração'!$H$12,{"BioBizz","Remo Nutrients","General Organics","SuperSoil","Genérico"},0),1)=3,IF(1=1,"BioThrive B",IF(1=2,"BioThrive B",IF(1=3,"BioThrive B",IF(1=4,"BioThrive B",IF(1=5,"BioThrive B",IF(1=6,"BioThrive B",IF(1=7,"BioThrive B",IF(1=8,"BioThrive B",IF(1=9,"BioThrive B",IF(1=10,"BioThrive B",IF(1=11,"BioThrive B",IF(1=12,"BioThrive B","")))))))))))),IF(IFERROR(MATCH('🌱 Configuração'!$H$12,{"BioBizz","Remo Nutrients","General Organics","SuperSoil","Genérico"},0),1)=4,IF(1=1,"Cobertura: guano de morcego",IF(1=2,"Chá de compostagem",IF(1=3,"Cobertura: farinha de alga",IF(1=4,"Cobertura: guano de morcego",IF(1=5,"Molasses 2 mL/L",IF(1=6,"Cobertura: farinha de alga",IF(1=7,"Chá de compostagem",IF(1=8,"Molasses 2 mL/L",IF(1=9,"Água pura",IF(1=10,"Água pura",IF(1=11,"Água pura",IF(1=12,"Água pura","")))))))))))),IF(1=1,"← Preencha",IF(1=2,"← Preencha",IF(1=3,"← Preencha",IF(1=4,"← Preencha",IF(1=5,"← Preencha",IF(1=6,"← Preencha",IF(1=7,"← Preencha",IF(1=8,"← Preencha",IF(1=9,"← Preencha",IF(1=10,"← Preencha",IF(1=11,"← Preencha",IF(1=12,"← Preencha",""))))))))))))))))))) -> Bio·Grow | E25: =IF('🌱 Configuração'!$D$56="","",IF(1<1,"",IF(1>'🌱 Configuração'!$H$8,"",IF(IFERROR(MATCH('🌱 Configuração'!$H$12,{"BioBizz","Remo Nutrients","General Organics","SuperSoil","Genérico"},0),1)=1,IF(1=1,"1 mL/L",IF(1=2,"1 mL/L",IF(1=3,"1 mL/L",IF(1=4,"—",IF(1=5,"—",IF(1=6,"—",IF(1=7,"—",IF(1=8,"—",IF(1=9,"—",IF(1=10,"—",IF(1=11,"—",IF(1=12,"—","")))))))))))),IF(IFERROR(MATCH('🌱 Configuração'!$H$12,{"BioBizz","Remo Nutrients","General Organics","SuperSoil","Genérico"},0),1)=2,IF(1=1,"2.1 mL/L",IF(1=2,"2.1 mL/L",IF(1=3,"2.1 mL/L",IF(1=4,"2.1 mL/L",IF(1=5,"2.6 mL/L",IF(1=6,"2.6 mL/L",IF(1=7,"2.6 mL/L",IF(1=8,"2.1 mL/L",IF(1=9,"2.1 mL/L",IF(1=10,"2.1 mL/L",IF(1=11,"1.5 mL/L",IF(1=12,"1.0 mL/L","")))))))))))),IF(IFERROR(MATCH('🌱 Configuração'!$H$12,{"BioBizz","Remo Nutrients","General Organics","SuperSoil","Genérico"},0),1)=3,IF(1=1,"2.6 mL/L",IF(1=2,"2.6 mL/L",IF(1=3,"2.6 mL/L",IF(1=4,"2.6 mL/L",IF(1=5,"2.6 mL/L",IF(1=6,"2.6 mL/L",IF(1=7,"2.6 mL/L",IF(1=8,"2.6 mL/L",IF(1=9,"1.3 mL/L",IF(1=10,"1.3 mL/L",IF(1=11,"1.3 mL/L",IF(1=12,"1.3 mL/L","")))))))))))),IF(IFERROR(MATCH('🌱 Configuração'!$H$12,{"BioBizz","Remo Nutrients","General Organics","SuperSoil","Genérico"},0),1)=4,IF(1=1,"5g/L solo",IF(1=2,"2L/planta",IF(1=3,"5g/L solo",IF(1=4,"5g/L solo",IF(1=5,"—",IF(1=6,"5g/L solo",IF(1=7,"2L/planta",IF(1=8,"—",IF(1=9,"—",IF(1=10,"—",IF(1=11,"—",IF(1=12,"—","")))))))))))),IF(1=1,"—",IF(1=2,"—",IF(1=3,"—",IF(1=4,"—",IF(1=5,"—",IF(1=6,"—",IF(1=7,"—",IF(1=8,"—",IF(1=9,"—",IF(1=10,"—",IF(1=11,"—",IF(1=12,"—",""))))))))))))))))))) -> 1 mL/L | F25: =IF('🌱 Configuração'!$D$56="","",IF(1<1,"",IF(1>'🌱 Configuração'!$H$8,"",IF(IFERROR(MATCH('🌱 Configuração'!$H$12,{"BioBizz","Remo Nutrients","General Organics","SuperSoil","Genérico"},0),1)=1,IF(1=1,"Bio·Bloom",IF(1=2,"Bio·Bloom",IF(1=3,"Bio·Bloom",IF(1=4,"Bio·Bloom",IF(1=5,"Bio·Bloom",IF(1=6,"Bio·Bloom",IF(1=7,"Bio·Bloom",IF(1=8,"Bio·Bloom",IF(1=9,"Bio·Bloom",IF(1=10,"Bio·Bloom",IF(1=11,"Bio·Bloom",IF(1=12,"Bio·Bloom","")))))))))))),IF(IFERROR(MATCH('🌱 Configuração'!$H$12,{"BioBizz","Remo Nutrients","General Organics","SuperSoil","Genérico"},0),1)=2,IF(1=1,"Bloom",IF(1=2,"Bloom",IF(1=3,"Bloom",IF(1=4,"Bloom",IF(1=5,"Bloom",IF(1=6,"Bloom",IF(1=7,"Bloom",IF(1=8,"Bloom",IF(1=9,"Bloom",IF(1=10,"Bloom",IF(1=11,"Bloom",IF(1=12,"Bloom","")))))))))))),IF(IFERROR(MATCH('🌱 Configuração'!$H$12,{"BioBizz","Remo Nutrients","General Organics","SuperSoil","Genérico"},0),1)=3,IF(1=1,"BioBud",IF(1=2,"BioBud",IF(1=3,"BioBud",IF(1=4,"BioBud",IF(1=5,"BioBud",IF(1=6,"BioBud",IF(1=7,"BioBud",IF(1=8,"—",IF(1=9,"—",IF(1=10,"—",IF(1=11,"—",IF(1=12,"—","")))))))))))),IF(IFERROR(MATCH('🌱 Configuração'!$H$12,{"BioBizz","Remo Nutrients","General Organics","SuperSoil","Genérico"},0),1)=4,IF(1=1,"Molasses 2 mL/L",IF(1=2,"—",IF(1=3,"—",IF(1=4,"Cobertura: fosfato natural",IF(1=5,"—",IF(1=6,"Molasses 2 mL/L",IF(1=7,"—",IF(1=8,"—",IF(1=9,"—",IF(1=10,"—",IF(1=11,"—",IF(1=12,"—","")))))))))))),IF(1=1,"—",IF(1=2,"—",IF(1=3,"—",IF(1=4,"—",IF(1=5,"—",IF(1=6,"—",IF(1=7,"—",IF(1=8,"—",IF(1=9,"—",IF(1=10,"—",IF(1=11,"—",IF(1=12,"—",""))))))))))))))))))) -> Bio·Bloom | G25: =IF('🌱 Configuração'!$D$56="","",IF(1<1,"",IF(1>'🌱 Configuração'!$H$8,"",IF(IFERROR(MATCH('🌱 Configuração'!$H$12,{"BioBizz","Remo Nutrients","General Organics","SuperSoil","Genérico"},0),1)=1,IF(1=1,"1 mL/L",IF(1=2,"2 mL/L",IF(1=3,"3 mL/L",IF(1=4,"3 mL/L",IF(1=5,"4 mL/L",IF(1=6,"4 mL/L",IF(1=7,"4 mL/L",IF(1=8,"4 mL/L",IF(1=9,"4 mL/L",IF(1=10,"4 mL/L",IF(1=11,"4 mL/L",IF(1=12,"2 mL/L","")))))))))))),IF(IFERROR(MATCH('🌱 Configuração'!$H$12,{"BioBizz","Remo Nutrients","General Organics","SuperSoil","Genérico"},0),1)=2,IF(1=1,"2.1 mL/L",IF(1=2,"2.1 mL/L",IF(1=3,"2.1 mL/L",IF(1=4,"2.1 mL/L",IF(1=5,"2.6 mL/L",IF(1=6,"2.6 mL/L",IF(1=7,"2.6 mL/L",IF(1=8,"2.1 mL/L",IF(1=9,"2.1 mL/L",IF(1=10,"2.1 mL/L",IF(1=11,"1.5 mL/L",IF(1=12,"1.0 mL/L","")))))))))))),IF(IFERROR(MATCH('🌱 Configuração'!$H$12,{"BioBizz","Remo Nutrients","General Organics","SuperSoil","Genérico"},0),1)=3,IF(1=1,"0.7 mL/L",IF(1=2,"0.7 mL/L",IF(1=3,"0.7 mL/L",IF(1=4,"0.7 mL/L",IF(1=5,"0.7 mL/L",IF(1=6,"0.7 mL/L",IF(1=7,"0.7 mL/L",IF(1=8,"—",IF(1=9,"—",IF(1=10,"—",IF(1=11,"—",IF(1=12,"—","")))))))))))),IF(IFERROR(MATCH('🌱 Configuração'!$H$12,{"BioBizz","Remo Nutrients","General Organics","SuperSoil","Genérico"},0),1)=4,IF(1=1,"—",IF(1=2,"—",IF(1=3,"—",IF(1=4,"5g/L",IF(1=5,"—",IF(1=6,"—",IF(1=7,"—",IF(1=8,"—",IF(1=9,"—",IF(1=10,"—",IF(1=11,"—",IF(1=12,"—","")))))))))))),IF(1=1,"—",IF(1=2,"—",IF(1=3,"—",IF(1=4,"—",IF(1=5,"—",IF(1=6,"—",IF(1=7,"—",IF(1=8,"—",IF(1=9,"—",IF(1=10,"—",IF(1=11,"—",IF(1=12,"—",""))))))))))))))))))) -> 1 mL/L | H25: =IF('🌱 Configuração'!$D$56="","",IF(1<1,"",IF(1>'🌱 Configuração'!$H$8,"",IF(IFERROR(MATCH('🌱 Configuração'!$H$12,{"BioBizz","Remo Nutrients","General Organics","SuperSoil","Genérico"},0),1)=1,IF(1=1,"Top·Max",IF(1=2,"Top·Max",IF(1=3,"Top·Max",IF(1=4,"Top·Max",IF(1=5,"Top·Max",IF(1=6,"Top·Max",IF(1=7,"Top·Max",IF(1=8,"Top·Max",IF(1=9,"Top·Max",IF(1=10,"Top·Max",IF(1=11,"Top·Max",IF(1=12,"Top·Max","")))))))))))),IF(IFERROR(MATCH('🌱 Configuração'!$H$12,{"BioBizz","Remo Nutrients","General Organics","SuperSoil","Genérico"},0),1)=2,IF(1=1,"—",IF(1=2,"—",IF(1=3,"—",IF(1=4,"Astroflower",IF(1=5,"Astroflower",IF(1=6,"Astroflower",IF(1=7,"Astroflower",IF(1=8,"—",IF(1=9,"—",IF(1=10,"—",IF(1=11,"—",IF(1=12,"—","")))))))))))),IF(IFERROR(MATCH('🌱 Configuração'!$H$12,{"BioBizz","Remo Nutrients","General Organics","SuperSoil","Genérico"},0),1)=3,IF(1=1,"CaMg+",IF(1=2,"CaMg+",IF(1=3,"CaMg+",IF(1=4,"CaMg+",IF(1=5,"CaMg+",IF(1=6,"CaMg+",IF(1=7,"—",IF(1=8,"—",IF(1=9,"—",IF(1=10,"—",IF(1=11,"—",IF(1=12,"—","")))))))))))),IF(IFERROR(MATCH('🌱 Configuração'!$H$12,{"BioBizz","Remo Nutrients","General Organics","SuperSoil","Genérico"},0),1)=4,IF(1=1,"—",IF(1=2,"—",IF(1=3,"—",IF(1=4,"—",IF(1=5,"—",IF(1=6,"—",IF(1=7,"—",IF(1=8,"—",IF(1=9,"—",IF(1=10,"—",IF(1=11,"—",IF(1=12,"—","")))))))))))),IF(1=1,"—",IF(1=2,"—",IF(1=3,"—",IF(1=4,"—",IF(1=5,"—",IF(1=6,"—",IF(1=7,"—",IF(1=8,"—",IF(1=9,"—",IF(1=10,"—",IF(1=11,"—",IF(1=12,"—",""))))))))))))))))))) -> Top·Max | I25: =IF('🌱 Configuração'!$D$56="","",IF(1<1,"",IF(1>'🌱 Configuração'!$H$8,"",IF(IFERROR(MATCH('🌱 Configuração'!$H$12,{"BioBizz","Remo Nutrients","General Organics","SuperSoil","Genérico"},0),1)=1,IF(1=1,"1 mL/L",IF(1=2,"1 mL/L",IF(1=3,"2 mL/L",IF(1=4,"2 mL/L",IF(1=5,"3 mL/L",IF(1=6,"3 mL/L",IF(1=7,"4 mL/L",IF(1=8,"4 mL/L",IF(1=9,"4 mL/L",IF(1=10,"4 mL/L",IF(1=11,"4 mL/L",IF(1=12,"2 mL/L","")))))))))))),IF(IFERROR(MATCH('🌱 Configuração'!$H$12,{"BioBizz","Remo Nutrients","General Organics","SuperSoil","Genérico"},0),1)=2,IF(1=1,"—",IF(1=2,"—",IF(1=3,"—",IF(1=4,"1.0 mL/L",IF(1=5,"2.0 mL/L",IF(1=6,"2.0 mL/L",IF(1=7,"1.0 mL/L",IF(1=8,"—",IF(1=9,"—",IF(1=10,"—",IF(1=11,"—",IF(1=12,"—","")))))))))))),IF(IFERROR(MATCH('🌱 Configuração'!$H$12,{"BioBizz","Remo Nutrients","General Organics","SuperSoil","Genérico"},0),1)=3,IF(1=1,"1.3 mL/L",IF(1=2,"1.3 mL/L",IF(1=3,"1.3 mL/L",IF(1=4,"1.3 mL/L",IF(1=5,"1.3 mL/L",IF(1=6,"0.7 mL/L",IF(1=7,"—",IF(1=8,"—",IF(1=9,"—",IF(1=10,"—",IF(1=11,"—",IF(1=12,"—","")))))))))))),IF(IFERROR(MATCH('🌱 Configuração'!$H$12,{"BioBizz","Remo Nutrients","General Organics","SuperSoil","Genérico"},0),1)=4,IF(1=1,"—",IF(1=2,"—",IF(1=3,"—",IF(1=4,"—",IF(1=5,"—",IF(1=6,"—",IF(1=7,"—",IF(1=8,"—",IF(1=9,"—",IF(1=10,"—",IF(1=11,"—",IF(1=12,"—","")))))))))))),IF(1=1,"—",IF(1=2,"—",IF(1=3,"—",IF(1=4,"—",IF(1=5,"—",IF(1=6,"—",IF(1=7,"—",IF(1=8,"—",IF(1=9,"—",IF(1=10,"—",IF(1=11,"—",IF(1=12,"—",""))))))))))))))))))) -> 1 mL/L | J25: =IF('🌱 Configuração'!$D$56="","",IF(1<1,"",IF(1>'🌱 Configuração'!$H$8,"",IF(IFERROR(MATCH('🌱 Configuração'!$H$12,{"BioBizz","Remo Nutrients","General Organics","SuperSoil","Genérico"},0),1)=1,IF(1=1,"Alg·A·Mic 1mL",IF(1=2,"—",IF(1=3,"—",IF(1=4,"—",IF(1=5,"—",IF(1=6,"Alg·A·Mic 1mL",IF(1=7,"—",IF(1=8,"—",IF(1=9,"—",IF(1=10,"—",IF(1=11,"—",IF(1=12,"—","")))))))))))),IF(IFERROR(MATCH('🌱 Configuração'!$H$12,{"BioBizz","Remo Nutrients","General Organics","SuperSoil","Genérico"},0),1)=2,IF(1=1,"Magnifical 1.0",IF(1=2,"Magnifical 1.0",IF(1=3,"Magnifical 1.0",IF(1=4,"Magnifical 1.0",IF(1=5,"Kelp 1.0 mL",IF(1=6,"Kelp 1.0 mL",IF(1=7,"—",IF(1=8,"—",IF(1=9,"—",IF(1=10,"—",IF(1=11,"—",IF(1=12,"—","")))))))))))),IF(IFERROR(MATCH('🌱 Configuração'!$H$12,{"BioBizz","Remo Nutrients","General Organics","SuperSoil","Genérico"},0),1)=3,IF(1=1,"BioWeed 0.7",IF(1=2,"—",IF(1=3,"—",IF(1=4,"BioMarine 0.7",IF(1=5,"BioMarine 0.7",IF(1=6,"—",IF(1=7,"—",IF(1=8,"—",IF(1=9,"—",IF(1=10,"—",IF(1=11,"—",IF(1=12,"—","")))))))))))),IF(IFERROR(MATCH('🌱 Configuração'!$H$12,{"BioBizz","Remo Nutrients","General Organics","SuperSoil","Genérico"},0),1)=4,IF(1=1,"Chá",IF(1=2,"—",IF(1=3,"Molasses 2mL",IF(1=4,"—",IF(1=5,"Chá",IF(1=6,"—",IF(1=7,"—",IF(1=8,"—",IF(1=9,"—",IF(1=10,"—",IF(1=11,"—",IF(1=12,"—","")))))))))))),IF(1=1,"—",IF(1=2,"—",IF(1=3,"—",IF(1=4,"—",IF(1=5,"—",IF(1=6,"—",IF(1=7,"—",IF(1=8,"—",IF(1=9,"—",IF(1=10,"—",IF(1=11,"—",IF(1=12,"—",""))))))))))))))))))) -> Alg·A·Mic 1mL | K25: =IF('🌱 Configuração'!$D$56="","",IF(1<1,"",IF(1>'🌱 Configuração'!$H$8,"",IF(IFERROR(MATCH('🌱 Configuração'!$H$12,{"BioBizz","Remo Nutrients","General Organics","SuperSoil","Genérico"},0),1)=1,IF(1=1,"6.2–6.5",IF(1=2,"6.2–6.5",IF(1=3,"6.2–6.5",IF(1=4,"6.2–6.5",IF(1=5,"6.2–6.5",IF(1=6,"6.2–6.5",IF(1=7,"6.2–6.5",IF(1=8,"6.2–6.5",IF(1=9,"6.2–6.5",IF(1=10,"6.2–6.5",IF(1=11,"6.2–6.5",IF(1=12,"6.2–6.5","")))))))))))),IF(IFERROR(MATCH('🌱 Configuração'!$H$12,{"BioBizz","Remo Nutrients","General Organics","SuperSoil","Genérico"},0),1)=2,IF(1=1,"6.0–6.3",IF(1=2,"6.0–6.3",IF(1=3,"6.0–6.3",IF(1=4,"6.0–6.3",IF(1=5,"6.0–6.3",IF(1=6,"6.0–6.3",IF(1=7,"6.0–6.3",IF(1=8,"6.0–6.3",IF(1=9,"6.0–6.3",IF(1=10,"6.0–6.3",IF(1=11,"6.0–6.3",IF(1=12,"6.0–6.3","")))))))))))),IF(IFERROR(MATCH('🌱 Configuração'!$H$12,{"BioBizz","Remo Nutrients","General Organics","SuperSoil","Genérico"},0),1)=3,IF(1=1,"6.2–7.0",IF(1=2,"6.2–7.0",IF(1=3,"6.2–7.0",IF(1=4,"6.2–7.0",IF(1=5,"6.2–7.0",IF(1=6,"6.2–7.0",IF(1=7,"6.2–7.0",IF(1=8,"6.2–7.0",IF(1=9,"6.2–7.0",IF(1=10,"6.2–7.0",IF(1=11,"6.2–7.0",IF(1=12,"6.2–7.0","")))))))))))),IF(IFERROR(MATCH('🌱 Configuração'!$H$12,{"BioBizz","Remo Nutrients","General Organics","SuperSoil","Genérico"},0),1)=4,IF(1=1,"auto",IF(1=2,"auto",IF(1=3,"auto",IF(1=4,"auto",IF(1=5,"auto",IF(1=6,"auto",IF(1=7,"auto",IF(1=8,"auto",IF(1=9,"auto",IF(1=10,"auto",IF(1=11,"auto",IF(1=12,"auto","")))))))))))),IF(1=1,"—",IF(1=2,"—",IF(1=3,"—",IF(1=4,"—",IF(1=5,"—",IF(1=6,"—",IF(1=7,"—",IF(1=8,"—",IF(1=9,"—",IF(1=10,"—",IF(1=11,"—",IF(1=12,"—",""))))))))))))))))))) -> 6.2–6.5 | L25: =IF('🌱 Configuração'!$D$56="","",IF(1<1,"",IF(1>'🌱 Configuração'!$H$8,"",IF(IFERROR(MATCH('🌱 Configuração'!$H$12,{"BioBizz","Remo Nutrients","General Organics","SuperSoil","Genérico"},0),1)=1,IF(1=1,"1.6",IF(1=2,"1.7",IF(1=3,"1.8",IF(1=4,"1.9",IF(1=5,"2.0",IF(1=6,"2.0",IF(1=7,"1.9",IF(1=8,"1.8",IF(1=9,"1.6",IF(1=10,"1.6",IF(1=11,"1.4",IF(1=12,"1.0","")))))))))))),IF(IFERROR(MATCH('🌱 Configuração'!$H$12,{"BioBizz","Remo Nutrients","General Organics","SuperSoil","Genérico"},0),1)=2,IF(1=1,"1.6",IF(1=2,"1.7",IF(1=3,"1.8",IF(1=4,"1.9",IF(1=5,"2.0",IF(1=6,"2.0",IF(1=7,"1.8",IF(1=8,"1.6",IF(1=9,"1.4",IF(1=10,"1.4",IF(1=11,"1.0",IF(1=12,"0.8","")))))))))))),IF(IFERROR(MATCH('🌱 Configuração'!$H$12,{"BioBizz","Remo Nutrients","General Organics","SuperSoil","Genérico"},0),1)=3,IF(1=1,"N/A",IF(1=2,"N/A",IF(1=3,"N/A",IF(1=4,"N/A",IF(1=5,"N/A",IF(1=6,"N/A",IF(1=7,"N/A",IF(1=8,"N/A",IF(1=9,"N/A",IF(1=10,"N/A",IF(1=11,"N/A",IF(1=12,"N/A","")))))))))))),IF(IFERROR(MATCH('🌱 Configuração'!$H$12,{"BioBizz","Remo Nutrients","General Organics","SuperSoil","Genérico"},0),1)=4,IF(1=1,"auto",IF(1=2,"auto",IF(1=3,"auto",IF(1=4,"auto",IF(1=5,"auto",IF(1=6,"auto",IF(1=7,"auto",IF(1=8,"auto",IF(1=9,"auto",IF(1=10,"auto",IF(1=11,"auto",IF(1=12,"auto","")))))))))))),IF(1=1,"—",IF(1=2,"—",IF(1=3,"—",IF(1=4,"—",IF(1=5,"—",IF(1=6,"—",IF(1=7,"—",IF(1=8,"—",IF(1=9,"—",IF(1=10,"—",IF(1=11,"—",IF(1=12,"—",""))))))))))))))))))) -> 1.6 | M25: =IF('🌱 Configuração'!$D$56="","",IF(1<1,"",IF(1>'🌱 Configuração'!$H$8,"",IF(IFERROR(MATCH('🌱 Configuração'!$H$12,{"BioBizz","Remo Nutrients","General Organics","SuperSoil","Genérico"},0),1)=1,IF(1=1,"Manter Bio·Grow em S1–S3 flora",IF(1=2,"Formação de pistils",IF(1=3,"Início do enchimento",IF(1=4,"Parar Bio·Grow — fase de flora plena",IF(1=5,"Pico de floração",IF(1=6,"Enchimento máximo",IF(1=7,"Amadurecimento — manter bloom alto",IF(1=8,"Pré-flush — analisar tricomas",IF(1=9,"Semana extra (sativa)",IF(1=10,"Semana extra (sativa)",IF(1=11,"Reduzir — semana final",IF(1=12,"Último adubo antes flush","")))))))))))),IF(IFERROR(MATCH('🌱 Configuração'!$H$12,{"BioBizz","Remo Nutrients","General Organics","SuperSoil","Genérico"},0),1)=2,IF(1=1,"Apenas Micro+Bloom em floração Remo",IF(1=2,"Sem Grow a partir daqui",IF(1=3,"Tabela oficial: 2.1 mL/L S1–S4",IF(1=4,"Astroflower = estimulante floração",IF(1=5,"Tabela oficial: 2.6 mL/L S5–S7",IF(1=6,"Pico de floração Remo",IF(1=7,"Tabela oficial S7",IF(1=8,"Reduzir — semana final",IF(1=9,"Semana extra — sativa",IF(1=10,"Semana extra",IF(1=11,"Reduzir para flush",IF(1=12,"Último adubo","")))))))))))),IF(IFERROR(MATCH('🌱 Configuração'!$H$12,{"BioBizz","Remo Nutrients","General Organics","SuperSoil","Genérico"},0),1)=3,IF(1=1,"BioBud = estimulante flores GO",IF(1=2,"Early Flower GO",IF(1=3,"Mid Flower GO",IF(1=4,"BioMarine = peixe fermentado GO",IF(1=5,"Pico floração GO",IF(1=6,"Late Flower GO",IF(1=7,"Reduzir CaMg+ final",IF(1=8,"Late Flower GO — pré-flush",IF(1=9,"Semana extra — reduzir dose",IF(1=10,"Semana extra GO (sativa)",IF(1=11,"Semana extra GO",IF(1=12,"Último adubo GO","")))))))))))),IF(IFERROR(MATCH('🌱 Configuração'!$H$12,{"BioBizz","Remo Nutrients","General Organics","SuperSoil","Genérico"},0),1)=4,IF(1=1,"Guano P alto = floração forte",IF(1=2,"Solo vivo em pico — não interferir",IF(1=3,"Alga = K e micronutrientes florais",IF(1=4,"Fósforo natural = buds densos",IF(1=5,"Alimentar microbioma — enchimento",IF(1=6,"Semana de pico — micro + K",IF(1=7,"Reduzir intervenções — amadurecimento",IF(1=8,"Pré-flush SuperSoil",IF(1=9,"Parar coberturas — lavar suave",IF(1=10,"Semana extra (sativa)",IF(1=11,"Semana extra",IF(1=12,"Última semana — observar tricomas","")))))))))))),IF(1=1,"Personalize suas doses",IF(1=2,"Personalize suas doses",IF(1=3,"Personalize suas doses",IF(1=4,"Personalize suas doses",IF(1=5,"Personalize suas doses",IF(1=6,"Personalize suas doses",IF(1=7,"Personalize suas doses",IF(1=8,"Personalize suas doses",IF(1=9,"Personalize suas doses",IF(1=10,"Personalize suas doses",IF(1=11,"Personalize suas doses",IF(1=12,"Personalize suas doses",""))))))))))))))))))) -> Manter Bio·Grow em S1–S3 flora
B26: =IF(2<='🌱 Configuração'!$H$8,"S2","—") -> S2 | C26: =IF(2<='🌱 Configuração'!$H$8,'🌱 Configuração'!$D$56+7,"") -> 63 | D26: =IF('🌱 Configuração'!$D$56="","",IF(2<1,"",IF(2>'🌱 Configuração'!$H$8,"",IF(IFERROR(MATCH('🌱 Configuração'!$H$12,{"BioBizz","Remo Nutrients","General Organics","SuperSoil","Genérico"},0),1)=1,IF(2=1,"Bio·Grow",IF(2=2,"Bio·Grow",IF(2=3,"Bio·Grow",IF(2=4,"—",IF(2=5,"—",IF(2=6,"—",IF(2=7,"—",IF(2=8,"—",IF(2=9,"—",IF(2=10,"—",IF(2=11,"—",IF(2=12,"—","")))))))))))),IF(IFERROR(MATCH('🌱 Configuração'!$H$12,{"BioBizz","Remo Nutrients","General Organics","SuperSoil","Genérico"},0),1)=2,IF(2=1,"Micro",IF(2=2,"Micro",IF(2=3,"Micro",IF(2=4,"Micro",IF(2=5,"Micro",IF(2=6,"Micro",IF(2=7,"Micro",IF(2=8,"Micro",IF(2=9,"Micro",IF(2=10,"Micro",IF(2=11,"Micro",IF(2=12,"Micro","")))))))))))),IF(IFERROR(MATCH('🌱 Configuração'!$H$12,{"BioBizz","Remo Nutrients","General Organics","SuperSoil","Genérico"},0),1)=3,IF(2=1,"BioThrive B",IF(2=2,"BioThrive B",IF(2=3,"BioThrive B",IF(2=4,"BioThrive B",IF(2=5,"BioThrive B",IF(2=6,"BioThrive B",IF(2=7,"BioThrive B",IF(2=8,"BioThrive B",IF(2=9,"BioThrive B",IF(2=10,"BioThrive B",IF(2=11,"BioThrive B",IF(2=12,"BioThrive B","")))))))))))),IF(IFERROR(MATCH('🌱 Configuração'!$H$12,{"BioBizz","Remo Nutrients","General Organics","SuperSoil","Genérico"},0),1)=4,IF(2=1,"Cobertura: guano de morcego",IF(2=2,"Chá de compostagem",IF(2=3,"Cobertura: farinha de alga",IF(2=4,"Cobertura: guano de morcego",IF(2=5,"Molasses 2 mL/L",IF(2=6,"Cobertura: farinha de alga",IF(2=7,"Chá de compostagem",IF(2=8,"Molasses 2 mL/L",IF(2=9,"Água pura",IF(2=10,"Água pura",IF(2=11,"Água pura",IF(2=12,"Água pura","")))))))))))),IF(2=1,"← Preencha",IF(2=2,"← Preencha",IF(2=3,"← Preencha",IF(2=4,"← Preencha",IF(2=5,"← Preencha",IF(2=6,"← Preencha",IF(2=7,"← Preencha",IF(2=8,"← Preencha",IF(2=9,"← Preencha",IF(2=10,"← Preencha",IF(2=11,"← Preencha",IF(2=12,"← Preencha",""))))))))))))))))))) -> Bio·Grow | E26: =IF('🌱 Configuração'!$D$56="","",IF(2<1,"",IF(2>'🌱 Configuração'!$H$8,"",IF(IFERROR(MATCH('🌱 Configuração'!$H$12,{"BioBizz","Remo Nutrients","General Organics","SuperSoil","Genérico"},0),1)=1,IF(2=1,"1 mL/L",IF(2=2,"1 mL/L",IF(2=3,"1 mL/L",IF(2=4,"—",IF(2=5,"—",IF(2=6,"—",IF(2=7,"—",IF(2=8,"—",IF(2=9,"—",IF(2=10,"—",IF(2=11,"—",IF(2=12,"—","")))))))))))),IF(IFERROR(MATCH('🌱 Configuração'!$H$12,{"BioBizz","Remo Nutrients","General Organics","SuperSoil","Genérico"},0),1)=2,IF(2=1,"2.1 mL/L",IF(2=2,"2.1 mL/L",IF(2=3,"2.1 mL/L",IF(2=4,"2.1 mL/L",IF(2=5,"2.6 mL/L",IF(2=6,"2.6 mL/L",IF(2=7,"2.6 mL/L",IF(2=8,"2.1 mL/L",IF(2=9,"2.1 mL/L",IF(2=10,"2.1 mL/L",IF(2=11,"1.5 mL/L",IF(2=12,"1.0 mL/L","")))))))))))),IF(IFERROR(MATCH('🌱 Configuração'!$H$12,{"BioBizz","Remo Nutrients","General Organics","SuperSoil","Genérico"},0),1)=3,IF(2=1,"2.6 mL/L",IF(2=2,"2.6 mL/L",IF(2=3,"2.6 mL/L",IF(2=4,"2.6 mL/L",IF(2=5,"2.6 mL/L",IF(2=6,"2.6 mL/L",IF(2=7,"2.6 mL/L",IF(2=8,"2.6 mL/L",IF(2=9,"1.3 mL/L",IF(2=10,"1.3 mL/L",IF(2=11,"1.3 mL/L",IF(2=12,"1.3 mL/L","")))))))))))),IF(IFERROR(MATCH('🌱 Configuração'!$H$12,{"BioBizz","Remo Nutrients","General Organics","SuperSoil","Genérico"},0),1)=4,IF(2=1,"5g/L solo",IF(2=2,"2L/planta",IF(2=3,"5g/L solo",IF(2=4,"5g/L solo",IF(2=5,"—",IF(2=6,"5g/L solo",IF(2=7,"2L/planta",IF(2=8,"—",IF(2=9,"—",IF(2=10,"—",IF(2=11,"—",IF(2=12,"—","")))))))))))),IF(2=1,"—",IF(2=2,"—",IF(2=3,"—",IF(2=4,"—",IF(2=5,"—",IF(2=6,"—",IF(2=7,"—",IF(2=8,"—",IF(2=9,"—",IF(2=10,"—",IF(2=11,"—",IF(2=12,"—",""))))))))))))))))))) -> 1 mL/L | F26: =IF('🌱 Configuração'!$D$56="","",IF(2<1,"",IF(2>'🌱 Configuração'!$H$8,"",IF(IFERROR(MATCH('🌱 Configuração'!$H$12,{"BioBizz","Remo Nutrients","General Organics","SuperSoil","Genérico"},0),1)=1,IF(2=1,"Bio·Bloom",IF(2=2,"Bio·Bloom",IF(2=3,"Bio·Bloom",IF(2=4,"Bio·Bloom",IF(2=5,"Bio·Bloom",IF(2=6,"Bio·Bloom",IF(2=7,"Bio·Bloom",IF(2=8,"Bio·Bloom",IF(2=9,"Bio·Bloom",IF(2=10,"Bio·Bloom",IF(2=11,"Bio·Bloom",IF(2=12,"Bio·Bloom","")))))))))))),IF(IFERROR(MATCH('🌱 Configuração'!$H$12,{"BioBizz","Remo Nutrients","General Organics","SuperSoil","Genérico"},0),1)=2,IF(2=1,"Bloom",IF(2=2,"Bloom",IF(2=3,"Bloom",IF(2=4,"Bloom",IF(2=5,"Bloom",IF(2=6,"Bloom",IF(2=7,"Bloom",IF(2=8,"Bloom",IF(2=9,"Bloom",IF(2=10,"Bloom",IF(2=11,"Bloom",IF(2=12,"Bloom","")))))))))))),IF(IFERROR(MATCH('🌱 Configuração'!$H$12,{"BioBizz","Remo Nutrients","General Organics","SuperSoil","Genérico"},0),1)=3,IF(2=1,"BioBud",IF(2=2,"BioBud",IF(2=3,"BioBud",IF(2=4,"BioBud",IF(2=5,"BioBud",IF(2=6,"BioBud",IF(2=7,"BioBud",IF(2=8,"—",IF(2=9,"—",IF(2=10,"—",IF(2=11,"—",IF(2=12,"—","")))))))))))),IF(IFERROR(MATCH('🌱 Configuração'!$H$12,{"BioBizz","Remo Nutrients","General Organics","SuperSoil","Genérico"},0),1)=4,IF(2=1,"Molasses 2 mL/L",IF(2=2,"—",IF(2=3,"—",IF(2=4,"Cobertura: fosfato natural",IF(2=5,"—",IF(2=6,"Molasses 2 mL/L",IF(2=7,"—",IF(2=8,"—",IF(2=9,"—",IF(2=10,"—",IF(2=11,"—",IF(2=12,"—","")))))))))))),IF(2=1,"—",IF(2=2,"—",IF(2=3,"—",IF(2=4,"—",IF(2=5,"—",IF(2=6,"—",IF(2=7,"—",IF(2=8,"—",IF(2=9,"—",IF(2=10,"—",IF(2=11,"—",IF(2=12,"—",""))))))))))))))))))) -> Bio·Bloom | G26: =IF('🌱 Configuração'!$D$56="","",IF(2<1,"",IF(2>'🌱 Configuração'!$H$8,"",IF(IFERROR(MATCH('🌱 Configuração'!$H$12,{"BioBizz","Remo Nutrients","General Organics","SuperSoil","Genérico"},0),1)=1,IF(2=1,"1 mL/L",IF(2=2,"2 mL/L",IF(2=3,"3 mL/L",IF(2=4,"3 mL/L",IF(2=5,"4 mL/L",IF(2=6,"4 mL/L",IF(2=7,"4 mL/L",IF(2=8,"4 mL/L",IF(2=9,"4 mL/L",IF(2=10,"4 mL/L",IF(2=11,"4 mL/L",IF(2=12,"2 mL/L","")))))))))))),IF(IFERROR(MATCH('🌱 Configuração'!$H$12,{"BioBizz","Remo Nutrients","General Organics","SuperSoil","Genérico"},0),1)=2,IF(2=1,"2.1 mL/L",IF(2=2,"2.1 mL/L",IF(2=3,"2.1 mL/L",IF(2=4,"2.1 mL/L",IF(2=5,"2.6 mL/L",IF(2=6,"2.6 mL/L",IF(2=7,"2.6 mL/L",IF(2=8,"2.1 mL/L",IF(2=9,"2.1 mL/L",IF(2=10,"2.1 mL/L",IF(2=11,"1.5 mL/L",IF(2=12,"1.0 mL/L","")))))))))))),IF(IFERROR(MATCH('🌱 Configuração'!$H$12,{"BioBizz","Remo Nutrients","General Organics","SuperSoil","Genérico"},0),1)=3,IF(2=1,"0.7 mL/L",IF(2=2,"0.7 mL/L",IF(2=3,"0.7 mL/L",IF(2=4,"0.7 mL/L",IF(2=5,"0.7 mL/L",IF(2=6,"0.7 mL/L",IF(2=7,"0.7 mL/L",IF(2=8,"—",IF(2=9,"—",IF(2=10,"—",IF(2=11,"—",IF(2=12,"—","")))))))))))),IF(IFERROR(MATCH('🌱 Configuração'!$H$12,{"BioBizz","Remo Nutrients","General Organics","SuperSoil","Genérico"},0),1)=4,IF(2=1,"—",IF(2=2,"—",IF(2=3,"—",IF(2=4,"5g/L",IF(2=5,"—",IF(2=6,"—",IF(2=7,"—",IF(2=8,"—",IF(2=9,"—",IF(2=10,"—",IF(2=11,"—",IF(2=12,"—","")))))))))))),IF(2=1,"—",IF(2=2,"—",IF(2=3,"—",IF(2=4,"—",IF(2=5,"—",IF(2=6,"—",IF(2=7,"—",IF(2=8,"—",IF(2=9,"—",IF(2=10,"—",IF(2=11,"—",IF(2=12,"—",""))))))))))))))))))) -> 2 mL/L | H26: =IF('🌱 Configuração'!$D$56="","",IF(2<1,"",IF(2>'🌱 Configuração'!$H$8,"",IF(IFERROR(MATCH('🌱 Configuração'!$H$12,{"BioBizz","Remo Nutrients","General Organics","SuperSoil","Genérico"},0),1)=1,IF(2=1,"Top·Max",IF(2=2,"Top·Max",IF(2=3,"Top·Max",IF(2=4,"Top·Max",IF(2=5,"Top·Max",IF(2=6,"Top·Max",IF(2=7,"Top·Max",IF(2=8,"Top·Max",IF(2=9,"Top·Max",IF(2=10,"Top·Max",IF(2=11,"Top·Max",IF(2=12,"Top·Max","")))))))))))),IF(IFERROR(MATCH('🌱 Configuração'!$H$12,{"BioBizz","Remo Nutrients","General Organics","SuperSoil","Genérico"},0),1)=2,IF(2=1,"—",IF(2=2,"—",IF(2=3,"—",IF(2=4,"Astroflower",IF(2=5,"Astroflower",IF(2=6,"Astroflower",IF(2=7,"Astroflower",IF(2=8,"—",IF(2=9,"—",IF(2=10,"—",IF(2=11,"—",IF(2=12,"—","")))))))))))),IF(IFERROR(MATCH('🌱 Configuração'!$H$12,{"BioBizz","Remo Nutrients","General Organics","SuperSoil","Genérico"},0),1)=3,IF(2=1,"CaMg+",IF(2=2,"CaMg+",IF(2=3,"CaMg+",IF(2=4,"CaMg+",IF(2=5,"CaMg+",IF(2=6,"CaMg+",IF(2=7,"—",IF(2=8,"—",IF(2=9,"—",IF(2=10,"—",IF(2=11,"—",IF(2=12,"—","")))))))))))),IF(IFERROR(MATCH('🌱 Configuração'!$H$12,{"BioBizz","Remo Nutrients","General Organics","SuperSoil","Genérico"},0),1)=4,IF(2=1,"—",IF(2=2,"—",IF(2=3,"—",IF(2=4,"—",IF(2=5,"—",IF(2=6,"—",IF(2=7,"—",IF(2=8,"—",IF(2=9,"—",IF(2=10,"—",IF(2=11,"—",IF(2=12,"—","")))))))))))),IF(2=1,"—",IF(2=2,"—",IF(2=3,"—",IF(2=4,"—",IF(2=5,"—",IF(2=6,"—",IF(2=7,"—",IF(2=8,"—",IF(2=9,"—",IF(2=10,"—",IF(2=11,"—",IF(2=12,"—",""))))))))))))))))))) -> Top·Max | I26: =IF('🌱 Configuração'!$D$56="","",IF(2<1,"",IF(2>'🌱 Configuração'!$H$8,"",IF(IFERROR(MATCH('🌱 Configuração'!$H$12,{"BioBizz","Remo Nutrients","General Organics","SuperSoil","Genérico"},0),1)=1,IF(2=1,"1 mL/L",IF(2=2,"1 mL/L",IF(2=3,"2 mL/L",IF(2=4,"2 mL/L",IF(2=5,"3 mL/L",IF(2=6,"3 mL/L",IF(2=7,"4 mL/L",IF(2=8,"4 mL/L",IF(2=9,"4 mL/L",IF(2=10,"4 mL/L",IF(2=11,"4 mL/L",IF(2=12,"2 mL/L","")))))))))))),IF(IFERROR(MATCH('🌱 Configuração'!$H$12,{"BioBizz","Remo Nutrients","General Organics","SuperSoil","Genérico"},0),1)=2,IF(2=1,"—",IF(2=2,"—",IF(2=3,"—",IF(2=4,"1.0 mL/L",IF(2=5,"2.0 mL/L",IF(2=6,"2.0 mL/L",IF(2=7,"1.0 mL/L",IF(2=8,"—",IF(2=9,"—",IF(2=10,"—",IF(2=11,"—",IF(2=12,"—","")))))))))))),IF(IFERROR(MATCH('🌱 Configuração'!$H$12,{"BioBizz","Remo Nutrients","General Organics","SuperSoil","Genérico"},0),1)=3,IF(2=1,"1.3 mL/L",IF(2=2,"1.3 mL/L",IF(2=3,"1.3 mL/L",IF(2=4,"1.3 mL/L",IF(2=5,"1.3 mL/L",IF(2=6,"0.7 mL/L",IF(2=7,"—",IF(2=8,"—",IF(2=9,"—",IF(2=10,"—",IF(2=11,"—",IF(2=12,"—","")))))))))))),IF(IFERROR(MATCH('🌱 Configuração'!$H$12,{"BioBizz","Remo Nutrients","General Organics","SuperSoil","Genérico"},0),1)=4,IF(2=1,"—",IF(2=2,"—",IF(2=3,"—",IF(2=4,"—",IF(2=5,"—",IF(2=6,"—",IF(2=7,"—",IF(2=8,"—",IF(2=9,"—",IF(2=10,"—",IF(2=11,"—",IF(2=12,"—","")))))))))))),IF(2=1,"—",IF(2=2,"—",IF(2=3,"—",IF(2=4,"—",IF(2=5,"—",IF(2=6,"—",IF(2=7,"—",IF(2=8,"—",IF(2=9,"—",IF(2=10,"—",IF(2=11,"—",IF(2=12,"—",""))))))))))))))))))) -> 1 mL/L | J26: =IF('🌱 Configuração'!$D$56="","",IF(2<1,"",IF(2>'🌱 Configuração'!$H$8,"",IF(IFERROR(MATCH('🌱 Configuração'!$H$12,{"BioBizz","Remo Nutrients","General Organics","SuperSoil","Genérico"},0),1)=1,IF(2=1,"Alg·A·Mic 1mL",IF(2=2,"—",IF(2=3,"—",IF(2=4,"—",IF(2=5,"—",IF(2=6,"Alg·A·Mic 1mL",IF(2=7,"—",IF(2=8,"—",IF(2=9,"—",IF(2=10,"—",IF(2=11,"—",IF(2=12,"—","")))))))))))),IF(IFERROR(MATCH('🌱 Configuração'!$H$12,{"BioBizz","Remo Nutrients","General Organics","SuperSoil","Genérico"},0),1)=2,IF(2=1,"Magnifical 1.0",IF(2=2,"Magnifical 1.0",IF(2=3,"Magnifical 1.0",IF(2=4,"Magnifical 1.0",IF(2=5,"Kelp 1.0 mL",IF(2=6,"Kelp 1.0 mL",IF(2=7,"—",IF(2=8,"—",IF(2=9,"—",IF(2=10,"—",IF(2=11,"—",IF(2=12,"—","")))))))))))),IF(IFERROR(MATCH('🌱 Configuração'!$H$12,{"BioBizz","Remo Nutrients","General Organics","SuperSoil","Genérico"},0),1)=3,IF(2=1,"BioWeed 0.7",IF(2=2,"—",IF(2=3,"—",IF(2=4,"BioMarine 0.7",IF(2=5,"BioMarine 0.7",IF(2=6,"—",IF(2=7,"—",IF(2=8,"—",IF(2=9,"—",IF(2=10,"—",IF(2=11,"—",IF(2=12,"—","")))))))))))),IF(IFERROR(MATCH('🌱 Configuração'!$H$12,{"BioBizz","Remo Nutrients","General Organics","SuperSoil","Genérico"},0),1)=4,IF(2=1,"Chá",IF(2=2,"—",IF(2=3,"Molasses 2mL",IF(2=4,"—",IF(2=5,"Chá",IF(2=6,"—",IF(2=7,"—",IF(2=8,"—",IF(2=9,"—",IF(2=10,"—",IF(2=11,"—",IF(2=12,"—","")))))))))))),IF(2=1,"—",IF(2=2,"—",IF(2=3,"—",IF(2=4,"—",IF(2=5,"—",IF(2=6,"—",IF(2=7,"—",IF(2=8,"—",IF(2=9,"—",IF(2=10,"—",IF(2=11,"—",IF(2=12,"—",""))))))))))))))))))) -> — | K26: =IF('🌱 Configuração'!$D$56="","",IF(2<1,"",IF(2>'🌱 Configuração'!$H$8,"",IF(IFERROR(MATCH('🌱 Configuração'!$H$12,{"BioBizz","Remo Nutrients","General Organics","SuperSoil","Genérico"},0),1)=1,IF(2=1,"6.2–6.5",IF(2=2,"6.2–6.5",IF(2=3,"6.2–6.5",IF(2=4,"6.2–6.5",IF(2=5,"6.2–6.5",IF(2=6,"6.2–6.5",IF(2=7,"6.2–6.5",IF(2=8,"6.2–6.5",IF(2=9,"6.2–6.5",IF(2=10,"6.2–6.5",IF(2=11,"6.2–6.5",IF(2=12,"6.2–6.5","")))))))))))),IF(IFERROR(MATCH('🌱 Configuração'!$H$12,{"BioBizz","Remo Nutrients","General Organics","SuperSoil","Genérico"},0),1)=2,IF(2=1,"6.0–6.3",IF(2=2,"6.0–6.3",IF(2=3,"6.0–6.3",IF(2=4,"6.0–6.3",IF(2=5,"6.0–6.3",IF(2=6,"6.0–6.3",IF(2=7,"6.0–6.3",IF(2=8,"6.0–6.3",IF(2=9,"6.0–6.3",IF(2=10,"6.0–6.3",IF(2=11,"6.0–6.3",IF(2=12,"6.0–6.3","")))))))))))),IF(IFERROR(MATCH('🌱 Configuração'!$H$12,{"BioBizz","Remo Nutrients","General Organics","SuperSoil","Genérico"},0),1)=3,IF(2=1,"6.2–7.0",IF(2=2,"6.2–7.0",IF(2=3,"6.2–7.0",IF(2=4,"6.2–7.0",IF(2=5,"6.2–7.0",IF(2=6,"6.2–7.0",IF(2=7,"6.2–7.0",IF(2=8,"6.2–7.0",IF(2=9,"6.2–7.0",IF(2=10,"6.2–7.0",IF(2=11,"6.2–7.0",IF(2=12,"6.2–7.0","")))))))))))),IF(IFERROR(MATCH('🌱 Configuração'!$H$12,{"BioBizz","Remo Nutrients","General Organics","SuperSoil","Genérico"},0),1)=4,IF(2=1,"auto",IF(2=2,"auto",IF(2=3,"auto",IF(2=4,"auto",IF(2=5,"auto",IF(2=6,"auto",IF(2=7,"auto",IF(2=8,"auto",IF(2=9,"auto",IF(2=10,"auto",IF(2=11,"auto",IF(2=12,"auto","")))))))))))),IF(2=1,"—",IF(2=2,"—",IF(2=3,"—",IF(2=4,"—",IF(2=5,"—",IF(2=6,"—",IF(2=7,"—",IF(2=8,"—",IF(2=9,"—",IF(2=10,"—",IF(2=11,"—",IF(2=12,"—",""))))))))))))))))))) -> 6.2–6.5 | L26: =IF('🌱 Configuração'!$D$56="","",IF(2<1,"",IF(2>'🌱 Configuração'!$H$8,"",IF(IFERROR(MATCH('🌱 Configuração'!$H$12,{"BioBizz","Remo Nutrients","General Organics","SuperSoil","Genérico"},0),1)=1,IF(2=1,"1.6",IF(2=2,"1.7",IF(2=3,"1.8",IF(2=4,"1.9",IF(2=5,"2.0",IF(2=6,"2.0",IF(2=7,"1.9",IF(2=8,"1.8",IF(2=9,"1.6",IF(2=10,"1.6",IF(2=11,"1.4",IF(2=12,"1.0","")))))))))))),IF(IFERROR(MATCH('🌱 Configuração'!$H$12,{"BioBizz","Remo Nutrients","General Organics","SuperSoil","Genérico"},0),1)=2,IF(2=1,"1.6",IF(2=2,"1.7",IF(2=3,"1.8",IF(2=4,"1.9",IF(2=5,"2.0",IF(2=6,"2.0",IF(2=7,"1.8",IF(2=8,"1.6",IF(2=9,"1.4",IF(2=10,"1.4",IF(2=11,"1.0",IF(2=12,"0.8","")))))))))))),IF(IFERROR(MATCH('🌱 Configuração'!$H$12,{"BioBizz","Remo Nutrients","General Organics","SuperSoil","Genérico"},0),1)=3,IF(2=1,"N/A",IF(2=2,"N/A",IF(2=3,"N/A",IF(2=4,"N/A",IF(2=5,"N/A",IF(2=6,"N/A",IF(2=7,"N/A",IF(2=8,"N/A",IF(2=9,"N/A",IF(2=10,"N/A",IF(2=11,"N/A",IF(2=12,"N/A","")))))))))))),IF(IFERROR(MATCH('🌱 Configuração'!$H$12,{"BioBizz","Remo Nutrients","General Organics","SuperSoil","Genérico"},0),1)=4,IF(2=1,"auto",IF(2=2,"auto",IF(2=3,"auto",IF(2=4,"auto",IF(2=5,"auto",IF(2=6,"auto",IF(2=7,"auto",IF(2=8,"auto",IF(2=9,"auto",IF(2=10,"auto",IF(2=11,"auto",IF(2=12,"auto","")))))))))))),IF(2=1,"—",IF(2=2,"—",IF(2=3,"—",IF(2=4,"—",IF(2=5,"—",IF(2=6,"—",IF(2=7,"—",IF(2=8,"—",IF(2=9,"—",IF(2=10,"—",IF(2=11,"—",IF(2=12,"—",""))))))))))))))))))) -> 1.7 | M26: =IF('🌱 Configuração'!$D$56="","",IF(2<1,"",IF(2>'🌱 Configuração'!$H$8,"",IF(IFERROR(MATCH('🌱 Configuração'!$H$12,{"BioBizz","Remo Nutrients","General Organics","SuperSoil","Genérico"},0),1)=1,IF(2=1,"Manter Bio·Grow em S1–S3 flora",IF(2=2,"Formação de pistils",IF(2=3,"Início do enchimento",IF(2=4,"Parar Bio·Grow — fase de flora plena",IF(2=5,"Pico de floração",IF(2=6,"Enchimento máximo",IF(2=7,"Amadurecimento — manter bloom alto",IF(2=8,"Pré-flush — analisar tricomas",IF(2=9,"Semana extra (sativa)",IF(2=10,"Semana extra (sativa)",IF(2=11,"Reduzir — semana final",IF(2=12,"Último adubo antes flush","")))))))))))),IF(IFERROR(MATCH('🌱 Configuração'!$H$12,{"BioBizz","Remo Nutrients","General Organics","SuperSoil","Genérico"},0),1)=2,IF(2=1,"Apenas Micro+Bloom em floração Remo",IF(2=2,"Sem Grow a partir daqui",IF(2=3,"Tabela oficial: 2.1 mL/L S1–S4",IF(2=4,"Astroflower = estimulante floração",IF(2=5,"Tabela oficial: 2.6 mL/L S5–S7",IF(2=6,"Pico de floração Remo",IF(2=7,"Tabela oficial S7",IF(2=8,"Reduzir — semana final",IF(2=9,"Semana extra — sativa",IF(2=10,"Semana extra",IF(2=11,"Reduzir para flush",IF(2=12,"Último adubo","")))))))))))),IF(IFERROR(MATCH('🌱 Configuração'!$H$12,{"BioBizz","Remo Nutrients","General Organics","SuperSoil","Genérico"},0),1)=3,IF(2=1,"BioBud = estimulante flores GO",IF(2=2,"Early Flower GO",IF(2=3,"Mid Flower GO",IF(2=4,"BioMarine = peixe fermentado GO",IF(2=5,"Pico floração GO",IF(2=6,"Late Flower GO",IF(2=7,"Reduzir CaMg+ final",IF(2=8,"Late Flower GO — pré-flush",IF(2=9,"Semana extra — reduzir dose",IF(2=10,"Semana extra GO (sativa)",IF(2=11,"Semana extra GO",IF(2=12,"Último adubo GO","")))))))))))),IF(IFERROR(MATCH('🌱 Configuração'!$H$12,{"BioBizz","Remo Nutrients","General Organics","SuperSoil","Genérico"},0),1)=4,IF(2=1,"Guano P alto = floração forte",IF(2=2,"Solo vivo em pico — não interferir",IF(2=3,"Alga = K e micronutrientes florais",IF(2=4,"Fósforo natural = buds densos",IF(2=5,"Alimentar microbioma — enchimento",IF(2=6,"Semana de pico — micro + K",IF(2=7,"Reduzir intervenções — amadurecimento",IF(2=8,"Pré-flush SuperSoil",IF(2=9,"Parar coberturas — lavar suave",IF(2=10,"Semana extra (sativa)",IF(2=11,"Semana extra",IF(2=12,"Última semana — observar tricomas","")))))))))))),IF(2=1,"Personalize suas doses",IF(2=2,"Personalize suas doses",IF(2=3,"Personalize suas doses",IF(2=4,"Personalize suas doses",IF(2=5,"Personalize suas doses",IF(2=6,"Personalize suas doses",IF(2=7,"Personalize suas doses",IF(2=8,"Personalize suas doses",IF(2=9,"Personalize suas doses",IF(2=10,"Personalize suas doses",IF(2=11,"Personalize suas doses",IF(2=12,"Personalize suas doses",""))))))))))))))))))) -> Formação de pistils
B27: =IF(3<='🌱 Configuração'!$H$8,"S3","—") -> S3 | C27: =IF(3<='🌱 Configuração'!$H$8,'🌱 Configuração'!$D$56+14,"") -> 70 | D27: =IF('🌱 Configuração'!$D$56="","",IF(3<1,"",IF(3>'🌱 Configuração'!$H$8,"",IF(IFERROR(MATCH('🌱 Configuração'!$H$12,{"BioBizz","Remo Nutrients","General Organics","SuperSoil","Genérico"},0),1)=1,IF(3=1,"Bio·Grow",IF(3=2,"Bio·Grow",IF(3=3,"Bio·Grow",IF(3=4,"—",IF(3=5,"—",IF(3=6,"—",IF(3=7,"—",IF(3=8,"—",IF(3=9,"—",IF(3=10,"—",IF(3=11,"—",IF(3=12,"—","")))))))))))),IF(IFERROR(MATCH('🌱 Configuração'!$H$12,{"BioBizz","Remo Nutrients","General Organics","SuperSoil","Genérico"},0),1)=2,IF(3=1,"Micro",IF(3=2,"Micro",IF(3=3,"Micro",IF(3=4,"Micro",IF(3=5,"Micro",IF(3=6,"Micro",IF(3=7,"Micro",IF(3=8,"Micro",IF(3=9,"Micro",IF(3=10,"Micro",IF(3=11,"Micro",IF(3=12,"Micro","")))))))))))),IF(IFERROR(MATCH('🌱 Configuração'!$H$12,{"BioBizz","Remo Nutrients","General Organics","SuperSoil","Genérico"},0),1)=3,IF(3=1,"BioThrive B",IF(3=2,"BioThrive B",IF(3=3,"BioThrive B",IF(3=4,"BioThrive B",IF(3=5,"BioThrive B",IF(3=6,"BioThrive B",IF(3=7,"BioThrive B",IF(3=8,"BioThrive B",IF(3=9,"BioThrive B",IF(3=10,"BioThrive B",IF(3=11,"BioThrive B",IF(3=12,"BioThrive B","")))))))))))),IF(IFERROR(MATCH('🌱 Configuração'!$H$12,{"BioBizz","Remo Nutrients","General Organics","SuperSoil","Genérico"},0),1)=4,IF(3=1,"Cobertura: guano de morcego",IF(3=2,"Chá de compostagem",IF(3=3,"Cobertura: farinha de alga",IF(3=4,"Cobertura: guano de morcego",IF(3=5,"Molasses 2 mL/L",IF(3=6,"Cobertura: farinha de alga",IF(3=7,"Chá de compostagem",IF(3=8,"Molasses 2 mL/L",IF(3=9,"Água pura",IF(3=10,"Água pura",IF(3=11,"Água pura",IF(3=12,"Água pura","")))))))))))),IF(3=1,"← Preencha",IF(3=2,"← Preencha",IF(3=3,"← Preencha",IF(3=4,"← Preencha",IF(3=5,"← Preencha",IF(3=6,"← Preencha",IF(3=7,"← Preencha",IF(3=8,"← Preencha",IF(3=9,"← Preencha",IF(3=10,"← Preencha",IF(3=11,"← Preencha",IF(3=12,"← Preencha",""))))))))))))))))))) -> Bio·Grow | E27: =IF('🌱 Configuração'!$D$56="","",IF(3<1,"",IF(3>'🌱 Configuração'!$H$8,"",IF(IFERROR(MATCH('🌱 Configuração'!$H$12,{"BioBizz","Remo Nutrients","General Organics","SuperSoil","Genérico"},0),1)=1,IF(3=1,"1 mL/L",IF(3=2,"1 mL/L",IF(3=3,"1 mL/L",IF(3=4,"—",IF(3=5,"—",IF(3=6,"—",IF(3=7,"—",IF(3=8,"—",IF(3=9,"—",IF(3=10,"—",IF(3=11,"—",IF(3=12,"—","")))))))))))),IF(IFERROR(MATCH('🌱 Configuração'!$H$12,{"BioBizz","Remo Nutrients","General Organics","SuperSoil","Genérico"},0),1)=2,IF(3=1,"2.1 mL/L",IF(3=2,"2.1 mL/L",IF(3=3,"2.1 mL/L",IF(3=4,"2.1 mL/L",IF(3=5,"2.6 mL/L",IF(3=6,"2.6 mL/L",IF(3=7,"2.6 mL/L",IF(3=8,"2.1 mL/L",IF(3=9,"2.1 mL/L",IF(3=10,"2.1 mL/L",IF(3=11,"1.5 mL/L",IF(3=12,"1.0 mL/L","")))))))))))),IF(IFERROR(MATCH('🌱 Configuração'!$H$12,{"BioBizz","Remo Nutrients","General Organics","SuperSoil","Genérico"},0),1)=3,IF(3=1,"2.6 mL/L",IF(3=2,"2.6 mL/L",IF(3=3,"2.6 mL/L",IF(3=4,"2.6 mL/L",IF(3=5,"2.6 mL/L",IF(3=6,"2.6 mL/L",IF(3=7,"2.6 mL/L",IF(3=8,"2.6 mL/L",IF(3=9,"1.3 mL/L",IF(3=10,"1.3 mL/L",IF(3=11,"1.3 mL/L",IF(3=12,"1.3 mL/L","")))))))))))),IF(IFERROR(MATCH('🌱 Configuração'!$H$12,{"BioBizz","Remo Nutrients","General Organics","SuperSoil","Genérico"},0),1)=4,IF(3=1,"5g/L solo",IF(3=2,"2L/planta",IF(3=3,"5g/L solo",IF(3=4,"5g/L solo",IF(3=5,"—",IF(3=6,"5g/L solo",IF(3=7,"2L/planta",IF(3=8,"—",IF(3=9,"—",IF(3=10,"—",IF(3=11,"—",IF(3=12,"—","")))))))))))),IF(3=1,"—",IF(3=2,"—",IF(3=3,"—",IF(3=4,"—",IF(3=5,"—",IF(3=6,"—",IF(3=7,"—",IF(3=8,"—",IF(3=9,"—",IF(3=10,"—",IF(3=11,"—",IF(3=12,"—",""))))))))))))))))))) -> 1 mL/L | F27: =IF('🌱 Configuração'!$D$56="","",IF(3<1,"",IF(3>'🌱 Configuração'!$H$8,"",IF(IFERROR(MATCH('🌱 Configuração'!$H$12,{"BioBizz","Remo Nutrients","General Organics","SuperSoil","Genérico"},0),1)=1,IF(3=1,"Bio·Bloom",IF(3=2,"Bio·Bloom",IF(3=3,"Bio·Bloom",IF(3=4,"Bio·Bloom",IF(3=5,"Bio·Bloom",IF(3=6,"Bio·Bloom",IF(3=7,"Bio·Bloom",IF(3=8,"Bio·Bloom",IF(3=9,"Bio·Bloom",IF(3=10,"Bio·Bloom",IF(3=11,"Bio·Bloom",IF(3=12,"Bio·Bloom","")))))))))))),IF(IFERROR(MATCH('🌱 Configuração'!$H$12,{"BioBizz","Remo Nutrients","General Organics","SuperSoil","Genérico"},0),1)=2,IF(3=1,"Bloom",IF(3=2,"Bloom",IF(3=3,"Bloom",IF(3=4,"Bloom",IF(3=5,"Bloom",IF(3=6,"Bloom",IF(3=7,"Bloom",IF(3=8,"Bloom",IF(3=9,"Bloom",IF(3=10,"Bloom",IF(3=11,"Bloom",IF(3=12,"Bloom","")))))))))))),IF(IFERROR(MATCH('🌱 Configuração'!$H$12,{"BioBizz","Remo Nutrients","General Organics","SuperSoil","Genérico"},0),1)=3,IF(3=1,"BioBud",IF(3=2,"BioBud",IF(3=3,"BioBud",IF(3=4,"BioBud",IF(3=5,"BioBud",IF(3=6,"BioBud",IF(3=7,"BioBud",IF(3=8,"—",IF(3=9,"—",IF(3=10,"—",IF(3=11,"—",IF(3=12,"—","")))))))))))),IF(IFERROR(MATCH('🌱 Configuração'!$H$12,{"BioBizz","Remo Nutrients","General Organics","SuperSoil","Genérico"},0),1)=4,IF(3=1,"Molasses 2 mL/L",IF(3=2,"—",IF(3=3,"—",IF(3=4,"Cobertura: fosfato natural",IF(3=5,"—",IF(3=6,"Molasses 2 mL/L",IF(3=7,"—",IF(3=8,"—",IF(3=9,"—",IF(3=10,"—",IF(3=11,"—",IF(3=12,"—","")))))))))))),IF(3=1,"—",IF(3=2,"—",IF(3=3,"—",IF(3=4,"—",IF(3=5,"—",IF(3=6,"—",IF(3=7,"—",IF(3=8,"—",IF(3=9,"—",IF(3=10,"—",IF(3=11,"—",IF(3=12,"—",""))))))))))))))))))) -> Bio·Bloom | G27: =IF('🌱 Configuração'!$D$56="","",IF(3<1,"",IF(3>'🌱 Configuração'!$H$8,"",IF(IFERROR(MATCH('🌱 Configuração'!$H$12,{"BioBizz","Remo Nutrients","General Organics","SuperSoil","Genérico"},0),1)=1,IF(3=1,"1 mL/L",IF(3=2,"2 mL/L",IF(3=3,"3 mL/L",IF(3=4,"3 mL/L",IF(3=5,"4 mL/L",IF(3=6,"4 mL/L",IF(3=7,"4 mL/L",IF(3=8,"4 mL/L",IF(3=9,"4 mL/L",IF(3=10,"4 mL/L",IF(3=11,"4 mL/L",IF(3=12,"2 mL/L","")))))))))))),IF(IFERROR(MATCH('🌱 Configuração'!$H$12,{"BioBizz","Remo Nutrients","General Organics","SuperSoil","Genérico"},0),1)=2,IF(3=1,"2.1 mL/L",IF(3=2,"2.1 mL/L",IF(3=3,"2.1 mL/L",IF(3=4,"2.1 mL/L",IF(3=5,"2.6 mL/L",IF(3=6,"2.6 mL/L",IF(3=7,"2.6 mL/L",IF(3=8,"2.1 mL/L",IF(3=9,"2.1 mL/L",IF(3=10,"2.1 mL/L",IF(3=11,"1.5 mL/L",IF(3=12,"1.0 mL/L","")))))))))))),IF(IFERROR(MATCH('🌱 Configuração'!$H$12,{"BioBizz","Remo Nutrients","General Organics","SuperSoil","Genérico"},0),1)=3,IF(3=1,"0.7 mL/L",IF(3=2,"0.7 mL/L",IF(3=3,"0.7 mL/L",IF(3=4,"0.7 mL/L",IF(3=5,"0.7 mL/L",IF(3=6,"0.7 mL/L",IF(3=7,"0.7 mL/L",IF(3=8,"—",IF(3=9,"—",IF(3=10,"—",IF(3=11,"—",IF(3=12,"—","")))))))))))),IF(IFERROR(MATCH('🌱 Configuração'!$H$12,{"BioBizz","Remo Nutrients","General Organics","SuperSoil","Genérico"},0),1)=4,IF(3=1,"—",IF(3=2,"—",IF(3=3,"—",IF(3=4,"5g/L",IF(3=5,"—",IF(3=6,"—",IF(3=7,"—",IF(3=8,"—",IF(3=9,"—",IF(3=10,"—",IF(3=11,"—",IF(3=12,"—","")))))))))))),IF(3=1,"—",IF(3=2,"—",IF(3=3,"—",IF(3=4,"—",IF(3=5,"—",IF(3=6,"—",IF(3=7,"—",IF(3=8,"—",IF(3=9,"—",IF(3=10,"—",IF(3=11,"—",IF(3=12,"—",""))))))))))))))))))) -> 3 mL/L | H27: =IF('🌱 Configuração'!$D$56="","",IF(3<1,"",IF(3>'🌱 Configuração'!$H$8,"",IF(IFERROR(MATCH('🌱 Configuração'!$H$12,{"BioBizz","Remo Nutrients","General Organics","SuperSoil","Genérico"},0),1)=1,IF(3=1,"Top·Max",IF(3=2,"Top·Max",IF(3=3,"Top·Max",IF(3=4,"Top·Max",IF(3=5,"Top·Max",IF(3=6,"Top·Max",IF(3=7,"Top·Max",IF(3=8,"Top·Max",IF(3=9,"Top·Max",IF(3=10,"Top·Max",IF(3=11,"Top·Max",IF(3=12,"Top·Max","")))))))))))),IF(IFERROR(MATCH('🌱 Configuração'!$H$12,{"BioBizz","Remo Nutrients","General Organics","SuperSoil","Genérico"},0),1)=2,IF(3=1,"—",IF(3=2,"—",IF(3=3,"—",IF(3=4,"Astroflower",IF(3=5,"Astroflower",IF(3=6,"Astroflower",IF(3=7,"Astroflower",IF(3=8,"—",IF(3=9,"—",IF(3=10,"—",IF(3=11,"—",IF(3=12,"—","")))))))))))),IF(IFERROR(MATCH('🌱 Configuração'!$H$12,{"BioBizz","Remo Nutrients","General Organics","SuperSoil","Genérico"},0),1)=3,IF(3=1,"CaMg+",IF(3=2,"CaMg+",IF(3=3,"CaMg+",IF(3=4,"CaMg+",IF(3=5,"CaMg+",IF(3=6,"CaMg+",IF(3=7,"—",IF(3=8,"—",IF(3=9,"—",IF(3=10,"—",IF(3=11,"—",IF(3=12,"—","")))))))))))),IF(IFERROR(MATCH('🌱 Configuração'!$H$12,{"BioBizz","Remo Nutrients","General Organics","SuperSoil","Genérico"},0),1)=4,IF(3=1,"—",IF(3=2,"—",IF(3=3,"—",IF(3=4,"—",IF(3=5,"—",IF(3=6,"—",IF(3=7,"—",IF(3=8,"—",IF(3=9,"—",IF(3=10,"—",IF(3=11,"—",IF(3=12,"—","")))))))))))),IF(3=1,"—",IF(3=2,"—",IF(3=3,"—",IF(3=4,"—",IF(3=5,"—",IF(3=6,"—",IF(3=7,"—",IF(3=8,"—",IF(3=9,"—",IF(3=10,"—",IF(3=11,"—",IF(3=12,"—",""))))))))))))))))))) -> Top·Max | I27: =IF('🌱 Configuração'!$D$56="","",IF(3<1,"",IF(3>'🌱 Configuração'!$H$8,"",IF(IFERROR(MATCH('🌱 Configuração'!$H$12,{"BioBizz","Remo Nutrients","General Organics","SuperSoil","Genérico"},0),1)=1,IF(3=1,"1 mL/L",IF(3=2,"1 mL/L",IF(3=3,"2 mL/L",IF(3=4,"2 mL/L",IF(3=5,"3 mL/L",IF(3=6,"3 mL/L",IF(3=7,"4 mL/L",IF(3=8,"4 mL/L",IF(3=9,"4 mL/L",IF(3=10,"4 mL/L",IF(3=11,"4 mL/L",IF(3=12,"2 mL/L","")))))))))))),IF(IFERROR(MATCH('🌱 Configuração'!$H$12,{"BioBizz","Remo Nutrients","General Organics","SuperSoil","Genérico"},0),1)=2,IF(3=1,"—",IF(3=2,"—",IF(3=3,"—",IF(3=4,"1.0 mL/L",IF(3=5,"2.0 mL/L",IF(3=6,"2.0 mL/L",IF(3=7,"1.0 mL/L",IF(3=8,"—",IF(3=9,"—",IF(3=10,"—",IF(3=11,"—",IF(3=12,"—","")))))))))))),IF(IFERROR(MATCH('🌱 Configuração'!$H$12,{"BioBizz","Remo Nutrients","General Organics","SuperSoil","Genérico"},0),1)=3,IF(3=1,"1.3 mL/L",IF(3=2,"1.3 mL/L",IF(3=3,"1.3 mL/L",IF(3=4,"1.3 mL/L",IF(3=5,"1.3 mL/L",IF(3=6,"0.7 mL/L",IF(3=7,"—",IF(3=8,"—",IF(3=9,"—",IF(3=10,"—",IF(3=11,"—",IF(3=12,"—","")))))))))))),IF(IFERROR(MATCH('🌱 Configuração'!$H$12,{"BioBizz","Remo Nutrients","General Organics","SuperSoil","Genérico"},0),1)=4,IF(3=1,"—",IF(3=2,"—",IF(3=3,"—",IF(3=4,"—",IF(3=5,"—",IF(3=6,"—",IF(3=7,"—",IF(3=8,"—",IF(3=9,"—",IF(3=10,"—",IF(3=11,"—",IF(3=12,"—","")))))))))))),IF(3=1,"—",IF(3=2,"—",IF(3=3,"—",IF(3=4,"—",IF(3=5,"—",IF(3=6,"—",IF(3=7,"—",IF(3=8,"—",IF(3=9,"—",IF(3=10,"—",IF(3=11,"—",IF(3=12,"—",""))))))))))))))))))) -> 2 mL/L | J27: =IF('🌱 Configuração'!$D$56="","",IF(3<1,"",IF(3>'🌱 Configuração'!$H$8,"",IF(IFERROR(MATCH('🌱 Configuração'!$H$12,{"BioBizz","Remo Nutrients","General Organics","SuperSoil","Genérico"},0),1)=1,IF(3=1,"Alg·A·Mic 1mL",IF(3=2,"—",IF(3=3,"—",IF(3=4,"—",IF(3=5,"—",IF(3=6,"Alg·A·Mic 1mL",IF(3=7,"—",IF(3=8,"—",IF(3=9,"—",IF(3=10,"—",IF(3=11,"—",IF(3=12,"—","")))))))))))),IF(IFERROR(MATCH('🌱 Configuração'!$H$12,{"BioBizz","Remo Nutrients","General Organics","SuperSoil","Genérico"},0),1)=2,IF(3=1,"Magnifical 1.0",IF(3=2,"Magnifical 1.0",IF(3=3,"Magnifical 1.0",IF(3=4,"Magnifical 1.0",IF(3=5,"Kelp 1.0 mL",IF(3=6,"Kelp 1.0 mL",IF(3=7,"—",IF(3=8,"—",IF(3=9,"—",IF(3=10,"—",IF(3=11,"—",IF(3=12,"—","")))))))))))),IF(IFERROR(MATCH('🌱 Configuração'!$H$12,{"BioBizz","Remo Nutrients","General Organics","SuperSoil","Genérico"},0),1)=3,IF(3=1,"BioWeed 0.7",IF(3=2,"—",IF(3=3,"—",IF(3=4,"BioMarine 0.7",IF(3=5,"BioMarine 0.7",IF(3=6,"—",IF(3=7,"—",IF(3=8,"—",IF(3=9,"—",IF(3=10,"—",IF(3=11,"—",IF(3=12,"—","")))))))))))),IF(IFERROR(MATCH('🌱 Configuração'!$H$12,{"BioBizz","Remo Nutrients","General Organics","SuperSoil","Genérico"},0),1)=4,IF(3=1,"Chá",IF(3=2,"—",IF(3=3,"Molasses 2mL",IF(3=4,"—",IF(3=5,"Chá",IF(3=6,"—",IF(3=7,"—",IF(3=8,"—",IF(3=9,"—",IF(3=10,"—",IF(3=11,"—",IF(3=12,"—","")))))))))))),IF(3=1,"—",IF(3=2,"—",IF(3=3,"—",IF(3=4,"—",IF(3=5,"—",IF(3=6,"—",IF(3=7,"—",IF(3=8,"—",IF(3=9,"—",IF(3=10,"—",IF(3=11,"—",IF(3=12,"—",""))))))))))))))))))) -> — | K27: =IF('🌱 Configuração'!$D$56="","",IF(3<1,"",IF(3>'🌱 Configuração'!$H$8,"",IF(IFERROR(MATCH('🌱 Configuração'!$H$12,{"BioBizz","Remo Nutrients","General Organics","SuperSoil","Genérico"},0),1)=1,IF(3=1,"6.2–6.5",IF(3=2,"6.2–6.5",IF(3=3,"6.2–6.5",IF(3=4,"6.2–6.5",IF(3=5,"6.2–6.5",IF(3=6,"6.2–6.5",IF(3=7,"6.2–6.5",IF(3=8,"6.2–6.5",IF(3=9,"6.2–6.5",IF(3=10,"6.2–6.5",IF(3=11,"6.2–6.5",IF(3=12,"6.2–6.5","")))))))))))),IF(IFERROR(MATCH('🌱 Configuração'!$H$12,{"BioBizz","Remo Nutrients","General Organics","SuperSoil","Genérico"},0),1)=2,IF(3=1,"6.0–6.3",IF(3=2,"6.0–6.3",IF(3=3,"6.0–6.3",IF(3=4,"6.0–6.3",IF(3=5,"6.0–6.3",IF(3=6,"6.0–6.3",IF(3=7,"6.0–6.3",IF(3=8,"6.0–6.3",IF(3=9,"6.0–6.3",IF(3=10,"6.0–6.3",IF(3=11,"6.0–6.3",IF(3=12,"6.0–6.3","")))))))))))),IF(IFERROR(MATCH('🌱 Configuração'!$H$12,{"BioBizz","Remo Nutrients","General Organics","SuperSoil","Genérico"},0),1)=3,IF(3=1,"6.2–7.0",IF(3=2,"6.2–7.0",IF(3=3,"6.2–7.0",IF(3=4,"6.2–7.0",IF(3=5,"6.2–7.0",IF(3=6,"6.2–7.0",IF(3=7,"6.2–7.0",IF(3=8,"6.2–7.0",IF(3=9,"6.2–7.0",IF(3=10,"6.2–7.0",IF(3=11,"6.2–7.0",IF(3=12,"6.2–7.0","")))))))))))),IF(IFERROR(MATCH('🌱 Configuração'!$H$12,{"BioBizz","Remo Nutrients","General Organics","SuperSoil","Genérico"},0),1)=4,IF(3=1,"auto",IF(3=2,"auto",IF(3=3,"auto",IF(3=4,"auto",IF(3=5,"auto",IF(3=6,"auto",IF(3=7,"auto",IF(3=8,"auto",IF(3=9,"auto",IF(3=10,"auto",IF(3=11,"auto",IF(3=12,"auto","")))))))))))),IF(3=1,"—",IF(3=2,"—",IF(3=3,"—",IF(3=4,"—",IF(3=5,"—",IF(3=6,"—",IF(3=7,"—",IF(3=8,"—",IF(3=9,"—",IF(3=10,"—",IF(3=11,"—",IF(3=12,"—",""))))))))))))))))))) -> 6.2–6.5 | L27: =IF('🌱 Configuração'!$D$56="","",IF(3<1,"",IF(3>'🌱 Configuração'!$H$8,"",IF(IFERROR(MATCH('🌱 Configuração'!$H$12,{"BioBizz","Remo Nutrients","General Organics","SuperSoil","Genérico"},0),1)=1,IF(3=1,"1.6",IF(3=2,"1.7",IF(3=3,"1.8",IF(3=4,"1.9",IF(3=5,"2.0",IF(3=6,"2.0",IF(3=7,"1.9",IF(3=8,"1.8",IF(3=9,"1.6",IF(3=10,"1.6",IF(3=11,"1.4",IF(3=12,"1.0","")))))))))))),IF(IFERROR(MATCH('🌱 Configuração'!$H$12,{"BioBizz","Remo Nutrients","General Organics","SuperSoil","Genérico"},0),1)=2,IF(3=1,"1.6",IF(3=2,"1.7",IF(3=3,"1.8",IF(3=4,"1.9",IF(3=5,"2.0",IF(3=6,"2.0",IF(3=7,"1.8",IF(3=8,"1.6",IF(3=9,"1.4",IF(3=10,"1.4",IF(3=11,"1.0",IF(3=12,"0.8","")))))))))))),IF(IFERROR(MATCH('🌱 Configuração'!$H$12,{"BioBizz","Remo Nutrients","General Organics","SuperSoil","Genérico"},0),1)=3,IF(3=1,"N/A",IF(3=2,"N/A",IF(3=3,"N/A",IF(3=4,"N/A",IF(3=5,"N/A",IF(3=6,"N/A",IF(3=7,"N/A",IF(3=8,"N/A",IF(3=9,"N/A",IF(3=10,"N/A",IF(3=11,"N/A",IF(3=12,"N/A","")))))))))))),IF(IFERROR(MATCH('🌱 Configuração'!$H$12,{"BioBizz","Remo Nutrients","General Organics","SuperSoil","Genérico"},0),1)=4,IF(3=1,"auto",IF(3=2,"auto",IF(3=3,"auto",IF(3=4,"auto",IF(3=5,"auto",IF(3=6,"auto",IF(3=7,"auto",IF(3=8,"auto",IF(3=9,"auto",IF(3=10,"auto",IF(3=11,"auto",IF(3=12,"auto","")))))))))))),IF(3=1,"—",IF(3=2,"—",IF(3=3,"—",IF(3=4,"—",IF(3=5,"—",IF(3=6,"—",IF(3=7,"—",IF(3=8,"—",IF(3=9,"—",IF(3=10,"—",IF(3=11,"—",IF(3=12,"—",""))))))))))))))))))) -> 1.8 | M27: =IF('🌱 Configuração'!$D$56="","",IF(3<1,"",IF(3>'🌱 Configuração'!$H$8,"",IF(IFERROR(MATCH('🌱 Configuração'!$H$12,{"BioBizz","Remo Nutrients","General Organics","SuperSoil","Genérico"},0),1)=1,IF(3=1,"Manter Bio·Grow em S1–S3 flora",IF(3=2,"Formação de pistils",IF(3=3,"Início do enchimento",IF(3=4,"Parar Bio·Grow — fase de flora plena",IF(3=5,"Pico de floração",IF(3=6,"Enchimento máximo",IF(3=7,"Amadurecimento — manter bloom alto",IF(3=8,"Pré-flush — analisar tricomas",IF(3=9,"Semana extra (sativa)",IF(3=10,"Semana extra (sativa)",IF(3=11,"Reduzir — semana final",IF(3=12,"Último adubo antes flush","")))))))))))),IF(IFERROR(MATCH('🌱 Configuração'!$H$12,{"BioBizz","Remo Nutrients","General Organics","SuperSoil","Genérico"},0),1)=2,IF(3=1,"Apenas Micro+Bloom em floração Remo",IF(3=2,"Sem Grow a partir daqui",IF(3=3,"Tabela oficial: 2.1 mL/L S1–S4",IF(3=4,"Astroflower = estimulante floração",IF(3=5,"Tabela oficial: 2.6 mL/L S5–S7",IF(3=6,"Pico de floração Remo",IF(3=7,"Tabela oficial S7",IF(3=8,"Reduzir — semana final",IF(3=9,"Semana extra — sativa",IF(3=10,"Semana extra",IF(3=11,"Reduzir para flush",IF(3=12,"Último adubo","")))))))))))),IF(IFERROR(MATCH('🌱 Configuração'!$H$12,{"BioBizz","Remo Nutrients","General Organics","SuperSoil","Genérico"},0),1)=3,IF(3=1,"BioBud = estimulante flores GO",IF(3=2,"Early Flower GO",IF(3=3,"Mid Flower GO",IF(3=4,"BioMarine = peixe fermentado GO",IF(3=5,"Pico floração GO",IF(3=6,"Late Flower GO",IF(3=7,"Reduzir CaMg+ final",IF(3=8,"Late Flower GO — pré-flush",IF(3=9,"Semana extra — reduzir dose",IF(3=10,"Semana extra GO (sativa)",IF(3=11,"Semana extra GO",IF(3=12,"Último adubo GO","")))))))))))),IF(IFERROR(MATCH('🌱 Configuração'!$H$12,{"BioBizz","Remo Nutrients","General Organics","SuperSoil","Genérico"},0),1)=4,IF(3=1,"Guano P alto = floração forte",IF(3=2,"Solo vivo em pico — não interferir",IF(3=3,"Alga = K e micronutrientes florais",IF(3=4,"Fósforo natural = buds densos",IF(3=5,"Alimentar microbioma — enchimento",IF(3=6,"Semana de pico — micro + K",IF(3=7,"Reduzir intervenções — amadurecimento",IF(3=8,"Pré-flush SuperSoil",IF(3=9,"Parar coberturas — lavar suave",IF(3=10,"Semana extra (sativa)",IF(3=11,"Semana extra",IF(3=12,"Última semana — observar tricomas","")))))))))))),IF(3=1,"Personalize suas doses",IF(3=2,"Personalize suas doses",IF(3=3,"Personalize suas doses",IF(3=4,"Personalize suas doses",IF(3=5,"Personalize suas doses",IF(3=6,"Personalize suas doses",IF(3=7,"Personalize suas doses",IF(3=8,"Personalize suas doses",IF(3=9,"Personalize suas doses",IF(3=10,"Personalize suas doses",IF(3=11,"Personalize suas doses",IF(3=12,"Personalize suas doses",""))))))))))))))))))) -> Início do enchimento
